time_s,edge_id,pos_on_edge_m,velocity_mps,odometer_m,throttle,brake,native_brake_handle,brake_pipe_psi,cylinder_psi,diesel_rpm,motive_force_n,brake_force_n,friction_force_n,gravity_force_n
0,e384,147.5724,0,0,0,1,0.8,50.7632065,70,449.99826,0,479937.7734375,10149.82373046875,0
0.05,e384,147.5724,0,0,0,1,0.8,50.7632065,70,449.99826,0,479937.7734375,10149.82373046875,0
0.1,e384,147.5724,0,0,0,1,0.8,50.7632065,70,449.99826,0,479937.7734375,10149.82373046875,0
0.15000000000000002,e384,147.5724,0,0,0,1,0.8,50.7632065,70,449.99826,0,479937.7734375,10149.82373046875,0
0.2,e384,147.5724,0,0,0,1,0.8,50.7632065,70,449.99826,0,479937.7734375,10149.82373046875,0
0.25,e384,147.5724,0,0,0,1,0.8,50.7632065,70,449.99826,0,479937.7734375,10149.82373046875,0
0.30000000000000004,e384,147.5724,0,0,0,1,0.8,50.7632065,70,449.99826,0,479937.7734375,10149.82373046875,0
0.35000000000000003,e384,147.5724,0,0,0,1,0.8,50.7632065,70,449.99826,0,479937.7734375,10149.82373046875,0
0.4,e384,147.5724,0,0,0,1,0.8,50.7632065,70,449.99826,0,479937.7734375,10149.82373046875,0
0.45,e384,147.5724,0,0,0,1,0.8,50.7632065,70,449.99826,0,479937.7734375,10149.82373046875,0
0.5,e384,147.5724,0,0,0,1,0.8,50.7632065,70,449.99826,0,479937.7734375,10149.82373046875,0
0.55,e384,147.5724,0,0,0,1,0.8,50.7632065,70,449.99826,0,479937.7734375,10149.82373046875,0
0.60000000000000009,e384,147.5724,0,0,0,1,0.8,50.7632065,70,449.99826,0,479937.7734375,10149.82373046875,0
0.65,e384,147.5724,0,0,0,1,0.8,50.7632065,70,449.99826,0,479937.7734375,10149.82373046875,0
0.70000000000000007,e384,147.5724,0,0,0,1,0.8,50.7632065,70,449.99826,0,479937.7734375,10149.82373046875,0
0.75,e384,147.5724,0,0,0,1,0.8,50.7632065,70,449.99826,0,479937.7734375,10149.82373046875,0
0.8,e384,147.5724,0,0,0,1,0.8,50.7632065,70,449.99826,0,479937.7734375,10149.82373046875,0
0.85000000000000009,e384,147.5724,0,0,0,1,0.8,50.7632065,70,449.99826,0,479937.7734375,10149.82373046875,0
0.9,e384,147.5724,0,0,0,1,0.8,50.7632065,70,449.99826,0,479937.7734375,10149.82373046875,0
0.95000000000000007,e384,147.5724,0,0,0,1,0.8,50.7632065,70,449.99826,0,479937.7734375,10149.82373046875,0
1,e384,147.5724,0,0,0,1,0.8,50.7632065,70,449.99826,0,479937.7734375,10149.82373046875,0
1.05,e384,147.5724,0,0,0,1,0.8,50.7632065,70,449.99826,0,479937.7734375,10149.82373046875,0
1.1,e384,147.5724,0,0,0,1,0.8,50.7632065,70,449.99826,0,479937.7734375,10149.82373046875,0
1.1500000000000001,e384,147.5724,0,0,0,1,0.8,50.7632065,70,449.99826,0,479937.7734375,10149.82373046875,0
1.2000000000000002,e384,147.5724,0,0,0,1,0.8,50.7632065,70,449.99826,0,479937.7734375,10149.82373046875,0
1.25,e384,147.5724,0,0,0,1,0.8,50.7632065,70,449.99826,0,479937.7734375,10149.82373046875,0
1.3,e384,147.5724,0,0,0,1,0.8,50.7632065,70,449.99826,0,479937.7734375,10149.82373046875,0
1.35,e384,147.5724,0,0,0,1,0.8,50.7632065,70,449.99826,0,479937.7734375,10149.82373046875,0
1.4000000000000001,e384,147.5724,0,0,0,1,0.8,50.7632065,70,449.99826,0,479937.7734375,10149.82373046875,0
1.4500000000000002,e384,147.5724,0,0,0,1,0.8,50.7632065,70,449.99826,0,479937.7734375,10149.82373046875,0
1.5,e384,147.5724,0,0,0,1,0.8,50.7632065,70,449.99826,0,479937.7734375,10149.82373046875,0
1.55,e384,147.5724,0,0,0,1,0.8,50.7632065,70,449.99826,0,479937.7734375,10149.82373046875,0
1.6,e384,147.5724,0,0,0,1,0.8,50.7632065,70,449.99826,0,479937.7734375,10149.82373046875,0
1.6500000000000001,e384,147.5724,0,0,0,1,0.8,50.7632065,70,449.99826,0,479937.7734375,10149.82373046875,0
1.7000000000000002,e384,147.5724,0,0,0,1,0.8,50.7632065,70,449.99826,0,479937.7734375,10149.82373046875,0
1.75,e384,147.5724,0,0,0,1,0.8,50.7632065,70,449.99826,0,479937.7734375,10149.82373046875,0
1.8,e384,147.5724,0,0,0,1,0.8,50.7632065,70,449.99826,0,479937.7734375,10149.82373046875,0
1.85,e384,147.5724,0,0,0,1,0.8,50.7632065,70,449.99826,0,479937.7734375,10149.82373046875,0
1.9000000000000001,e384,147.5724,0,0,0,1,0.8,50.7632065,70,449.99826,0,479937.7734375,10149.82373046875,0
1.9500000000000002,e384,147.5724,0,0,0,1,0.8,50.7632065,70,449.99826,0,479937.7734375,10149.82373046875,0
2,e384,147.5724,0,0,0,1,0.8,50.7632065,70,449.99826,0,479937.7734375,10149.82373046875,0
2.0500000000000003,e384,147.5724,0,0,0,1,0.8,50.7632065,70,449.99826,0,479937.7734375,10149.82373046875,0
2.1,e384,147.5724,0,0,0,1,0.8,50.7632065,70,449.99826,0,479937.7734375,10149.82373046875,0
2.15,e384,147.5724,0,0,0,1,0.8,50.7632065,70,449.99826,0,479937.7734375,10149.82373046875,0
2.2,e384,147.5724,0,0,0,1,0.8,50.7632065,70,449.99826,0,479937.7734375,10149.82373046875,0
2.25,e384,147.5724,0,0,0,1,0.8,50.7632065,70,449.99826,0,479937.7734375,10149.82373046875,0
2.3000000000000003,e384,147.5724,0,0,0,1,0.8,50.7632065,70,449.99826,0,479937.7734375,10149.82373046875,0
2.35,e384,147.5724,0,0,0,1,0.8,50.7632065,70,449.99826,0,479937.7734375,10149.82373046875,0
2.4000000000000004,e384,147.5724,0,0,0,1,0.8,50.7632065,70,449.99826,0,479937.7734375,10149.82373046875,0
2.45,e384,147.5724,0,0,0,1,0.8,50.7632065,70,449.99826,0,479937.7734375,10149.82373046875,0
2.5,e384,147.5724,0,0,0,1,0.8,50.7632065,70,449.99826,0,479937.7734375,10149.82373046875,0
2.5500000000000003,e384,147.5724,0,0,0,1,0.8,50.7632065,70,449.99826,0,479937.7734375,10149.82373046875,0
2.6,e384,147.5724,0,0,0,1,0.8,50.7632065,70,449.99826,0,479937.7734375,10149.82373046875,0
2.6500000000000004,e384,147.5724,0,0,0,1,0.8,50.7632065,70,449.99826,0,479937.7734375,10149.82373046875,0
2.7,e384,147.5724,0,0,0,1,0.8,50.7632065,70,449.99826,0,479937.7734375,10149.82373046875,0
2.75,e384,147.5724,0,0,0,1,0.8,50.7632065,70,449.99826,0,479937.7734375,10149.82373046875,0
2.8000000000000003,e384,147.5724,0,0,0,1,0.8,50.7632065,70,449.99826,0,479937.7734375,10149.82373046875,0
2.85,e384,147.5724,0,0,0,1,0.8,50.7632065,70,449.99826,0,479937.7734375,10149.82373046875,0
2.9000000000000004,e384,147.5724,0,0,0,1,0.8,50.7632065,70,449.99826,0,479937.7734375,10149.82373046875,0
2.95,e384,147.5724,0,0,0,1,0.8,50.7632065,70,449.99826,0,479937.7734375,10149.82373046875,0
3,e384,147.5724,0,0,0,1,0.8,50.7632065,70,449.99826,0,479937.7734375,10149.82373046875,0
3.0500000000000003,e384,147.5724,0,0,0,1,0.8,50.7632065,70,449.99826,0,479937.7734375,10149.82373046875,0
3.1,e384,147.5724,0,0,0,1,0.8,50.7632065,70,449.99826,0,479937.7734375,10149.82373046875,0
3.1500000000000004,e384,147.5724,0,0,0,1,0.8,50.7632065,70,449.99826,0,479937.7734375,10149.82373046875,0
3.2,e384,147.5724,0,0,0,1,0.8,50.7632065,70,449.99826,0,479937.7734375,10149.82373046875,0
3.25,e384,147.5724,0,0,0,1,0.8,50.7632065,70,449.99826,0,479937.7734375,10149.82373046875,0
3.3000000000000003,e384,147.5724,0,0,0,1,0.8,50.7632065,70,449.99826,0,479937.7734375,10149.82373046875,0
3.35,e384,147.5724,0,0,0,1,0.8,50.7632065,70,449.99826,0,479937.7734375,10149.82373046875,0
3.4000000000000004,e384,147.5724,0,0,0,1,0.8,50.7632065,70,449.99826,0,479937.7734375,10149.82373046875,0
3.45,e384,147.5724,0,0,0,1,0.8,50.7632065,70,449.99826,0,479937.7734375,10149.82373046875,0
3.5,e384,147.5724,0,0,0,1,0.8,50.7632065,70,449.99826,0,479937.7734375,10149.82373046875,0
3.5500000000000003,e384,147.5724,0,0,0,1,0.8,50.7632065,70,449.99826,0,479937.7734375,10149.82373046875,0
3.6,e384,147.5724,0,0,0,1,0.8,50.7632065,70,449.99826,0,479937.7734375,10149.82373046875,0
3.6500000000000004,e384,147.5724,0,0,0,1,0.8,50.7632065,70,449.99826,0,479937.7734375,10149.82373046875,0
3.7,e384,147.5724,0,0,0,1,0.8,50.7632065,70,449.99826,0,479937.7734375,10149.82373046875,0
3.75,e384,147.5724,0,0,0,1,0.8,50.7632065,70,449.99826,0,479937.7734375,10149.82373046875,0
3.8000000000000003,e384,147.5724,0,0,0,1,0.8,50.7632065,70,449.99826,0,479937.7734375,10149.82373046875,0
3.85,e384,147.5724,0,0,0,1,0.8,50.7632065,70,449.99826,0,479937.7734375,10149.82373046875,0
3.9000000000000004,e384,147.5724,0,0,0,1,0.8,50.7632065,70,449.99826,0,479937.7734375,10149.82373046875,0
3.95,e384,147.5724,0,0,0,1,0.8,50.7632065,70,449.99826,0,479937.7734375,10149.82373046875,0
4,e384,147.5724,0,0,0,1,0.8,50.7632065,70,449.99826,0,479937.7734375,10149.82373046875,0
4.05,e384,147.5724,0,0,0,1,0.8,50.7632065,70,449.99826,0,479937.7734375,10149.82373046875,0
4.1000000000000005,e384,147.5724,0,0,0,1,0.8,50.7632065,70,449.99826,0,479937.7734375,10149.82373046875,0
4.15,e384,147.5724,0,0,0,1,0.8,50.7632065,70,449.99826,0,479937.7734375,10149.82373046875,0
4.2,e384,147.5724,0,0,0,1,0.8,50.7632065,70,449.99826,0,479937.7734375,10149.82373046875,0
4.25,e384,147.5724,0,0,0,1,0.8,50.7632065,70,449.99826,0,479937.7734375,10149.82373046875,0
4.3,e384,147.5724,0,0,0,1,0.8,50.7632065,70,449.99826,0,479937.7734375,10149.82373046875,0
4.3500000000000005,e384,147.5724,0,0,0,1,0.8,50.7632065,70,449.99826,0,479937.7734375,10149.82373046875,0
4.4,e384,147.5724,0,0,0,1,0.8,50.7632065,70,449.99826,0,479937.7734375,10149.82373046875,0
4.45,e384,147.5724,0,0,0,1,0.8,50.7632065,70,449.99826,0,479937.7734375,10149.82373046875,0
4.5,e384,147.5724,0,0,0,1,0.8,50.7632065,70,449.99826,0,479937.7734375,10149.82373046875,0
4.55,e384,147.5724,0,0,0,1,0.8,50.7632065,70,449.99826,0,479937.7734375,10149.82373046875,0
4.6000000000000005,e384,147.5724,0,0,0,1,0.8,50.7632065,70,449.99826,0,479937.7734375,10149.82373046875,0
4.65,e384,147.5724,0,0,0,1,0.8,50.7632065,70,449.99826,0,479937.7734375,10149.82373046875,0
4.7,e384,147.5724,0,0,0,1,0.8,50.7632065,70,449.99826,0,479937.7734375,10149.82373046875,0
4.75,e384,147.5724,0,0,0,1,0.8,50.7632065,70,449.99826,0,479937.7734375,10149.82373046875,0
4.8000000000000007,e384,147.5724,0,0,0,1,0.8,50.7632065,70,449.99826,0,479937.7734375,10149.82373046875,0
4.8500000000000005,e384,147.5724,0,0,0,1,0.8,50.7632065,70,449.99826,0,479937.7734375,10149.82373046875,0
4.9,e384,147.5724,0,0,0,1,0.8,50.7632065,70,449.99826,0,479937.7734375,10149.82373046875,0
4.95,e384,147.5724,0,0,0,1,0.8,50.7632065,70,449.99826,0,479937.7734375,10149.82373046875,0
5,e384,147.5724,0,0,0,1,0.8,50.7632065,70,449.99826,0,479937.7734375,10149.82373046875,0
5.0500000000000007,e384,147.5724,0,0,0,1,0.8,50.7632065,70,449.99826,0,479937.7734375,10149.82373046875,0
5.1000000000000005,e384,147.5724,0,0,0,1,0.8,50.7632065,70,449.99826,0,479937.7734375,10149.82373046875,0
5.15,e384,147.5724,0,0,0,1,0.8,50.7632065,70,449.99826,0,479937.7734375,10149.82373046875,0
5.2,e384,147.5724,0,0,0,1,0.8,50.7632065,70,449.99826,0,479937.7734375,10149.82373046875,0
5.25,e384,147.5724,0,0,0,1,0.8,50.7632065,70,449.99826,0,479937.7734375,10149.82373046875,0
5.3000000000000007,e384,147.5724,0,0,0,1,0.8,50.7632065,70,449.99826,0,479937.7734375,10149.82373046875,0
5.3500000000000005,e384,147.5724,0,0,0,1,0.8,50.7632065,70,449.99826,0,479937.7734375,10149.82373046875,0
5.4,e384,147.5724,0,0,0,1,0.8,50.7632065,70,449.99826,0,479937.7734375,10149.82373046875,0
5.45,e384,147.5724,0,0,0,1,0.8,50.7632065,70,449.99826,0,479937.7734375,10149.82373046875,0
5.5,e384,147.5724,0,0,0,1,0.8,50.7632065,70,449.99826,0,479937.7734375,10149.82373046875,0
5.5500000000000007,e384,147.5724,0,0,0,1,0.8,50.7632065,70,449.99826,0,479937.7734375,10149.82373046875,0
5.6000000000000005,e384,147.5724,0,0,0,1,0.8,50.7632065,70,449.99826,0,479937.7734375,10149.82373046875,0
5.65,e384,147.5724,0,0,0,1,0.8,50.7632065,70,449.99826,0,479937.7734375,10149.82373046875,0
5.7,e384,147.5724,0,0,0,1,0.8,50.7632065,70,449.99826,0,479937.7734375,10149.82373046875,0
5.75,e384,147.5724,0,0,0,1,0.8,50.7632065,70,449.99826,0,479937.7734375,10149.82373046875,0
5.8000000000000007,e384,147.5724,0,0,0,1,0.8,50.7632065,70,449.99826,0,479937.7734375,10149.82373046875,0
5.8500000000000005,e384,147.5724,0,0,0,1,0.8,50.7632065,70,449.99826,0,479937.7734375,10149.82373046875,0
5.9,e384,147.5724,0,0,0,1,0.8,50.7632065,70,449.99826,0,479937.7734375,10149.82373046875,0
5.95,e384,147.5724,0,0,0,1,0.8,50.7632065,70,449.99826,0,479937.7734375,10149.82373046875,0
6,e384,147.5724,0,0,0,1,0.8,50.7632065,70,449.99826,0,479937.7734375,10149.82373046875,0
6.0500000000000007,e384,147.5724,0,0,0,1,0.8,50.7632065,70,449.99826,0,479937.7734375,10149.82373046875,0
6.1000000000000005,e384,147.5724,0,0,0,1,0.8,50.7632065,70,449.99826,0,479937.7734375,10149.82373046875,0
6.15,e384,147.5724,0,0,0,1,0.8,50.7632065,70,449.99826,0,479937.7734375,10149.82373046875,0
6.2,e384,147.5724,0,0,0,1,0.8,50.7632065,70,449.99826,0,479937.7734375,10149.82373046875,0
6.25,e384,147.5724,0,0,0,1,0.8,50.7632065,70,449.99826,0,479937.7734375,10149.82373046875,0
6.3000000000000007,e384,147.5724,0,0,0,1,0.8,50.7632065,70,449.99826,0,479937.7734375,10149.82373046875,0
6.3500000000000005,e384,147.5724,0,0,0,1,0.8,50.7632065,70,449.99826,0,479937.7734375,10149.82373046875,0
6.4,e384,147.5724,0,0,0,1,0.8,50.7632065,70,449.99826,0,479937.7734375,10149.82373046875,0
6.45,e384,147.5724,0,0,0,1,0.8,50.7632065,70,449.99826,0,479937.7734375,10149.82373046875,0
6.5,e384,147.5724,0,0,0,1,0.8,50.7632065,70,449.99826,0,479937.7734375,10149.82373046875,0
6.5500000000000007,e384,147.5724,0,0,0,1,0.8,50.7632065,70,449.99826,0,479937.7734375,10149.82373046875,0
6.6000000000000005,e384,147.5724,0,0,0,1,0.8,50.7632065,70,449.99826,0,479937.7734375,10149.82373046875,0
6.65,e384,147.5724,0,0,0,1,0.8,50.7632065,70,449.99826,0,479937.7734375,10149.82373046875,0
6.7,e384,147.5724,0,0,0,1,0.8,50.7632065,70,449.99826,0,479937.7734375,10149.82373046875,0
6.75,e384,147.5724,0,0,0,1,0.8,50.7632065,70,449.99826,0,479937.7734375,10149.82373046875,0
6.8000000000000007,e384,147.5724,0,0,0,1,0.8,50.7632065,70,449.99826,0,479937.7734375,10149.82373046875,0
6.8500000000000005,e384,147.5724,0,0,0,1,0.8,50.7632065,70,449.99826,0,479937.7734375,10149.82373046875,0
6.9,e384,147.5724,0,0,0,1,0.8,50.7632065,70,449.99826,0,479937.7734375,10149.82373046875,0
6.95,e384,147.5724,0,0,0,1,0.8,50.7632065,70,449.99826,0,479937.7734375,10149.82373046875,0
7,e384,147.5724,0,0,0,1,0.8,50.7632065,70,449.99826,0,479937.7734375,10149.82373046875,0
7.0500000000000007,e384,147.5724,0,0,0,1,0.8,50.7632065,70,449.99826,0,479937.7734375,10149.82373046875,0
7.1000000000000005,e384,147.5724,0,0,0,1,0.8,50.7632065,70,449.99826,0,479937.7734375,10149.82373046875,0
7.15,e384,147.5724,0,0,0,1,0.8,50.7632065,70,449.99826,0,479937.7734375,10149.82373046875,0
7.2,e384,147.5724,0,0,0,1,0.8,50.7632065,70,449.99826,0,479937.7734375,10149.82373046875,0
7.25,e384,147.5724,0,0,0,1,0.8,50.7632065,70,449.99826,0,479937.7734375,10149.82373046875,0
7.3000000000000007,e384,147.5724,0,0,0,1,0.8,50.7632065,70,449.99826,0,479937.7734375,10149.82373046875,0
7.3500000000000005,e384,147.5724,0,0,0,1,0.8,50.7632065,70,449.99826,0,479937.7734375,10149.82373046875,0
7.4,e384,147.5724,0,0,0,1,0.8,50.7632065,70,449.99826,0,479937.7734375,10149.82373046875,0
7.45,e384,147.5724,0,0,0,1,0.8,50.7632065,70,449.99826,0,479937.7734375,10149.82373046875,0
7.5,e384,147.5724,0,0,0,1,0.8,50.7632065,70,449.99826,0,479937.7734375,10149.82373046875,0
7.5500000000000007,e384,147.5724,0,0,0,1,0.8,50.7632065,70,449.99826,0,479937.7734375,10149.82373046875,0
7.6000000000000005,e384,147.5724,0,0,0,1,0.8,50.7632065,70,449.99826,0,479937.7734375,10149.82373046875,0
7.65,e384,147.5724,0,0,0,1,0.8,50.7632065,70,449.99826,0,479937.7734375,10149.82373046875,0
7.7,e384,147.5724,0,0,0,1,0.8,50.7632065,70,449.99826,0,479937.7734375,10149.82373046875,0
7.75,e384,147.5724,0,0,0,1,0.8,50.7632065,70,449.99826,0,479937.7734375,10149.82373046875,0
7.8000000000000007,e384,147.5724,0,0,0,1,0.8,50.7632065,70,449.99826,0,479937.7734375,10149.82373046875,0
7.8500000000000005,e384,147.5724,0,0,0,1,0.8,50.7632065,70,449.99826,0,479937.7734375,10149.82373046875,0
7.9,e384,147.5724,0,0,0,1,0.8,50.7632065,70,449.99826,0,479937.7734375,10149.82373046875,0
7.95,e384,147.5724,0,0,0,1,0.8,50.7632065,70,449.99826,0,479937.7734375,10149.82373046875,0
8,e384,147.5724,0,0,0,1,0.8,50.7632065,70,449.99826,0,479937.7734375,10149.82373046875,0
8.05,e384,147.5724,0,0,0,1,0.8,50.7632065,70,449.99826,0,479937.7734375,10149.82373046875,0
8.1,e384,147.5724,0,0,0,1,0.8,50.7632065,70,449.99826,0,479937.7734375,10149.82373046875,0
8.15,e384,147.5724,0,0,0,1,0.8,50.7632065,70,449.99826,0,479937.7734375,10149.82373046875,0
8.2000000000000011,e384,147.5724,0,0,0,1,0.8,50.7632065,70,449.99826,0,479937.7734375,10149.82373046875,0
8.25,e384,147.5724,0,0,0,1,0.8,50.7632065,70,449.99826,0,479937.7734375,10149.82373046875,0
8.3,e384,147.5724,0,0,0,1,0.8,50.7632065,70,449.99826,0,479937.7734375,10149.82373046875,0
8.35,e384,147.5724,0,0,0,1,0.8,50.7632065,70,449.99826,0,479937.7734375,10149.82373046875,0
8.4,e384,147.5724,0,0,0,1,0.8,50.7632065,70,449.99826,0,479937.7734375,10149.82373046875,0
8.4500000000000011,e384,147.5724,0,0,0,1,0.8,50.7632065,70,449.99826,0,479937.7734375,10149.82373046875,0
8.5,e384,147.5724,0,0,0,1,0.8,50.7632065,70,449.99826,0,479937.7734375,10149.82373046875,0
8.55,e384,147.5724,0,0,0,1,0.8,50.7632065,70,449.99826,0,479937.7734375,10149.82373046875,0
8.6,e384,147.5724,0,0,0,1,0.8,50.7632065,70,449.99826,0,479937.7734375,10149.82373046875,0
8.65,e384,147.5724,0,0,0,1,0.8,50.7632065,70,449.99826,0,479937.7734375,10149.82373046875,0
8.7000000000000011,e384,147.5724,0,0,0,1,0.8,50.7632065,70,449.99826,0,479937.7734375,10149.82373046875,0
8.75,e384,147.5724,0,0,0,1,0.8,50.7632065,70,449.99826,0,479937.7734375,10149.82373046875,0
8.8,e384,147.5724,0,0,0,1,0.8,50.7632065,70,449.99826,0,479937.7734375,10149.82373046875,0
8.85,e384,147.5724,0,0,0,1,0.8,50.7632065,70,449.99826,0,479937.7734375,10149.82373046875,0
8.9,e384,147.5724,0,0,0,1,0.8,50.7632065,70,449.99826,0,479937.7734375,10149.82373046875,0
8.9500000000000011,e384,147.5724,0,0,0,1,0.8,50.7632065,70,449.99826,0,479937.7734375,10149.82373046875,0
9,e384,147.5724,0,0,0,1,0.8,50.7632065,70,449.99826,0,479937.7734375,10149.82373046875,0
9.05,e384,147.5724,0,0,0,1,0.8,50.7632065,70,449.99826,0,479937.7734375,10149.82373046875,0
9.1,e384,147.5724,0,0,0,1,0.8,50.7632065,70,449.99826,0,479937.7734375,10149.82373046875,0
9.15,e384,147.5724,0,0,0,1,0.8,50.7632065,70,449.99826,0,479937.7734375,10149.82373046875,0
9.2000000000000011,e384,147.5724,0,0,0,1,0.8,50.7632065,70,449.99826,0,479937.7734375,10149.82373046875,0
9.25,e384,147.5724,0,0,0,1,0.8,50.7632065,70,449.99826,0,479937.7734375,10149.82373046875,0
9.3,e384,147.5724,0,0,0,1,0.8,50.7632065,70,449.99826,0,479937.7734375,10149.82373046875,0
9.35,e384,147.5724,0,0,0,1,0.8,50.7632065,70,449.99826,0,479937.7734375,10149.82373046875,0
9.4,e384,147.5724,0,0,0,1,0.8,50.7632065,70,449.99826,0,479937.7734375,10149.82373046875,0
9.4500000000000011,e384,147.5724,0,0,0,1,0.8,50.7632065,70,449.99826,0,479937.7734375,10149.82373046875,0
9.5,e384,147.5724,0,0,0,1,0.8,50.7632065,70,449.99826,0,479937.7734375,10149.82373046875,0
9.55,e384,147.5724,0,0,0,1,0.8,50.7632065,70,449.99826,0,479937.7734375,10149.82373046875,0
9.6000000000000014,e384,147.5724,0,0,0,1,0.8,50.7632065,70,449.99826,0,479937.7734375,10149.82373046875,0
9.65,e384,147.5724,0,0,0,1,0.8,50.7632065,70,449.99826,0,479937.7734375,10149.82373046875,0
9.7000000000000011,e384,147.5724,0,0,0,1,0.8,50.7632065,70,449.99826,0,479937.7734375,10149.82373046875,0
9.75,e384,147.5724,0,0,0,1,0.8,50.7632065,70,449.99826,0,479937.7734375,10149.82373046875,0
9.8,e384,147.5724,0,0,0,1,0.8,50.7632065,70,449.99826,0,479937.7734375,10149.82373046875,0
9.8500000000000014,e384,147.5724,0,0,0,1,0.8,50.7632065,70,449.99826,0,479937.7734375,10149.82373046875,0
9.9,e384,147.5724,0,0,0,1,0.8,50.7632065,70,449.99826,0,479937.7734375,10149.82373046875,0
9.9500000000000011,e384,147.5724,0,0,0,1,0.8,50.7632065,70,449.99826,0,479937.7734375,10149.82373046875,0
10,e384,147.5724,0,0,0,1,0.8,50.7632065,70,449.99826,0,479937.7734375,10149.82373046875,0
10.05,e384,147.5724,0,0,0,0,0.1,51.02897,70,449.99826,0,479937.7734375,10149.82373046875,0
10.100000000000001,e384,147.5724,0,0,0,0,0.1,51.2940826,70,449.99826,0,479937.7734375,10149.82373046875,0
10.15,e384,147.5724,0,0,0,0,0.1,51.5775871,70,449.99826,0,479937.7734375,10149.82373046875,0
10.200000000000001,e384,147.5724,0,0,0,0,0.1,51.875164,70,449.99826,0,479937.7734375,10149.82373046875,0
10.25,e384,147.5724,0,0,0,0,0.1,52.18359,70,449.99826,0,479937.7734375,10149.82373046875,0
10.3,e384,147.5724,0,0,0,0,0.1,52.50201,69.4334641,449.99826,0,477345.3671875,10149.82373046875,0
10.350000000000001,e384,147.5724,0,0,0,0,0.1,52.8262863,68.7057343,449.99826,0,474015.3671875,10149.82373046875,0
10.4,e384,147.5724,0,0,0,0,0.1,53.1562157,67.93674,449.99826,0,470496.4609375,10149.82373046875,0
10.450000000000001,e384,147.5724,0,0,0,0,0.1,53.49082,67.1621,449.99826,0,466951.8046875,10149.82373046875,0
10.5,e384,147.5724,0,0,0,0,0.1,53.8293571,66.39227,449.99826,0,462301.72265625,10149.82373046875,0
10.55,e384,147.5724,0,0,0,0,0.1,54.1775055,65.63019,449.99826,0,457445.6171875,10149.82373046875,0
10.600000000000001,e384,147.5724,0,0,0,0,0.1,54.52764,64.87667,449.99826,0,452671.5234375,10149.82373046875,0
10.65,e384,147.5724,0,0,0,0,0.1,54.8794632,64.13178,449.99826,0,447932.4609375,10149.82373046875,0
10.700000000000001,e384,147.5724,0,0,0,0,0.1,55.23274,63.39555,449.99826,0,443213.1328125,10149.82373046875,0
10.75,e384,147.5724,0,0,0,0,0.1,55.5872459,62.6678848,449.99826,0,438531.31640625,10149.82373046875,0
10.8,e384,147.5724,0,0,0,0,0.1,55.9428368,61.94866,449.99826,0,433890.79296875,10149.82373046875,0
10.850000000000001,e384,147.5724,0,0,0,0,0.1,56.29935,61.23777,449.99826,0,429292.39453125,10149.82373046875,0
10.9,e384,147.5724,0,0,0,0,0.1,56.656662,60.5351524,449.99826,0,424736.0859375,10149.82373046875,0
10.950000000000001,e384,147.5724,0,0,0,0,0.1,57.01466,59.84069,449.99826,0,420221.4375,10149.82373046875,0
11,e384,147.5724,0,0,0,0,0.1,57.3732643,59.1542778,449.99826,0,415748.07421875,10149.82373046875,0
11.05,e384,147.5724,0,0,0,0,0.1,57.7323761,58.47582,449.99826,0,411315.59765625,10149.82373046875,0
11.100000000000001,e384,147.5724,0,0,0,0,0.1,58.0919533,57.80523,449.99826,0,406923.6484375,10149.82373046875,0
11.15,e384,147.5724,0,0,0,0,0.1,58.4519234,57.1424141,449.99826,0,402571.87109375,10149.82373046875,0
11.200000000000001,e384,147.5724,0,0,0,0,0.1,58.81223,56.4872627,449.99826,0,398259.8515625,10149.82373046875,0
11.25,e384,147.5724,0,0,0,0,0.1,59.17283,55.8397064,449.99826,0,393987.17578125,10149.82373046875,0
11.3,e384,147.5724,0,0,0,0,0.1,59.5336876,55.199646,449.99826,0,389753.60546875,10149.82373046875,0
11.350000000000001,e384,147.5724,0,0,0,0,0.1,59.8947639,54.56698,449.99826,0,385558.55078125,10149.82373046875,0
11.4,e384,147.5724,0,0,0,0,0.1,60.2560463,53.94163,449.99826,0,381401.85546875,10149.82373046875,0
11.450000000000001,e384,147.5724,0,0,0,0,0.1,60.6174965,53.32352,449.99826,0,377283.140625,10149.82373046875,0
11.5,e384,147.5724,0,0,0,0,0.1,60.979084,52.7125549,449.99826,0,373201.93359375,10149.82373046875,0
11.55,e384,147.5724,0,0,0,0,0.1,61.34081,52.1086349,449.99826,0,369157.953125,10149.82373046875,0
11.600000000000001,e384,147.5724,0,0,0,0,0.1,61.70264,51.5117149,449.99826,0,365150.99609375,10149.82373046875,0
11.65,e384,147.5724,0,0,0,0,0.1,62.06457,50.92167,449.99826,0,361180.5078125,10149.82373046875,0
11.700000000000001,e384,147.5724,0,0,0,0,0.1,62.4265862,50.33844,449.99826,0,357246.2421875,10149.82373046875,0
11.75,e384,147.5724,0,0,0,0,0.1,62.7886772,49.77382,449.99826,0,353402.2578125,10149.82373046875,0
11.8,e384,147.5724,0,0,0,0,0.1,63.1508331,49.2227631,449.99826,0,349625.46484375,10149.82373046875,0
11.850000000000001,e384,147.5724,0,0,0,0,0.1,63.5130463,48.66264,449.99826,0,345812.3125,10149.82373046875,0
11.9,e384,147.5724,0,0,0,0,0.1,63.87531,48.105526,449.99826,0,342018.21875,10149.82373046875,0
11.950000000000001,e384,147.5724,0,0,0,0,0.1,64.23762,47.55408,449.99826,0,338255.25,10149.82373046875,0
12,e384,147.5724,0,0,0,0,0.1,64.59995,47.00888,449.99826,0,334526.12109375,10149.82373046875,0
12.05,e384,147.5724,0,0,0,0,0.1,64.96233,46.4699364,449.99826,0,330831.04296875,10149.82373046875,0
12.100000000000001,e384,147.5724,0,0,0,0,0.1,65.32474,45.9372368,449.99826,0,327169.7890625,10149.82373046875,0
12.15,e384,147.5724,0,0,0,0,0.1,65.68716,45.4106941,449.99826,0,323542.02734375,10149.82373046875,0
12.200000000000001,e384,147.5724,0,0,0,0,0.1,66.0466461,44.8902435,449.99826,0,319947.640625,10149.82373046875,0
12.25,e384,147.5724,0,0,0,0,0.1,66.40128,44.3758163,449.99826,0,316386.26953125,10149.82373046875,0
12.3,e384,147.5724,0,0,0,0,0.1,66.74943,43.8673325,449.99826,0,312857.546875,10149.82373046875,0
12.350000000000001,e384,147.5724,0,0,0,0,0.1,67.08957,43.36473,449.99826,0,309361.1640625,10149.82373046875,0
12.4,e384,147.5724,0,0,0,0,0.1,67.42035,42.8679276,449.99826,0,305896.9375,10149.82373046875,0
12.450000000000001,e384,147.5724,0,0,0,0,0.1,67.74054,42.376873,449.99826,0,302464.49609375,10149.82373046875,0
12.5,e384,147.5724,0,0,0,0,0.1,68.049,41.8914871,449.99826,0,299063.68359375,10149.82373046875,0
12.55,e384,147.5724,0,0,0,0,0.1,68.34474,41.4117,449.99826,0,295694.01171875,10149.82373046875,0
12.600000000000001,e384,147.5724,0,0,0,0,0.1,68.62684,40.9374466,449.99826,0,292355.2890625,10149.82373046875,0
12.65,e384,147.5724,0,0,0,0,0.1,68.89455,40.4686775,449.99826,0,289047.390625,10149.82373046875,0
12.700000000000001,e384,147.5724,0,0,0,0,0.1,69.1472244,40.0053139,449.99826,0,285769.8046875,10149.82373046875,0
12.75,e384,147.5724,0,0,0,0,0.1,69.38445,39.5472832,449.99826,0,282522.40234375,10149.82373046875,0
12.8,e384,147.5724,0,0,0,0,0.1,69.6061,39.0945358,449.99826,0,279304.953125,10149.82373046875,0
12.850000000000001,e384,147.5724,0,0,0,0,0.1,69.8122559,38.6470146,449.99826,0,276117.04296875,10149.82373046875,0
12.9,e384,147.5724,0,0,0,0,0.1,70.0034,38.2046471,449.99826,0,272958.5546875,10149.82373046875,0
12.950000000000001,e384,147.5724,0,0,0,0,0.1,70.1803741,37.7673836,449.99826,0,269829.234375,10149.82373046875,0
13,e384,147.5724,0,0,0,0,0.1,70.34431,37.33514,449.99826,0,266728.68359375,10149.82373046875,0
13.05,e384,147.5724,0,0,0,0,0.1,70.49658,36.9078827,449.99826,0,263734.18359375,10149.82373046875,0
13.100000000000001,e384,147.5724,0,0,0,0,0.1,70.63859,36.48555,449.99826,0,261406.98046875,10149.82373046875,0
13.15,e384,147.5724,0,0,0,0,0.1,70.77055,36.0680771,449.99826,0,259092.09375,10149.82373046875,0
13.200000000000001,e384,147.5724,0,0,0,0,0.1,70.8948,35.6554031,449.99826,0,256789.68359375,10149.82373046875,0
13.25,e384,147.5724,0,0,0,0,0.1,71.01265,35.2474861,449.99826,0,254499.53515625,10149.82373046875,0
13.3,e384,147.5724,0,0,0,0,0.1,71.12451,34.8442574,449.99826,0,252221.68359375,10149.82373046875,0
13.350000000000001,e384,147.5724,0,0,0,0,0.1,71.2307358,34.44567,449.99826,0,249955.9609375,10149.82373046875,0
13.4,e384,147.5724,0,0,0,0,0.1,71.33161,34.0516624,449.99826,0,247702.40625,10149.82373046875,0
13.450000000000001,e384,147.5724,0,0,0,0,0.1,71.4274139,33.66219,449.99826,0,245460.83203125,10149.82373046875,0
13.5,e384,147.5724,0,0,0,0,0.1,71.51842,33.277195,449.99826,0,243231.31640625,10149.82373046875,0
13.55,e384,147.5724,0,0,0,0,0.1,71.60486,32.89663,449.99826,0,241013.61328125,10149.82373046875,0
13.600000000000001,e384,147.5724,0,0,0,0,0.1,71.6869659,32.52043,449.99826,0,238807.8203125,10149.82373046875,0
13.65,e384,147.5724,0,0,0,0,0.1,71.76495,32.1485558,449.99826,0,236613.77734375,10149.82373046875,0
13.700000000000001,e384,147.5724,0,0,0,0,0.1,71.839035,31.78096,449.99826,0,234431.4609375,10149.82373046875,0
13.75,e384,147.5724,0,0,0,0,0.1,71.9094,31.4175777,449.99826,0,232260.77734375,10149.82373046875,0
13.8,e384,147.5724,0,0,0,0,0.1,71.97625,31.058382,449.99826,0,230101.69921875,10149.82373046875,0
13.850000000000001,e384,147.5724,0,0,0,0,0.1,72.03975,30.7033024,449.99826,0,227954.15625,10149.82373046875,0
13.9,e384,147.5724,0,0,0,0,0.1,72.10006,30.3522968,449.99826,0,225818.06640625,10149.82373046875,0
13.950000000000001,e384,147.5724,0,0,0,0,0.1,72.15737,30.0053329,449.99826,0,223693.40234375,10149.82373046875,0
14,e384,147.5724,0,0,0,0,0.1,72.2118,29.66234,449.99826,0,221580.091796875,10149.82373046875,0
14.05,e384,147.5724,0,0,0,0,0.1,72.263504,29.3232918,449.99826,0,219478.0625,10149.82373046875,0
14.100000000000001,e384,147.5724,0,0,0,0,0.1,72.31263,28.9881287,449.99826,0,217387.2265625,10149.82373046875,0
14.15,e384,147.5724,0,0,0,0,0.1,72.35929,28.656826,449.99826,0,215307.654296875,10149.82373046875,0
14.200000000000001,e384,147.5724,0,0,0,0,0.1,72.40362,28.3293133,449.99826,0,213239.1640625,10149.82373046875,0
14.25,e384,147.5724,0,0,0,0,0.1,72.44573,28.0055561,449.99826,0,211181.71484375,10149.82373046875,0
14.3,e384,147.5724,0,0,0,0,0.1,72.48573,27.6855145,449.99826,0,209135.31640625,10149.82373046875,0
14.350000000000001,e384,147.5724,0,0,0,0,0.1,72.5197144,27.3691483,449.99826,0,207099.787109375,10149.82373046875,0
14.4,e384,147.5724,0,0,0,0,0.1,72.52037,27.0564156,449.99826,0,205075.296875,10149.82373046875,0
14.450000000000001,e384,147.5724,0,0,0,0,0.1,72.52046,26.7472553,449.99826,0,203061.57421875,10149.82373046875,0
14.5,e384,147.5724,0,0,0,0,0.1,72.52047,26.4416523,449.99826,0,201058.673828125,10149.82373046875,0
14.55,e384,147.5724,0,0,0,0,0.1,72.52047,26.1395378,449.99826,0,199066.48828125,10149.82373046875,0
14.600000000000001,e384,147.5724,0,0,0,0,0.1,72.52047,25.8408985,449.99826,0,197085.017578125,10149.82373046875,0
14.65,e384,147.5724,0,0,0,0,0.1,72.52047,25.5456867,449.99826,0,195114.232421875,10149.82373046875,0
14.700000000000001,e384,147.5724,0,0,0,0,0.1,72.52047,25.253849,449.99826,0,193153.9765625,10149.82373046875,0
14.75,e384,147.5724,0,0,0,0,0.1,72.52047,24.9653549,449.99826,0,191204.31640625,10149.82373046875,0
14.8,e384,147.5724,0,0,0,0,0.1,72.52047,24.6801758,449.99826,0,189265.150390625,10149.82373046875,0
14.850000000000001,e384,147.5724,0,0,0,0,0.1,72.52047,24.39825,449.99826,0,187336.38671875,10149.82373046875,0
14.9,e384,147.5724,0,0,0,0,0.1,72.52047,24.1195736,449.99826,0,185418.091796875,10149.82373046875,0
14.950000000000001,e384,147.5724,0,0,0,0,0.1,72.52047,23.84408,449.99826,0,183510.14453125,10149.82373046875,0
15,e384,147.5724,0,0,0,0,0.1,72.5204544,23.5717354,449.99826,0,181612.4765625,10149.82373046875,0
15.05,e384,147.5724,0,0,0,0,0.1,72.52041,23.3025227,449.99826,0,179725.123046875,10149.82373046875,0
15.100000000000001,e384,147.5724,0,0,0,0,0.1,72.52038,23.03639,449.99826,0,177847.943359375,10149.82373046875,0
15.15,e384,147.5724,0,0,0,0,0.1,72.52035,22.773304,449.99826,0,175980.93359375,10149.82373046875,0
15.200000000000001,e384,147.5724,0,0,0,0,0.1,72.52033,22.5132313,449.99826,0,174124.07421875,10149.82373046875,0
15.25,e384,147.5724,0,0,0,0,0.1,72.52032,22.2561359,449.99826,0,172277.318359375,10149.82373046875,0
15.3,e384,147.5724,0,0,0,0,0.1,72.5203,22.0019855,449.99826,0,170440.6484375,10149.82373046875,0
15.350000000000001,e384,147.5724,0,0,0,0,0.1,72.5202942,21.7507381,449.99826,0,168613.908203125,10149.82373046875,0
15.4,e384,147.5724,0,0,0,0,0.1,72.52029,21.5023746,449.99826,0,166797.126953125,10149.82373046875,0
15.450000000000001,e384,147.5724,0,0,0,0,0.1,72.52028,21.2568512,449.99826,0,164990.326171875,10149.82373046875,0
15.5,e384,147.5724,0,0,0,0,0.1,72.52027,21.01414,449.99826,0,163193.37890625,10149.82373046875,0
15.55,e384,147.5724,0,0,0,0,0.1,72.52027,20.7741966,449.99826,0,161406.19921875,10149.82373046875,0
15.600000000000001,e384,147.5724,0,0,0,0,0.1,72.52026,20.5370159,449.99826,0,159628.953125,10149.82373046875,0
15.65,e384,147.5724,0,0,0,0,0.1,72.52026,20.3025455,449.99826,0,157861.416015625,10149.82373046875,0
15.700000000000001,e384,147.5724,0,0,0,0,0.1,72.52026,20.07075,449.99826,0,156103.59765625,10149.82373046875,0
15.75,e384,147.5724,0,0,0,0,0.1,72.52026,19.8416157,449.99826,0,154355.5,10149.82373046875,0
15.8,e384,147.5724,0,0,0,0,0.1,72.52026,19.6150951,449.99826,0,152617.025390625,10149.82373046875,0
15.850000000000001,e384,147.5724,0,0,0,0,0.1,72.52026,19.3911724,449.99826,0,150888.15625,10149.82373046875,0
15.9,e384,147.5724,0,0,0,0,0.1,72.52026,19.1698055,449.99826,0,149168.810546875,10149.82373046875,0
15.950000000000001,e384,147.5724,0,0,0,0,0.1,72.520256,18.9509773,449.99826,0,147459.0859375,10149.82373046875,0
16,e384,147.5724,0,0,0,0,0.1,72.520256,18.73465,449.99826,0,145758.806640625,10149.82373046875,0
16.05,e384,147.5724,0,0,0,0,0.1,72.520256,18.5207958,449.99826,0,144068.013671875,10149.82373046875,0
16.1,e384,147.5724,0,0,0,0,0.1,72.520256,18.309391,449.99826,0,142386.66796875,10149.82373046875,0
16.150000000000002,e384,147.5724,0,0,0,0,0.1,72.520256,18.1004,449.99826,0,140714.68359375,10149.82373046875,0
16.2,e384,147.5724,0,0,0,0,0.1,72.520256,17.8938046,449.99826,0,139052.095703125,10149.82373046875,0
16.25,e384,147.5724,0,0,0,0,0.1,72.520256,17.68957,449.99826,0,137398.845703125,10149.82373046875,0
16.3,e384,147.5724,0,0,0,0,0.1,72.520256,17.4876652,449.99826,0,135754.77734375,10149.82373046875,0
16.35,e384,147.5724,0,0,0,0,0.1,72.520256,17.2880745,449.99826,0,134120.056640625,10149.82373046875,0
16.400000000000002,e384,147.5724,0,0,0,0,0.1,72.520256,17.0907631,449.99826,0,132494.587890625,10149.82373046875,0
16.45,e384,147.5724,0,0,0,0,0.1,72.520256,16.89571,449.99826,0,130878.240234375,10149.82373046875,0
16.5,e384,147.5724,0,0,0,0,0.1,72.520256,16.7028885,449.99826,0,129271.10546875,10149.82373046875,0
16.55,e384,147.5724,0,0,0,0,0.1,72.520256,16.5122643,449.99826,0,127673.03515625,10149.82373046875,0
16.6,e384,147.5724,0,0,0,0,0.1,72.520256,16.3238277,449.99826,0,126084.15234375,10149.82373046875,0
16.650000000000002,e384,147.5724,0,0,0,0,0.1,72.520195,16.1375351,449.99826,0,124504.234375,10149.82373046875,0
16.7,e384,147.5724,0,0,0,0,0.1,72.51924,15.9533834,449.99826,0,122933.42578125,10149.82373046875,0
16.75,e384,147.5724,0,0,0,0,0.1,72.5189743,15.7713289,449.99826,0,121371.595703125,10149.82373046875,0
16.8,e384,147.5724,0,0,0,0,0.1,72.5189,15.59136,449.99826,0,119818.751953125,10149.82373046875,0
16.85,e384,147.5724,0,0,0,0,0.1,72.5188751,15.4134445,449.99826,0,118274.806640625,10149.82373046875,0
16.900000000000002,e384,147.5724,0,0,0,0,0.1,72.51887,15.237566,449.99826,0,116739.826171875,10149.82373046875,0
16.95,e384,147.5724,0,0,0,0,0.1,72.51887,15.063693,449.99826,0,115213.7119140625,10149.82373046875,0
17,e384,147.5724,0,0,0,0,0.1,72.51887,14.8918056,449.99826,0,113696.423828125,10149.82373046875,0
17.05,e384,147.5724,0,0,0,0,0.1,72.51887,14.7218933,449.99826,0,112187.990234375,10149.82373046875,0
17.1,e384,147.5724,0,0,0,0,0.1,72.51887,14.5539141,449.99826,0,110688.38671875,10149.82373046875,0
17.150000000000002,e384,147.5724,0,0,0,0,0.1,72.51887,14.3878508,449.99826,0,109197.4658203125,10149.82373046875,0
17.2,e384,147.5724,0,0,0,0,0.1,72.51887,14.2236977,449.99826,0,107715.38671875,10149.82373046875,0
17.25,e384,147.5724,0,0,0,0,0.1,72.51887,14.061408,449.99826,0,106241.9326171875,10149.82373046875,0
17.3,e384,147.5724,0,0,0,0,0.1,72.51887,13.90098,449.99826,0,104777.1884765625,10149.82373046875,0
17.35,e384,147.5724,0,0,0,0,0.1,72.51887,13.7423773,449.99826,0,103321.0849609375,10149.82373046875,0
17.400000000000002,e384,147.5724,0,0,0,0,0.1,72.51887,13.5855932,449.99826,0,101873.642578125,10149.82373046875,0
17.45,e384,147.5724,0,0,0,0,0.1,72.51887,13.4306,449.99826,0,100434.7705078125,10149.82373046875,0
17.5,e384,147.5724,0,0,0,0,0.1,72.51887,13.2773762,449.99826,0,99004.4970703125,10149.82373046875,0
17.55,e384,147.5724,0,0,0,0,0.1,72.51887,13.1258965,449.99826,0,97582.6904296875,10149.82373046875,0
17.6,e384,147.5724,0,0,0,0,0.1,72.51887,12.9761581,449.99826,0,96169.5107421875,10149.82373046875,0
17.650000000000002,e384,147.5724,0,0,0,0,0.1,72.51887,12.8281221,449.99826,0,94764.765625,10149.82373046875,0
17.7,e384,147.5724,0,0,0,0,0.1,72.51887,12.6817789,449.99826,0,93368.48046875,10149.82373046875,0
17.75,e384,147.5724,0,0,0,0,0.1,72.51887,12.5371065,449.99826,0,91980.615234375,10149.82373046875,0
17.8,e384,147.5724,0,0,0,0,0.1,72.51887,12.3940907,449.99826,0,90601.2685546875,10149.82373046875,0
17.85,e384,147.5724,0,0,0,0,0.1,72.51887,12.2527008,449.99826,0,89230.1806640625,10149.82373046875,0
17.900000000000002,e384,147.5724,0,0,0,0,0.1,72.51887,12.1129351,449.99826,0,87867.5205078125,10149.82373046875,0
17.95,e384,147.5724,0,0,0,0,0.1,72.51887,11.9747581,449.99826,0,86513.201171875,10149.82373046875,0
18,e384,147.5724,0,0,0,0,0.1,72.51887,11.8381643,449.99826,0,85167.1806640625,10149.82373046875,0
18.05,e384,147.5724,0,0,0,0,0.1,72.51887,11.703125,449.99826,0,83829.3935546875,10149.82373046875,0
18.1,e384,147.5724,0,0,0,0,0.1,72.51887,11.5696306,449.99826,0,82499.943359375,10149.82373046875,0
18.150000000000002,e384,147.5724,0,0,0,0,0.1,72.51887,11.4376574,449.99826,0,81178.650390625,10149.82373046875,0
18.2,e384,147.5724,0,0,0,0,0.1,72.51887,11.3071985,449.99826,0,79865.6201171875,10149.82373046875,0
18.25,e384,147.5724,0,0,0,0,0.1,72.51887,11.1782255,449.99826,0,78560.767578125,10149.82373046875,0
18.3,e384,147.5724,0,0,0,0,0.1,72.51887,11.050724,449.99826,0,77264.0498046875,10149.82373046875,0
18.35,e384,147.5724,0,0,0,0,0.1,72.51887,10.9246788,449.99826,0,75975.4853515625,10149.82373046875,0
18.400000000000002,e384,147.5724,0,0,0,0,0.1,72.51887,10.8000736,449.99826,0,74694.9873046875,10149.82373046875,0
18.45,e384,147.5724,0,0,0,0,0.1,72.51887,10.6768894,449.99826,0,73422.5869140625,10149.82373046875,0
18.5,e384,147.5724,0,0,0,0,0.1,72.51887,10.5551119,449.99826,0,72158.2451171875,10149.82373046875,0
18.55,e384,147.5724,0,0,0,0,0.1,72.51887,10.4347258,449.99826,0,70901.9443359375,10149.82373046875,0
18.6,e384,147.5724,0,0,0,0,0.1,72.51887,10.3157129,449.99826,0,69653.62109375,10149.82373046875,0
18.650000000000002,e384,147.5724,0,0,0,0,0.1,72.51887,10.19806,449.99826,0,68413.3056640625,10149.82373046875,0
18.7,e384,147.5724,0,0,0,0,0.1,72.51887,10.08175,449.99826,0,67180.9482421875,10149.82373046875,0
18.75,e384,147.5724,0,0,0,0,0.1,72.51887,9.966763,449.99826,0,65956.4541015625,10149.82373046875,0
18.8,e384,147.5724,0,0,0,0,0.1,72.51887,9.853099,449.99826,0,64740.0078125,10149.82373046875,0
18.85,e384,147.5724,0,0,0,0,0.1,72.51887,9.74072,449.99826,0,63531.26171875,10149.82373046875,0
18.900000000000002,e384,147.5724,0,0,0,0,0.1,72.51887,9.629634,449.99826,0,62330.513671875,10149.82373046875,0
18.95,e384,147.5724,0,0,0,0,0.1,72.51887,9.519812,449.99826,0,61137.5302734375,10149.82373046875,0
19,e384,147.5724,0,0,0,0,0.1,72.51887,9.41124249,449.99826,0,59952.375,10149.82373046875,0
19.05,e384,147.5724,0,0,0,0,0.1,72.51887,9.303912,449.99826,0,58774.9775390625,10149.82373046875,0
19.1,e384,147.5724,0,0,0,0,0.1,72.51887,9.197809,449.99826,0,57605.359375,10149.82373046875,0
19.150000000000002,e384,147.5724,0,0,0,0,0.1,72.51887,9.092916,449.99826,0,56443.4453125,10149.82373046875,0
19.200000000000003,e384,147.5724,0,0,0,0,0.1,72.51887,8.989218,449.99826,0,55289.2548828125,10149.82373046875,0
19.25,e384,147.5724,0,0,0,0,0.1,72.51887,8.886707,449.99826,0,54142.75244140625,10149.82373046875,0
19.3,e384,147.5724,0,0,0,0,0.1,72.51887,8.785361,449.99826,0,53003.86279296875,10149.82373046875,0
19.35,e384,147.5724,0,0,0,0,0.1,72.51887,8.685178,449.99826,0,51872.67041015625,10149.82373046875,0
19.400000000000002,e384,147.5724,0,0,0,0,0.1,72.51887,8.586138,449.99826,0,50749.0595703125,10149.82373046875,0
19.450000000000003,e384,147.5724,0,0,0,0,0.1,72.51887,8.488221,449.99826,0,49632.974609375,10149.82373046875,0
19.5,e384,147.5724,0,0,0,0,0.1,72.51887,8.391428,449.99826,0,48524.515625,10149.82373046875,0
19.55,e384,147.5724,0,0,0,0,0.1,72.51887,8.29574,449.99826,0,47423.56982421875,10149.82373046875,0
19.6,e384,147.5724,0,0,0,0,0.1,72.51887,8.201139,449.99826,0,46330.099609375,10149.82373046875,0
19.650000000000002,e384,147.5724,0,0,0,0,0.1,72.51887,8.107617,449.99826,0,45244.06982421875,10149.82373046875,0
19.700000000000003,e384,147.5724,0,0,0,0,0.1,72.51887,8.015167,449.99826,0,44165.56005859375,10149.82373046875,0
19.75,e384,147.5724,0,0,0,0,0.1,72.51887,7.923774,449.99826,0,43094.49951171875,10149.82373046875,0
19.8,e384,147.5724,0,0,0,0,0.1,72.51887,7.83341646,449.99826,0,42030.77001953125,10149.82373046875,0
19.85,e384,147.5724,0,0,0,0,0.1,72.51887,7.744096,449.99826,0,40974.41015625,10149.82373046875,0
19.900000000000002,e384,147.5724,0,0,0,0,0.1,72.51887,7.65579033,449.99826,0,39925.419921875,10149.82373046875,0
19.950000000000003,e384,147.5724,0,0,0,0,0.1,72.51887,7.56849337,449.99826,0,38883.75537109375,10149.82373046875,0
20,e384,147.5724,0,0,0,0,0.1,72.51887,7.48219442,449.99826,0,37849.392578125,10149.82373046875,0
20.05,e384,147.5724,0,0,0,0,0.1,72.51887,7.396882,449.99826,0,36822.31103515625,10149.82373046875,0
20.1,e384,147.5724,0,0,0,0,0.1,72.51887,7.312535,449.99826,0,35802.40576171875,10149.82373046875,0
20.150000000000002,e384,147.5724,0,0,0,0,0.1,72.51887,7.2291584,449.99826,0,34789.7919921875,10149.82373046875,0
20.200000000000003,e384,147.5724,0,0,0,0,0.1,72.51887,7.146731,449.99826,0,33784.3486328125,10149.82373046875,0
20.25,e384,147.5724,0,0,0,0,0.1,72.51887,7.065239,449.99826,0,32786.02587890625,10149.82373046875,0
20.3,e384,147.5724,0,0,0,0,0.1,72.51887,6.98468637,449.99826,0,31794.912109375,10149.82373046875,0
20.35,e384,147.5724,0,0,0,0,0.1,72.51887,6.905041,449.99826,0,30810.82177734375,10149.82373046875,0
20.400000000000002,e384,147.5724,0,0,0,0,0.1,72.51887,6.826314,449.99826,0,29833.8876953125,10149.82373046875,0
20.450000000000003,e384,147.5724,0,0,0,0,0.1,72.51887,6.74848032,449.99826,0,28863.958984375,10149.82373046875,0
20.5,e384,147.5724,0,0,0,0,0.1,72.51887,6.671534,449.99826,0,27901.08642578125,10149.82373046875,0
20.55,e384,147.5724,0,0,0,0,0.1,72.51887,6.59546757,449.99826,0,26945.16357421875,10149.82373046875,0
20.6,e384,147.5724,0,0,0,0,0.1,72.51887,6.52027225,449.99826,0,25996.306640625,10149.82373046875,0
20.650000000000002,e384,147.5724,0,0,0,0,0.1,72.51887,6.44592667,449.99826,0,25054.29345703125,10149.82373046875,0
20.700000000000003,e384,147.5724,0,0,0,0,0.1,72.51887,6.372433,449.99826,0,24119.2412109375,10149.82373046875,0
20.75,e384,147.5724,0,0,0,0,0.1,72.51887,6.29978275,449.99826,0,23191.0966796875,10149.82373046875,0
20.8,e384,147.5724,0,0,0,0,0.1,72.51887,6.22795439,449.99826,0,22269.776611328125,10149.82373046875,0
20.85,e384,147.5724,0,0,0,0,0.1,72.51887,6.156946,449.99826,0,21355.310546875,10149.82373046875,0
20.900000000000002,e384,147.5724,0,0,0,0,0.1,72.51887,6.086751,449.99826,0,20447.6533203125,10149.82373046875,0
20.950000000000003,e384,147.5724,0,0,0,0,0.1,72.51887,6.017356,449.99826,0,19546.76025390625,10149.82373046875,0
21,e384,147.5724,0,0,0,0,0.1,72.51887,5.94875145,449.99826,0,18652.6494140625,10149.82373046875,0
21.05,e384,147.5724,0,0,0,0,0.1,72.51887,5.880928,449.99826,0,17765.189208984375,10149.82373046875,0
21.1,e384,147.5724,0,0,0,0,0.1,72.51887,5.813884,449.99826,0,16884.502197265625,10149.82373046875,0
21.150000000000002,e384,147.5724,0,0,0,0,0.1,72.51887,5.74759769,449.99826,0,16010.40625,10149.82373046875,0
21.200000000000003,e384,147.5724,0,0,0,0,0.1,72.51887,5.682072,449.99826,0,15142.97509765625,10149.82373046875,0
21.25,e384,147.5724,0,0,0,0,0.1,72.51887,5.61729145,449.99826,0,14282.162841796875,10149.82373046875,0
21.3,e384,147.5724,0,0,0,0,0.1,72.51887,5.553247,449.99826,0,13427.863525390625,10149.82373046875,0
21.35,e384,147.5724,0,0,0,0,0.1,72.51887,5.489942,449.99826,0,12580.20166015625,10149.82373046875,0
21.400000000000002,e384,147.5724,0,0,0,0,0.1,72.51887,5.427348,449.99826,0,11738.943115234375,10149.82373046875,0
21.450000000000003,e384,147.5724,0,0,0,0,0.1,72.51887,5.36547852,449.99826,0,10904.300048828125,10149.82373046875,0
21.5,e384,147.5724,0,0,0,0,0.1,72.51887,5.30430269,449.99826,0,10075.984375,10149.82373046875,0
21.55,e384,147.5724,0,0,0,0,0.1,72.51887,5.2438364,449.99826,0,9254.189453125,10149.82373046875,0
21.6,e384,147.5724,0,0,0,0,0.1,72.51887,5.18405533,449.99826,0,8438.7784423828125,10149.82373046875,0
21.650000000000002,e384,147.5724,0,0,0,0,0.1,72.51887,5.124954,449.99826,0,7629.7039794921875,10149.82373046875,0
21.700000000000003,e384,147.5724,0,0,0,0,0.1,72.51887,5.066527,449.99826,0,6826.9588012695312,10149.82373046875,0
21.75,e384,147.5724,0,0,0,0,0.1,72.51887,5.00877047,449.99826,0,6030.5815887451172,10149.82373046875,0
21.8,e384,147.5724,0,0,0,0,0.1,72.51887,4.9984,449.99826,0,5676.9100341796875,10149.82373046875,0
21.85,e384,147.5724,0,0,0,0,0.1,72.51887,4.994776,449.99826,0,5404.934326171875,10149.82373046875,0
21.900000000000002,e384,147.5724,0,0,0,0,0.1,72.51887,4.989118,449.99826,0,5135.6715087890625,10149.82373046875,0
21.950000000000003,e384,147.5724,0,0,0,0,0.1,72.51887,4.981425,449.99826,0,4869.01904296875,10149.82373046875,0
22,e384,147.5724,0,0,0,0,0.1,72.51887,4.971658,449.99826,0,4605.028564453125,10149.82373046875,0
22.05,e384,147.5724,0,0,0,0,0.1,72.51887,4.95974636,449.99826,0,4343.6517333984375,10149.82373046875,0
22.1,e384,147.5724,0,0,0,0,0.1,72.51887,4.94558954,449.99826,0,4084.8087158203125,10149.82373046875,0
22.150000000000002,e384,147.5724,0,0,0,0,0.1,72.51887,4.929057,449.99826,0,3828.574951171875,10149.82373046875,0
22.200000000000003,e384,147.5724,0,0,0,0,0.1,72.51887,4.909982,449.99826,0,3574.8369140625,10149.82373046875,0
22.25,e384,147.5724,0,0,0,0,0.1,72.51887,4.888171,449.99826,0,3323.6685791015625,10149.82373046875,0
22.3,e384,147.5724,0,0,0,0,0.1,72.51887,4.863394,449.99826,0,3074.9674072265625,10149.82373046875,0
22.35,e384,147.5724,0,0,0,0,0.1,72.51887,4.835385,449.99826,0,2828.7271728515625,10149.82373046875,0
22.400000000000002,e384,147.5724,0,0,0,0,0.1,72.51887,4.80385351,449.99826,0,2584.9572143554687,10149.82373046875,0
22.450000000000003,e384,147.5724,0,0,0,0,0.1,72.51887,4.76847267,449.99826,0,2343.627685546875,10149.82373046875,0
22.5,e384,147.5724,0,0,0,0,0.1,72.51887,4.72889853,449.99826,0,2104.6717529296875,10149.82373046875,0
22.55,e384,147.5724,0,0,0,0,0.1,72.51887,4.68477631,449.99826,0,1868.1104736328125,10149.82373046875,0
22.6,e384,147.5724,0,0,0,0,0.1,72.51887,4.635766,449.99826,0,1633.9389038085937,10149.82373046875,0
22.650000000000002,e384,147.5724,0,0,0,0,0.1,72.51887,4.58156633,449.99826,0,1402.0792236328125,10149.82373046875,0
22.700000000000003,e384,147.5724,0,0,0,0,0.1,72.51887,4.52197,449.99826,0,1172.5688781738281,10149.82373046875,0
22.75,e384,147.5724,0,0,0,0,0.1,72.51887,4.45691442,449.99826,0,945.336181640625,10149.82373046875,0
22.8,e384,147.5724,0,0,0,0,0.1,72.51887,4.386555,449.99826,0,720.39505004882813,10149.82373046875,0
22.85,e384,147.5724,0,0,0,0,0.1,72.51887,4.311335,449.99826,0,497.70890808105469,10149.82373046875,0
22.900000000000002,e384,147.5724,0,0,0,0,0.1,72.51887,4.23205757,449.99826,0,277.27407073974609,10149.82373046875,0
22.950000000000003,e384,147.5724,0,0,0,0,0.1,72.51887,4.1499033,449.99826,0,59.048091888427734,10149.82373046875,0
23,e384,147.5724,0,0,0,0,0.1,72.51887,4.06639671,449.99826,0,0,10149.82373046875,0
23.05,e384,147.5724,0,0,0,0,0.1,72.51887,3.98327279,449.99826,0,0,10149.82373046875,0
23.1,e384,147.5724,0,0,0,0,0.1,72.51887,3.90227222,449.99826,0,0,10149.82373046875,0
23.150000000000002,e384,147.5724,0,0,0,0,0.1,72.51887,3.824902,449.99826,0,0,10149.82373046875,0
23.200000000000003,e384,147.5724,0,0,0,0,0.1,72.51887,3.7522316,449.99826,0,0,10149.82373046875,0
23.25,e384,147.5724,0,0,0,0,0.1,72.51887,3.684782,449.99826,0,0,10149.82373046875,0
23.3,e384,147.5724,0,0,0,0,0.1,72.51887,3.622547,449.99826,0,0,10149.82373046875,0
23.35,e384,147.5724,0,0,0,0,0.1,72.51887,3.56511641,449.99826,0,0,10149.82373046875,0
23.400000000000002,e384,147.5724,0,0,0,0,0.1,72.51887,3.5118413,449.99826,0,0,10149.82373046875,0
23.450000000000003,e384,147.5724,0,0,0,0,0.1,72.51887,3.46200013,449.99826,0,0,10149.82373046875,0
23.5,e384,147.5724,0,0,0,0,0.1,72.51887,3.4149034,449.99826,0,0,10149.82373046875,0
23.55,e384,147.5724,0,0,0,0,0.1,72.51887,3.36995959,449.99826,0,0,10149.82373046875,0
23.6,e384,147.5724,0,0,0,0,0.1,72.51887,3.326708,449.99826,0,0,10149.82373046875,0
23.650000000000002,e384,147.5724,0,0,0,0,0.1,72.51887,3.28479838,449.99826,0,0,10149.82373046875,0
23.700000000000003,e384,147.5724,0,0,0,0,0.1,72.51887,3.24398017,449.99826,0,0,10149.82373046875,0
23.75,e384,147.5724,0,0,0,0,0.1,72.51887,3.20407844,449.99826,0,0,10149.82373046875,0
23.8,e384,147.5724,0,0,0,0,0.1,72.51887,3.164974,449.99826,0,0,10149.82373046875,0
23.85,e384,147.5724,0,0,0,0,0.1,72.51887,3.12658238,449.99826,0,0,10149.82373046875,0
23.900000000000002,e384,147.5724,0,0,0,0,0.1,72.51887,3.0888443,449.99826,0,0,10149.82373046875,0
23.950000000000003,e384,147.5724,0,0,0,0,0.1,72.51887,3.051719,449.99826,0,0,10149.82373046875,0
24,e384,147.5724,0,0,0,0,0.1,72.51887,3.015172,449.99826,0,0,10149.82373046875,0
24.05,e384,147.5724,0,0,0,0,0.1,72.51887,2.97917867,449.99826,0,0,10149.82373046875,0
24.1,e384,147.5724,0,0,0,0,0.1,72.51887,2.94371462,449.99826,0,0,10149.82373046875,0
24.150000000000002,e384,147.5724,0,0,0,0,0.1,72.51887,2.90876436,449.99826,0,0,10149.82373046875,0
24.200000000000003,e384,147.5724,0,0,0,0,0.1,72.51887,2.874309,449.99826,0,0,10149.82373046875,0
24.25,e384,147.5724,0,0,0,0,0.1,72.51887,2.84033442,449.99826,0,0,10149.82373046875,0
24.3,e384,147.5724,0,0,0,0,0.1,72.51887,2.80682731,449.99826,0,0,10149.82373046875,0
24.35,e384,147.5724,0,0,0,0,0.1,72.51887,2.77377486,449.99826,0,0,10149.82373046875,0
24.400000000000002,e384,147.5724,0,0,0,0,0.1,72.51887,2.74116635,449.99826,0,0,10149.82373046875,0
24.450000000000003,e384,147.5724,0,0,0,0,0.1,72.51887,2.70899081,449.99826,0,0,10149.82373046875,0
24.5,e384,147.5724,0,0,0,0,0.1,72.51887,2.6772387,449.99826,0,0,10149.82373046875,0
24.55,e384,147.5724,0,0,0,0,0.1,72.51887,2.64589953,449.99826,0,0,10149.82373046875,0
24.6,e384,147.5724,0,0,0,0,0.1,72.51887,2.61496615,449.99826,0,0,10149.82373046875,0
24.650000000000002,e384,147.5724,0,0,0,0,0.1,72.51887,2.58443022,449.99826,0,0,10149.82373046875,0
24.700000000000003,e384,147.5724,0,0,0,0,0.1,72.51887,2.55428338,449.99826,0,0,10149.82373046875,0
24.75,e384,147.5724,0,0,0,0,0.1,72.51887,2.52451754,449.99826,0,0,10149.82373046875,0
24.8,e384,147.5724,0,0,0,0,0.1,72.51887,2.468364,449.99826,0,0,10149.82373046875,0
24.85,e384,147.5724,0,0,0,0,0.1,72.51887,2.44253588,449.99826,0,0,10149.82373046875,0
24.900000000000002,e384,147.5724,0,0,0,0,0.1,72.51887,2.40319681,449.99826,0,0,10149.82373046875,0
24.950000000000003,e384,147.5724,0,0,0,0,0.1,72.51887,2.4333322,449.99826,0,0,10149.82373046875,0
25,e384,147.5724,0,0,0,0,0.1,72.51887,2.380776,449.99826,0,0,10149.82373046875,0
25.05,e384,147.5724,0,0,0,0,0.1,72.51887,2.35364461,449.99826,0,0,10149.82373046875,0
25.1,e384,147.5724,0,0,0,0,0.1,72.51887,2.32682276,449.99826,0,0,10149.82373046875,0
25.150000000000002,e384,147.5724,0,0,0,0,0.1,72.51887,2.3003068,449.99826,0,0,10149.82373046875,0
25.200000000000003,e384,147.5724,0,0,0,0,0.1,72.51887,2.27409315,449.99826,0,0,10149.82373046875,0
25.25,e384,147.5724,0,0,0,0,0.1,72.51887,2.24817753,449.99826,0,0,10149.82373046875,0
25.3,e384,147.5724,0,0,0,0,0.1,72.51887,2.222558,449.99826,0,0,10149.82373046875,0
25.35,e384,147.5724,0,0,0,0,0.1,72.51887,2.19723,449.99826,0,0,10149.82373046875,0
25.400000000000002,e384,147.5724,0,0,0,0,0.1,72.51887,2.172191,449.99826,0,0,10149.82373046875,0
25.450000000000003,e384,147.5724,0,0,0,0,0.1,72.51887,2.147437,449.99826,0,0,10149.82373046875,0
25.5,e384,147.5724,0,0,0,0,0.1,72.51887,2.122965,449.99826,0,0,10149.82373046875,0
25.55,e384,147.5724,0,0,0,0,0.1,72.51887,2.09877229,449.99826,0,0,10149.82373046875,0
25.6,e384,147.5724,0,0,0,0,0.1,72.51887,2.07485485,449.99826,0,0,10149.82373046875,0
25.650000000000002,e384,147.5724,0,0,0,0,0.1,72.51887,2.0512104,449.99826,0,0,10149.82373046875,0
25.700000000000003,e384,147.5724,0,0,0,0,0.1,72.51887,2.027835,449.99826,0,0,10149.82373046875,0
25.75,e384,147.5724,0,0,0,0,0.1,72.51887,2.00472617,449.99826,0,0,10149.82373046875,0
25.8,e384,147.5724,0,0,0,0,0.1,72.51887,1.98188055,449.99826,0,0,10149.82373046875,0
25.85,e384,147.5724,0,0,0,0,0.1,72.51887,1.95929539,449.99826,0,0,10149.82373046875,0
25.900000000000002,e384,147.5724,0,0,0,0,0.1,72.51887,1.93696773,449.99826,0,0,10149.82373046875,0
25.950000000000003,e384,147.5724,0,0,0,0,0.1,72.51887,1.91489434,449.99826,0,0,10149.82373046875,0
26,e384,147.5724,0,0,0,0,0.1,72.51887,1.89307261,449.99826,0,0,10149.82373046875,0
26.05,e384,147.5724,0,0,0,0,0.1,72.51887,1.87149942,449.99826,0,0,10149.82373046875,0
26.1,e384,147.5724,0,0,0,0,0.1,72.51887,1.85017216,449.99826,0,0,10149.82373046875,0
26.150000000000002,e384,147.5724,0,0,0,0,0.1,72.51887,1.829088,449.99826,0,0,10149.82373046875,0
26.200000000000003,e384,147.5724,0,0,0,0,0.1,72.51887,1.808244,449.99826,0,0,10149.82373046875,0
26.25,e384,147.5724,0,0,0,0,0.1,72.51887,1.78763771,449.99826,0,0,10149.82373046875,0
26.3,e384,147.5724,0,0,0,0,0.1,72.51887,1.76726592,449.99826,0,0,10149.82373046875,0
26.35,e384,147.5724,0,0,0,0,0.1,72.51887,1.74712658,449.99826,0,0,10149.82373046875,0
26.400000000000002,e384,147.5724,0,0,0,0,0.1,72.51887,1.62766731,449.99826,0,0,10149.82373046875,0
26.450000000000003,e384,147.5724,0,0,0,0,0.1,72.51887,1.70753372,449.99826,0,0,10149.82373046875,0
26.5,e384,147.5724,0,0,0,0,0.1,72.51887,1.59078121,449.99826,0,0,10149.82373046875,0
26.55,e384,147.5724,0,0,0,0,0.1,72.51887,1.668838,449.99826,0,0,10149.82373046875,0
26.6,e384,147.5724,0,0,0,0,0.1,72.51887,1.55473125,449.99826,0,0,10149.82373046875,0
26.650000000000002,e384,147.5724,0,0,0,0,0.1,72.51887,1.63101912,449.99826,0,0,10149.82373046875,0
26.700000000000003,e384,147.5724,0,0,0,0,0.1,72.51887,1.51949942,449.99826,0,0,10149.82373046875,0
26.75,e384,147.5724,0,0,0,0,0.1,72.51887,1.59405744,449.99826,0,0,10149.82373046875,0
26.8,e384,147.5724,0,0,0,0,0.1,72.51887,1.48506308,449.99826,0,0,10149.82373046875,0
26.85,e384,147.5724,0,0,0,0,0.1,72.51887,1.55793309,449.99826,0,0,10149.82373046875,0
26.900000000000002,e384,147.5724,0,0,0,0,0.1,72.51887,1.45141,449.99826,0,0,10149.82373046875,0
26.950000000000003,e384,147.5724,0,0,0,0,0.1,72.51887,1.52262759,449.99826,0,0,10149.82373046875,0
27,e384,147.5724,0,0,0,0,0.1,72.51887,1.41851771,449.99826,0,0,10149.82373046875,0
27.05,e384,147.5724,0,0,0,0,0.1,72.51887,1.48812222,449.99826,0,0,10149.82373046875,0
27.1,e384,147.5724,0,0,0,0,0.1,72.51887,1.38637066,449.99826,0,0,10149.82373046875,0
27.150000000000002,e384,147.5724,0,0,0,0,0.1,72.51887,1.45439851,449.99826,0,0,10149.82373046875,0
27.200000000000003,e384,147.5724,0,0,0,0,0.1,72.51887,1.35495365,449.99826,0,0,10149.82373046875,0
27.25,e384,147.5724,0,0,0,0,0.1,72.51887,1.421439,449.99826,0,0,10149.82373046875,0
27.3,e384,147.5724,0,0,0,0,0.1,72.51887,1.32424867,449.99826,0,0,10149.82373046875,0
27.35,e384,147.5724,0,0,0,0,0.1,72.51887,1.38922679,449.99826,0,0,10149.82373046875,0
27.400000000000002,e384,147.5724,0,0,0,0,0.1,72.51887,1.29423869,449.99826,0,0,10149.82373046875,0
27.450000000000003,e384,147.5724,0,0,0,0,0.1,72.51887,1.35774446,449.99826,0,0,10149.82373046875,0
27.5,e384,147.5724,0,0,0,0,0.1,72.51887,1.26491,449.99826,0,0,10149.82373046875,0
27.55,e384,147.5724,0,0,0,0,0.1,72.51887,1.3269757,449.99826,0,0,10149.82373046875,0
27.6,e384,147.5724,0,0,0,0,0.1,72.51887,1.23624325,449.99826,0,0,10149.82373046875,0
27.650000000000002,e384,147.5724,0,0,0,0,0.1,72.51887,1.296904,449.99826,0,0,10149.82373046875,0
27.700000000000003,e384,147.5724,0,0,0,0,0.1,72.51887,1.208228,449.99826,0,0,10149.82373046875,0
27.75,e384,147.5724,0,0,0,0,0.1,72.51887,1.26751375,449.99826,0,0,10149.82373046875,0
27.8,e384,147.5724,0,0,0,0,0.1,72.51887,1.18084764,449.99826,0,0,10149.82373046875,0
27.85,e384,147.5724,0,0,0,0,0.1,72.51887,1.23878968,449.99826,0,0,10149.82373046875,0
27.900000000000002,e384,147.5724,0,0,0,0,0.1,72.51887,1.15408766,449.99826,0,0,10149.82373046875,0
27.950000000000003,e384,147.5724,0,0,0,0,0.1,72.51887,1.21071649,449.99826,0,0,10149.82373046875,0
28,e384,147.5724,0,0,0,0,0.1,72.51887,1.12793434,449.99826,0,0,10149.82373046875,0
28.05,e384,147.5724,0,0,0,0,0.1,72.51887,1.18327963,449.99826,0,0,10149.82373046875,0
28.1,e384,147.5724,0,0,0,0,0.1,72.51887,1.10237277,449.99826,0,0,10149.82373046875,0
28.150000000000002,e384,147.5724,0,0,0,0,0.1,72.51887,1.15646434,449.99826,0,0,10149.82373046875,0
28.200000000000003,e384,147.5724,0,0,0,0,0.1,72.51887,1.07739127,449.99826,0,0,10149.82373046875,0
28.25,e384,147.5724,0,0,0,0,0.1,72.51887,1.130257,449.99826,0,0,10149.82373046875,0
28.3,e384,147.5724,0,0,0,0,0.1,72.51887,1.05297494,449.99826,0,0,10149.82373046875,0
28.35,e384,147.5724,0,0,0,0,0.1,72.51887,1.10464323,449.99826,0,0,10149.82373046875,0
28.400000000000002,e384,147.5724,0,0,0,0,0.1,72.51887,1.02911365,449.99826,0,0,10149.82373046875,0
28.450000000000003,e384,147.5724,0,0,0,0,0.1,72.51887,1.07961011,449.99826,0,0,10149.82373046875,0
28.5,e384,147.5724,0,0,0,0,0.1,72.51887,1.00579143,449.99826,0,0,10149.82373046875,0
28.55,e384,147.5724,0,0,0,0,0.1,72.51887,1.05514419,449.99826,0,0,10149.82373046875,0
28.6,e384,147.5724,0,0,0,0,0.1,72.51887,0.98299855,449.99826,0,0,10149.82373046875,0
28.650000000000002,e384,147.5724,0,0,0,0,0.1,72.51887,1.03123271,449.99826,0,0,10149.82373046875,0
28.700000000000003,e384,147.5724,0,0,0,0,0.1,72.51887,0.960722,449.99826,0,0,10149.82373046875,0
28.75,e384,147.5724,0,0,0,0,0.1,72.51887,1.00786316,449.99826,0,0,10149.82373046875,0
28.8,e384,147.5724,0,0,0,0,0.1,72.51887,0.9389508,449.99826,0,0,10149.82373046875,0
28.85,e384,147.5724,0,0,0,0,0.1,72.51887,0.9850232,449.99826,0,0,10149.82373046875,0
28.900000000000002,e384,147.5724,0,0,0,0,0.1,72.51887,0.9176718,449.99826,0,0,10149.82373046875,0
28.950000000000003,e384,147.5724,0,0,0,0,0.1,72.51887,0.9627007,449.99826,0,0,10149.82373046875,0
29,e384,147.5724,0,0,0,0,0.1,72.51887,0.8968761,449.99826,0,0,10149.82373046875,0
29.05,e384,147.5724,0,0,0,0,0.1,72.51887,0.9408842,449.99826,0,0,10149.82373046875,0
29.1,e384,147.5724,0,0,0,0,0.1,72.51887,0.876552,449.99826,0,0,10149.82373046875,0
29.150000000000002,e384,147.5724,0,0,0,0,0.1,72.51887,0.9195622,449.99826,0,0,10149.82373046875,0
29.200000000000003,e384,147.5724,0,0,0,0,0.1,72.51887,0.8566873,449.99826,0,0,10149.82373046875,0
29.25,e384,147.5724,0,0,0,0,0.1,72.51887,0.8987233,449.99826,0,0,10149.82373046875,0
29.3,e384,147.5724,0,0,0,0,0.1,72.51887,0.8372731,449.99826,0,0,10149.82373046875,0
29.35,e384,147.5724,0,0,0,0,0.1,72.51887,0.8783567,449.99826,0,0,10149.82373046875,0
29.400000000000002,e384,147.5724,0,0,0,0,0.1,72.51887,0.8182992,449.99826,0,0,10149.82373046875,0
29.450000000000003,e384,147.5724,0,0,0,0,0.1,72.51887,0.8584516,449.99826,0,0,10149.82373046875,0
29.5,e384,147.5724,0,0,0,0,0.1,72.51887,0.7997548,449.99826,0,0,10149.82373046875,0
29.55,e384,147.5724,0,0,0,0,0.1,72.51887,0.838997543,449.99826,0,0,10149.82373046875,0
29.6,e384,147.5724,0,0,0,0,0.1,72.51887,0.7816313,449.99826,0,0,10149.82373046875,0
29.650000000000002,e384,147.5724,0,0,0,0,0.1,72.51887,0.8199843,449.99826,0,0,10149.82373046875,0
29.700000000000003,e384,147.5724,0,0,0,0,0.1,72.51887,0.7639179,449.99826,0,0,10149.82373046875,0
29.75,e384,147.5724,0,0,0,0,0.1,72.51887,0.801402032,449.99826,0,0,10149.82373046875,0
29.8,e384,147.5724,0,0,0,0,0.1,72.51887,0.746605933,449.99826,0,0,10149.82373046875,0
29.85,e384,147.5724,0,0,0,0,0.1,72.51887,0.783240736,449.99826,0,0,10149.82373046875,0
29.900000000000002,e384,147.5724,0,0,0,0,0.1,72.51887,0.7296867,449.99826,0,0,10149.82373046875,0
29.950000000000003,e384,147.5724,0,0,0,0,0.1,72.51887,0.7654911,449.99826,0,0,10149.82373046875,0
30,e384,147.5724,0,0,0,0,0.1,72.51887,0.713150859,449.99826,0,0,10149.82373046875,0
30.05,e384,147.574585,0.00624585571,0,0.75,0,0.1,72.51887,0.7481438,449.99826,108297.96875,0,10149.82373046875,0
30.1,e384,147.579987,0.0154255107,0,0.75,0,0.1,72.51887,0.6969894,452.49826,156979.34375,0,10087.7373046875,0
30.150000000000002,e384,147.58876,0.0250713229,0,0.75,0,0.1,72.51887,0.731189549,454.99826,164632.828125,0,9996.48779296875,0
30.200000000000003,e384,147.60022,0.0401892774,0,0.75,0,0.1,72.51887,0.6811942,457.49826,168218.21875,0,9900.604248046875,0
30.25,e384,147.612442,0.06981535,0,0.75,0,0.1,72.51887,0.714619458,459.99826,171945.65625,0,9811.8519287109375,0
30.3,e384,147.626968,0.0893438,0,0.75,0,0.1,72.51887,0.6657571,462.49826,177226.828125,0,9744.1964721679687,0
30.35,e384,147.641571,0.125167221,0,0.75,0,0.1,72.51887,0.6984249,464.99826,179406.078125,0,9657.0137329101562,0
30.400000000000002,e384,147.658188,0.147932872,0,0.75,0,0.1,72.51887,0.6506701,467.49826,183681.46875,0,9594.9335327148437,0
30.450000000000003,e384,147.676819,0.171044454,0,0.75,0,0.1,72.51887,0.682597339,469.99826,185589.171875,0,9509.20849609375,0
30.5,e384,147.694977,0.212317556,0,0.75,0,0.1,72.51887,0.635924757,472.49826,187298.703125,0,9422.6602172851562,0
30.55,e384,147.712769,0.254313141,0,0.75,0,0.1,72.51887,0.667128563,474.99826,189511.703125,0,9365.1325073242187,0
30.6,e384,147.729767,0.281218022,0,0.75,0,0.1,72.51887,0.6215135,477.49826,189975.0625,0,9306.0468139648437,0
30.650000000000002,e384,147.748611,0.3230782,0,0.75,0,0.1,72.51887,0.6520102,479.99826,190080.875,0,9223.8140258789062,0
30.700000000000003,e384,147.7646,0.3511245,0.00133986992,0.75,0,0.1,72.51887,0.6074291,482.49826,190000.984375,0,9166.1089477539062,0
30.75,e384,147.784317,0.3942554,0.02105264,0.75,0,0.1,72.51887,0.6372345,484.99826,189347.09375,0,9086.20556640625,0
30.8,e384,147.80542,0.421902716,0.042147778,0.75,0,0.1,72.51887,0.5936636,487.49826,186932.90625,0,9030.1887817382812,0
30.85,e384,147.8279,0.449560583,0.06462581,0.75,0,0.1,72.51887,0.6227936,489.99826,186922.203125,0,8951.67431640625,0
30.900000000000002,e384,147.851746,0.477086544,0.08848014,0.75,0,0.1,72.51887,0.580210567,492.49826,185998.140625,0,8873.129638671875,0
30.950000000000003,e384,147.876968,0.504343569,0.11369732,0.75,0,0.1,72.51887,0.608680069,494.99826,184194.890625,0,8794.9591674804687,0
31,e384,147.903519,0.531142235,0.140254438,0.75,0,0.1,72.51887,0.5670615,497.49826,181176.90625,0,8717.5524291992187,0
31.05,e384,147.931381,0.5572213,0.1681155,0.75,0,0.1,72.51887,0.5948863,499.99826,176485.28125,0,8641.4481201171875,0
31.1,e384,147.96051,0.5823317,0.197232082,0.75,0,0.1,72.51887,0.5542108,502.49826,170199.734375,0,8567.386962890625,0
31.150000000000002,e384,147.990829,0.606318,0.227547988,0.75,0,0.1,72.51887,0.5814051,504.973145,162917.546875,0,8496.0762329101562,0
31.200000000000003,e384,148.022278,0.629133761,0.259004682,0.75,0,0.1,72.51887,0.541651547,507.4229,155342.546875,0,8427.9584350585937,0
31.25,e384,148.054825,0.650842845,0.291546822,0.75,0,0.1,72.51887,0.5682294,509.847534,148179.984375,0,8363.1646118164062,0
31.3,e384,148.0884,0.671560168,0.32512483,0.75,0,0.1,72.51887,0.5293771,512.247,141757.359375,0,8301.513427734375,0
31.35,e384,148.122971,0.6914241,0.359696031,0.75,0,0.1,72.51887,0.55535233,514.6214,136225.859375,0,8242.6790771484375,0
31.400000000000002,e384,148.1585,0.710576,0.395224839,0.75,0,0.1,72.51887,0.5173802,516.970642,131602.40625,0,8186.26806640625,0
31.450000000000003,e384,148.194946,0.729146361,0.431682169,0.75,0,0.1,72.51887,0.542767048,519.294739,127818.4453125,0,8131.8790893554687,0
31.5,e384,148.232315,0.7472487,0.4690446,0.75,0,0.1,72.51887,0.5056553,521.5937,124763.8203125,0,8079.1417846679687,0
31.55,e384,148.270554,0.7649776,0.507293463,0.75,0,0.1,72.51887,0.530467,523.8675,122317.34375,0,8027.7332153320312,0
31.6,e384,148.309677,0.7824098,0.546413958,0.75,0,0.1,72.51887,0.494196355,526.1162,120364.2578125,0,7977.3853759765625,0
31.650000000000002,e384,148.34967,0.7996066,0.5863943,0.75,0,0.1,72.51887,0.5184457,528.3398,118804.2109375,0,7927.8801879882812,0
31.700000000000003,e384,148.390488,0.816615939,0.6272251,0.75,0,0.1,72.51887,0.482996881,530.5382,117553.5859375,0,7879.0440063476562,0
31.75,e384,148.432159,0.833454669,0.668897867,0.75,0,0.1,72.51887,0.506696761,532.7115,116412.0625,0,7830.7393188476562,0
31.8,e384,148.47467,0.8501039,0.7114031,0.75,0,0.1,72.51887,0.4720516,534.8596,115148,0,7782.9195556640625,0
31.85,e384,148.518,0.866536736,0.7547299,0.75,0,0.1,72.51887,0.4952141,536.9826,113712.7265625,0,7735.6378173828125,0
31.900000000000002,e384,148.562134,0.8827319,0.7988665,0.75,0,0.1,72.51887,0.461353719,539.080444,112141.828125,0,7688.9701538085937,0
31.950000000000003,e384,148.607071,0.8986741,0.8438002,0.75,0,0.1,72.51887,0.483991653,541.153137,110473.7578125,0,7642.9781494140625,0
32,e384,148.652786,0.914354265,0.8895179,0.75,0,0.1,72.51887,0.450898737,543.2007,108747.546875,0,7597.70458984375,0
32.050000000000004,e384,148.69928,0.929769,0.936006367,0.75,0,0.1,72.51887,0.4730235,545.223,107000.59375,0,7553.1748046875,0
32.1,e384,148.746521,0.944920063,0.983252347,0.75,0,0.1,72.51887,0.440680772,547.2202,105266.7265625,0,7509.3995971679687,0
32.15,e384,148.79451,0.9598141,1.03124309,0.75,0,0.1,72.51887,0.462303966,549.192261,103574.875,0,7466.3718872070312,0
32.2,e384,148.843231,0.9744607,1.07996607,0.75,0,0.1,72.51887,0.430693746,551.13916,101946.3828125,0,7424.0745849609375,0
32.25,e384,148.892685,0.98887223,1.12940967,0.75,0,0.1,72.51887,0.451827317,553.0609,100396.046875,0,7382.480224609375,0
32.300000000000004,e384,148.942841,1.00306237,1.17956281,0.75,0,0.1,72.51887,0.420933664,554.957458,98935.6953125,0,7341.5532836914062,0
32.35,e384,148.993683,1.01704633,1.23041511,0.75,0,0.1,72.51887,0.4415881,556.828857,97573.5078125,0,7301.2553100585938,0
32.4,e384,149.045227,1.03084,1.28195715,0.75,0,0.1,72.51887,0.411394656,558.6751,96313.171875,0,7261.5428466796875,0
32.45,e384,149.097458,1.04445922,1.33418012,0.75,0,0.1,72.51887,0.431580961,560.496155,95154.8125,0,7222.3703002929687,0
32.5,e384,149.150345,1.05791938,1.38707614,0.75,0,0.1,72.51887,0.402071446,562.292053,94095.875,0,7183.6934814453125,0
32.550000000000004,e384,149.2039,1.07123482,1.44063783,0.75,0,0.1,72.51887,0.520446062,564.062744,93131.8671875,0,7145.4689331054687,0
32.6,e384,149.258133,1.08442008,1.49485886,0.75,0,0.1,72.51887,0,565.8083,92257.0625,0,7107.6539916992187,0
32.65,e384,149.313,1.09748137,1.54973292,0.75,0,0.1,72.51887,0.412241817,567.5286,91425.171875,0,7070.2100830078125,0
32.7,e384,149.36853,1.1104188,1.60525382,0.75,0,0.1,72.51887,0.384054631,569.2238,90594.0234375,0,7033.1175537109375,0
32.75,e384,149.424683,1.12323332,1.66141546,0.75,0,0.1,72.51887,0.49712497,570.8938,89768.65625,0,6996.376708984375,0
32.800000000000004,e384,149.481476,1.13592684,1.71821177,0.75,0,0.1,72.51887,0,572.5386,88956.8515625,0,6959.9854125976562,0
32.85,e384,149.53891,1.14850247,1.77563691,0.75,0,0.1,72.51887,0.3937693,574.158142,88165.171875,0,6923.937255859375,0
32.9,e384,149.596954,1.16096437,1.83368516,0.75,0,0.1,72.51887,0.366845071,575.752563,87399.015625,0,6888.2240600585937,0
32.95,e384,149.655624,1.17331684,1.892351,0.75,0,0.1,72.51887,0.474849075,577.3218,86662.546875,0,6852.8341674804687,0
33,e384,149.7149,1.185565,1.95162928,0.75,0,0.1,72.51887,0,578.8658,85958.8359375,0,6817.754638671875,0
33.050000000000004,e384,149.77478,1.19771421,2.011515,0.75,0,0.1,72.51887,0.376124471,580.3846,85289.9140625,0,6782.97119140625,0
33.1,e384,149.835281,1.2097702,2.07200336,0.75,0,0.1,72.51887,0.350406915,581.8782,84656.953125,0,6748.4689331054687,0
33.15,e384,149.896362,1.22173846,2.13309026,0.75,0,0.1,72.51887,0.453570247,583.346558,84060.328125,0,6714.2315673828125,0
33.2,e384,149.958038,1.23362458,2.19477153,0.75,0,0.1,72.51887,0,584.789734,83499.78125,0,6680.243408203125,0
33.25,e384,150.020309,1.245434,2.25704312,0.75,0,0.1,72.51887,0.3592703,586.207642,82974.6015625,0,6646.4880981445312,0
33.300000000000004,e384,150.083176,1.25717223,2.3199017,0.75,0,0.1,72.51887,0.334705383,587.600342,82483.640625,0,6612.9510498046875,0
33.35,e384,150.1466,1.268844,2.383344,0.75,0,0.1,72.51887,0.4332449,588.967834,82025.4921875,0,6579.616455078125,0
33.4,e384,150.210632,1.28045464,2.44736671,0.75,0,0.1,72.51887,0,590.310059,81598.5703125,0,6546.4693603515625,0
33.45,e384,150.275238,1.29200828,2.51196718,0.75,0,0.1,72.51887,0.3431714,591.6271,81200.6953125,0,6513.4972534179687,0
33.5,e384,150.340408,1.3035084,2.57714272,0.75,0,0.1,72.51887,0.319707066,592.9188,80824.546875,0,6480.6862182617187,0
33.550000000000004,e384,150.406158,1.3149575,2.64289069,0.75,0,0.1,72.51887,0.413831681,594.185364,80464.3671875,0,6448.0274658203125,0
33.6,e384,150.472473,1.326358,2.70920849,0.75,0,0.1,72.51887,0,595.426636,80120.3671875,0,6415.513427734375,0
33.65,e384,150.539368,1.33771241,2.7760942,0.75,0,0.1,72.51887,0.327793866,596.642639,79792.515625,0,6383.137451171875,0
33.7,e384,150.606812,1.34902346,2.84354544,0.75,0,0.1,72.51887,0.305381,597.8334,79480.6796875,0,6350.8919677734375,0
33.75,e384,150.674835,1.36028588,2.91155982,0.75,0,0.1,72.51887,0.395287752,598.99884,79184.5234375,0,6318.7703857421875,0
33.800000000000004,e384,150.743408,1.37150979,2.98013544,0.75,0,0.1,72.51887,0,600.139038,78903.625,0,6286.7859497070312,0
33.85,e384,150.812531,1.38269722,3.04927039,0.75,0,0.1,72.51887,0.3131054,601.253967,78637.5234375,0,6254.9116821289062,0
33.9,e384,150.882233,1.39385045,3.118963,0.75,0,0.1,72.51887,0.2916969,602.3436,78385.640625,0,6223.140625,0
33.95,e384,150.952484,1.40497124,3.18921161,0.75,0,0.1,72.51887,0.3775748,603.407959,78147.3671875,0,6191.4671630859375,0
34,e384,151.023285,1.41606224,3.26001477,0.75,0,0.1,72.51887,0,604.447,77922.0703125,0,6159.885009765625,0
34.050000000000004,e384,151.094635,1.42712474,3.331371,0.75,0,0.1,72.51887,0.299075156,605.460754,77709.1328125,0,6128.3887939453125,0
34.1,e384,151.16655,1.43816078,3.403279,0.75,0,0.1,72.51887,0.278625965,606.449158,77507.875,0,6096.9729614257812,0
34.15,e384,151.239014,1.449172,3.47573757,0.75,0,0.1,72.51887,0.3606558,607.412231,77317.671875,0,6065.6318969726563,0
34.2,e384,151.312012,1.46016014,3.54874563,0.75,0,0.1,72.51887,0,608.35,77137.890625,0,6034.3616333007812,0
34.25,e384,151.385574,1.47112656,3.622302,0.75,0,0.1,72.51887,0.2856736,609.2624,76967.921875,0,6003.156494140625,0
34.300000000000004,e384,151.459671,1.48207283,3.69640565,0.75,0,0.1,72.51887,0.266140848,610.1495,76807.1796875,0,5972.0127563476562,0
34.35,e384,151.534332,1.49300015,3.7710557,0.75,0,0.1,72.51887,0.344494283,611.011169,76655.1015625,0,5940.9269409179687,0
34.4,e384,151.609528,1.50389743,3.84625053,0.75,0,0.1,72.51887,0,611.8475,76511.1484375,0,5909.8944702148437,0
34.45,e384,151.685257,1.514778,3.92198944,0.75,0,0.1,72.51887,0.272872567,612.6584,76374.796875,0,5878.9486083984375,0
34.5,e384,151.761536,1.52564335,3.9982717,0.75,0,0.1,72.51887,0.254214942,613.4439,76245.6015625,0,5848.0489501953125,0
34.550000000000004,e384,151.838364,1.53649426,4.07509661,0.75,0,0.1,72.51887,0.329058081,614.204041,76122.6875,0,5817.1928100585937,0
34.6,e384,151.915741,1.54733157,4.152463,0.75,0,0.1,72.51887,0,614.9387,76004.734375,0,5786.3776245117187,0
34.65,e384,151.993637,1.55815589,4.23037052,0.75,0,0.1,72.51887,0.260645151,615.648,75891.0390625,0,5755.6010131835937,0
34.7,e384,152.072083,1.56896782,4.308819,0.75,0,0.1,72.51887,0.242823675,616.331848,75781.4765625,0,5724.8611450195312,0
34.75,e384,152.151077,1.57976818,4.38780737,0.75,0,0.1,72.51887,0.3143125,616.9902,75675.921875,0,5694.1563110351562,0
34.800000000000004,e384,152.2306,1.59055722,4.467335,0.75,0,0.1,72.51887,0,617.623047,75574.234375,0,5663.4852905273437,0
34.85,e384,152.310669,1.60133576,4.547402,0.75,0,0.1,72.51887,0.248965681,618.230347,75476.296875,0,5632.8453369140625,0
34.9,e384,152.391281,1.61210454,4.628007,0.75,0,0.1,72.51887,0.23194249,618.812134,75381.9609375,0,5602.2352294921875,0
34.95,e384,152.472412,1.62286377,4.70915031,0.75,0,0.1,72.51887,0.3002294,619.368347,75291.09375,0,5571.65380859375,0
35,e384,152.5541,1.63361418,4.790831,0.75,0,0.1,72.51887,0,619.899,75203.5625,0,5541.0989990234375,0
35.050000000000004,e384,152.636322,1.64435589,4.873049,0.75,0,0.1,72.51887,0.237809464,620.404,75119.2421875,0,5510.5693969726562,0
35.1,e384,152.71907,1.65509009,4.95580339,0.75,0,0.1,72.51887,0.221549377,620.883362,75037.9921875,0,5480.0636596679687,0
35.15,e384,152.802368,1.66581643,5.03909445,0.75,0,0.1,72.51887,0.2867749,621.337036,74959.71875,0,5449.5806884765625,0
35.2,e384,152.886185,1.67653573,5.12292147,0.75,0,0.1,72.51887,0,621.765,74884.2734375,0,5419.1187744140625,0
35.25,e384,152.970551,1.68724883,5.207284,0.75,0,0.1,72.51887,0.2271532,622.1672,74811.546875,0,5388.677001953125,0
35.300000000000004,e384,153.05545,1.69795525,5.292182,0.75,0,0.1,72.51887,0.211621776,622.5435,74741.4296875,0,5358.2538452148437,0
35.35,e384,153.140884,1.70865607,5.377615,0.75,0,0.1,72.51887,0.273924321,622.894,74673.8125,0,5327.8487548828125,0
35.4,e384,153.226852,1.719351,5.46358252,0.75,0,0.1,72.51887,0,623.2185,74608.59375,0,5297.4599609375,0
35.45,e384,153.313354,1.73004138,5.55008459,0.75,0,0.1,72.51887,0.216974482,623.516968,74545.6875,0,5267.0870361328125,0
35.5,e384,153.400391,1.74072671,5.63712072,0.75,0,0.1,72.51887,0.202138826,623.789246,74484.9765625,0,5236.7281494140625,0
35.550000000000004,e384,153.487961,1.75140774,5.724691,0.75,0,0.1,72.51887,0.2616505,624.0353,74426.390625,0,5206.3828735351562,0
35.6,e384,153.576065,1.76208472,5.812795,0.75,0,0.1,72.51887,0,624.2549,74369.84375,0,5176.050537109375,0
35.65,e384,153.6647,1.77275765,5.901433,0.75,0,0.1,72.51887,0.207251847,624.4479,74315.265625,0,5145.7294921875,0
35.7,e384,153.753876,1.78342712,5.9906044,0.75,0,0.1,72.51887,0.193080917,624.614,74262.5625,0,5115.4193725585937,0
35.75,e384,153.843582,1.79409349,6.080309,0.75,0,0.1,72.51887,0.249926224,624.7529,74211.671875,0,5085.1193237304687,0
35.800000000000004,e384,153.9338,1.804757,6.17054653,0.75,0,0.1,72.51887,0,624.8641,74162.5390625,0,5054.8285522460937,0
35.85,e384,154.024582,1.81541765,6.26131725,0.75,0,0.1,72.51887,0.197964862,624.946533,74115.1015625,0,5024.5458374023437,0
35.9,e384,154.115891,1.82607627,6.352621,0.75,0,0.1,72.51887,0.184429079,624.9982,74069.3125,0,4994.2704467773437,0
35.95,e384,154.207718,1.83673227,6.44445753,0.75,0,0.1,72.51887,0.238726467,624.9982,74025.1328125,0,4964.0018920898437,0
36,e384,154.3001,1.84738648,6.536827,0.75,0,0.1,72.51887,0,624.9982,73982.5234375,0,4933.7398681640625,0
36.050000000000004,e384,154.39299,1.85803926,6.62972927,0.75,0,0.1,72.51887,0.189094067,624.9982,73941.359375,0,4903.4828491210937,0
36.1,e384,154.486435,1.86869049,6.7231636,0.75,0,0.1,72.51887,0.176164746,624.9982,73901.5625,0,4873.2305908203125,0
36.15,e384,154.5804,1.87934029,6.81713057,0.75,0,0.1,72.51887,0.228029475,624.9982,73863.046875,0,4842.9825439453125,0
36.2,e384,154.6749,1.88998926,6.91163,0.75,0,0.1,72.51887,0,624.9982,73825.7109375,0,4812.7383422851562,0
36.25,e384,154.769928,1.90063739,7.006662,0.75,0,0.1,72.51887,0.18062076,624.9982,73789.4921875,0,4782.4966430664062,0
36.300000000000004,e384,154.8655,1.91128445,7.10222626,0.75,0,0.1,72.51887,0.168270886,624.9982,73754.328125,0,4752.2576904296875,0
36.35,e384,154.9616,1.92193115,7.198323,0.75,0,0.1,72.51887,0.217811033,624.9982,73720.1328125,0,4722.0210571289062,0
36.4,e384,155.058212,1.93257725,7.29495144,0.75,0,0.1,72.51887,0,624.9982,73686.8671875,0,4691.7857666015625,0
36.45,e384,155.15538,1.94322312,7.39211273,0.75,0,0.1,72.51887,0.172527149,624.9982,73654.46875,0,4661.5521240234375,0
36.5,e384,155.253067,1.953869,7.489806,0.75,0,0.1,72.51887,0.16073063,624.9982,73622.890625,0,4631.3192138671875,0
36.550000000000004,e384,155.3513,1.96451461,7.588032,0.75,0,0.1,72.51887,0.208051145,624.9982,73592.078125,0,4601.086669921875,0
36.6,e384,155.450058,1.97516048,7.68679,0.75,0,0.1,72.51887,0,624.9982,73562,0,4570.8541259765625,0
36.65,e384,155.549347,1.98580635,7.78608036,0.75,0,0.1,72.51887,0.164796218,624.9982,73532.609375,0,4540.6216125488281,0
36.7,e384,155.64917,1.99645245,7.885903,0.75,0,0.1,72.51887,0.153528243,624.9982,73503.859375,0,4510.3887329101562,0
36.75,e384,155.749527,2.00709915,7.986258,0.75,0,0.1,72.51887,0.198728666,624.9982,73475.734375,0,4480.1549987792969,0
36.800000000000004,e384,155.850418,2.01774645,8.087146,0.75,0,0.1,72.51887,0,624.9982,73448.1875,0,4449.9197082519531,0
36.85,e384,155.951828,2.02839446,8.188565,0.75,0,0.1,72.51887,0.1574117,624.9982,73421.1953125,0,4419.6826171875,0
36.9,e384,156.053787,2.03904319,8.290518,0.75,0,0.1,72.51887,0.14664872,624.9982,73394.7265625,0,4389.4437561035156,0
36.95,e384,156.156265,2.04969287,8.39300251,0.75,0,0.1,72.51887,0.189823166,624.9982,73368.75,0,4359.2025756835937,0
37,e384,156.2593,2.0603435,8.496019,0.75,0,0.1,72.51887,0,624.9982,73343.2578125,0,4328.9590148925781,0
37.050000000000004,e384,156.362839,2.070995,8.599569,0.75,0,0.1,72.51887,0.150358081,624.9982,73318.1796875,0,4298.7124328613281,0
37.1,e384,156.466919,2.08164787,8.703651,0.75,0,0.1,72.51887,0.140077367,624.9982,73293.4296875,0,4268.4632263183594,0
37.15,e384,156.571533,2.09230137,8.808267,0.75,0,0.1,72.51887,0.1813173,624.9982,73268.9765625,0,4238.2110595703125,0
37.2,e384,156.676682,2.10295653,8.913414,0.75,0,0.1,72.51887,0,624.9982,73244.7890625,0,4207.9559631347656,0
37.25,e384,156.782364,2.113613,9.019094,0.75,0,0.1,72.51887,0.143620521,624.9982,73220.8671875,0,4177.6974182128906,0
37.300000000000004,e384,156.88858,2.12426972,9.125308,0.75,0,0.1,72.51887,0.133800521,624.9982,73197.203125,0,4147.4355163574219,0
37.35,e384,156.995316,2.13492846,9.232055,0.75,0,0.1,72.51887,0.173192322,624.9982,73173.7890625,0,4117.1700744628906,0
37.4,e384,157.1026,2.14558816,9.33933449,0.75,0,0.1,72.51887,0,624.9982,73150.609375,0,4086.9014587402344,0
37.45,e384,157.2104,2.15624976,9.447147,0.75,0,0.1,72.51887,0.137184888,624.9982,73127.6640625,0,4056.6283874511719,0
37.5,e384,157.318756,2.16691184,9.555493,0.75,0,0.1,72.51887,0.127804846,624.9982,73104.953125,0,4026.3523254394531,0
37.550000000000004,e384,157.427643,2.17757583,9.664372,0.75,0,0.1,72.51887,0.165431947,624.9982,73082.453125,0,3996.0718994140625,0
37.6,e384,157.537048,2.18824172,9.773785,0.75,0,0.1,72.51887,0,624.9982,73060.1796875,0,3965.7874755859375,0
37.65,e384,157.646988,2.198921,9.883731,0.75,0,0.1,72.51887,0.131037638,624.9982,73038.1015625,0,3935.4992370605469,0
37.7,e384,157.757477,2.209602,9.994211,0.75,0,0.1,72.51887,0.122077905,624.9982,73016.2421875,0,3905.1710815429687,0
37.75,e384,157.868484,2.22028422,10.1052256,0.75,0,0.1,72.51887,0.158019021,624.9982,72994.546875,0,3874.8385620117187,0
37.800000000000004,e384,157.980042,2.23096824,10.216774,0.75,0,0.1,72.51887,0,624.9982,72973.0390625,0,3844.5020141601562,0
37.85,e384,158.092133,2.2416532,10.3288565,0.75,0,0.1,72.51887,0.125165835,624.9982,72951.7265625,0,3814.1612243652344,0
37.9,e384,158.204742,2.25233722,10.441473,0.75,0,0.1,72.51887,0.116607666,624.9982,72930.6015625,0,3803.09716796875,0
37.95,e384,158.317886,2.26301742,10.5546236,0.75,0,0.1,72.51887,0.150937825,624.9982,72909.640625,0,3804.6786499023437,0
38,e384,158.43158,2.27369475,10.6683083,0.75,0,0.1,72.51887,0,624.9982,72888.8515625,0,3806.2612915039062,0
38.050000000000004,e384,158.545792,2.28436828,10.782527,0.75,0,0.1,72.51887,0.119557165,624.9982,72868.2421875,0,3807.8453979492187,0
38.1,e384,158.660538,2.295039,10.8972788,0.75,0,0.1,72.51887,0.111382417,624.9982,72847.8046875,0,3809.4306335449219,0
38.15,e384,158.775833,2.305706,11.0125637,0.75,0,0.1,72.51887,0.144174561,624.9982,72827.5390625,0,3811.017333984375,0
38.2,e384,158.891647,2.31637,11.1283827,0.75,0,0.1,72.51887,0,624.9982,72807.4375,0,3812.6051635742187,0
38.25,e384,159.008,2.32703066,11.2447338,0.75,0,0.1,72.51887,0.11419981,624.9982,72787.4921875,0,3814.1944580078125,0
38.300000000000004,e384,159.1249,2.33768821,11.361618,0.75,0,0.1,72.51887,0.106391363,624.9982,72767.7109375,0,3815.7850036621094,0
38.35,e384,159.24231,2.34834266,11.4790354,0.75,0,0.1,72.51887,0.1377142,624.9982,72748.0703125,0,3817.3769226074219,0
38.400000000000006,e384,159.36026,2.35899353,11.5969849,0.75,0,0.1,72.51887,0,624.9982,72728.59375,0,3818.969970703125,0
38.45,e384,159.478745,2.36964154,11.7154665,0.75,0,0.1,72.51887,0.109082513,624.9982,72709.25,0,3820.5645141601562,0
38.5,e384,159.597748,2.38028646,11.8344812,0.75,0,0.1,72.51887,0.101624005,624.9982,72690.0625,0,3822.1602783203125,0
38.550000000000004,e384,159.717285,2.39092827,11.9540281,0.75,0,0.1,72.51887,0.131543025,624.9982,72671.015625,0,3823.7574462890625,0
38.6,e384,159.837372,2.40156722,12.0741062,0.75,0,0.1,72.51887,0,624.9982,72652.1015625,0,3825.3558044433594,0
38.650000000000006,e384,159.957977,2.41220355,12.1947165,0.75,0,0.1,72.51887,0.104194529,624.9982,72633.328125,0,3826.95556640625,0
38.7,e384,160.079117,2.4228375,12.3158579,0.75,0,0.1,72.51887,0.09707018,624.9982,72614.6953125,0,3828.5567626953125,0
38.75,e384,160.2008,2.43346786,12.4375315,0.75,0,0.1,72.51887,0.1256488,624.9982,72596.1875,0,3830.1592712402344,0
38.800000000000004,e384,160.323,2.44409537,12.5597363,0.75,0,0.1,72.51887,0,624.9982,72577.8125,0,3831.7631225585937,0
38.85,e384,160.44574,2.45471931,12.6824722,0.75,0,0.1,72.51887,0.09952556,624.9982,72559.5625,0,3833.3682250976562,0
38.900000000000006,e384,160.569,2.46534014,12.8057394,0.75,0,0.1,72.51887,0.09272054,624.9982,72541.4453125,0,3834.9747314453125,0
38.95,e384,160.69281,2.47595787,12.9295378,0.75,0,0.1,72.51887,0.120018132,624.9982,72523.4453125,0,3836.5824584960937,0
39,e384,160.817139,2.48657227,13.0538664,0.75,0,0.1,72.51887,0,624.9982,72505.5703125,0,3838.1912841796875,0
39.050000000000004,e384,160.941986,2.497184,13.1787252,0.75,0,0.1,72.51887,0.0950658247,624.9982,72487.8125,0,3839.8016967773437,0
39.1,e384,161.067383,2.50779223,13.3041153,0.75,0,0.1,72.51887,0.08856571,624.9982,72470.1796875,0,3841.4132690429687,0
39.150000000000006,e384,161.1933,2.518398,13.4300356,0.75,0,0.1,72.51887,0.114640221,624.9982,72452.65625,0,3843.026123046875,0
39.2,e384,161.319748,2.529,13.5564852,0.75,0,0.1,72.51887,0,624.9982,72435.25,0,3844.6403198242187,0
39.25,e384,161.446732,2.53959966,13.683465,0.75,0,0.1,72.51887,0.0908059254,624.9982,72417.96875,0,3846.255859375,0
39.300000000000004,e384,161.574249,2.55019569,13.8109751,0.75,0,0.1,72.51887,0.08459706,624.9982,72400.796875,0,3847.872802734375,0
39.35,e384,161.702286,2.560789,13.9390144,0.75,0,0.1,72.51887,0.109503292,624.9982,72383.71875,0,3849.4909057617187,0
39.400000000000006,e384,161.830856,2.57137942,14.0675831,0.75,0,0.1,72.51887,0,624.9982,72366.765625,0,3851.1102294921875,0
39.45,e384,161.959946,2.58196688,14.196681,0.75,0,0.1,72.51887,0.08673692,624.9982,72349.921875,0,3852.7310485839844,0
39.5,e384,162.089584,2.592535,14.3263083,0.75,0,0.1,72.51887,0.08080623,624.9982,72333.1796875,0,3854.3530883789062,0
39.550000000000004,e384,162.219727,2.6031003,14.4564629,0.75,0,0.1,72.51887,0.104596585,624.9982,72316.53125,0,3855.9738464355469,0
39.6,e384,162.350418,2.61366272,14.5871458,0.75,0,0.1,72.51887,0,624.9982,72300.0234375,0,3857.5961303710937,0
39.650000000000006,e384,162.481628,2.624223,14.7183571,0.75,0,0.1,72.51887,0.08285022,624.9982,72283.625,0,3859.2195434570312,0
39.7,e384,162.613373,2.63478017,14.8500957,0.75,0,0.1,72.51887,0.0771854,624.9982,72267.3125,0,3860.8444213867187,0
39.75,e384,162.745636,2.64533472,14.9823627,0.75,0,0.1,72.51887,0.099909164,624.9982,72251.109375,0,3862.4705810546875,0
39.800000000000004,e384,162.878418,2.65588641,15.1151571,0.75,0,0.1,72.51887,0,624.9982,72235.015625,0,3864.09814453125,0
39.85,e384,163.011734,2.66643572,15.2484789,0.75,0,0.1,72.51887,0.0791377053,624.9982,72219.0078125,0,3865.7269897460937,0
39.900000000000006,e384,163.1456,2.67698264,15.382328,0.75,0,0.1,72.51887,0.07372667,624.9982,72203.109375,0,3867.3572082519531,0
39.95,e384,163.279968,2.6875267,15.5167046,0.75,0,0.1,72.51887,0.09543249,624.9982,72187.3046875,0,3868.9888305664062,0
40,e384,163.414871,2.69805646,15.6516075,0.75,0,0.1,72.51887,0,624.9982,72171.59375,0,3870.6217651367187,0
40.050000000000004,e384,163.550308,2.708583,15.7870369,0.75,0,0.1,72.51887,0.07559154,624.9982,72155.96875,0,3872.2540893554687,0
40.1,e384,163.686264,2.719107,15.9229927,0.75,0,0.1,72.51887,0.07042297,624.9982,72140.46875,0,3873.8877563476562,0
40.150000000000006,e384,163.822739,2.72962832,16.0594749,0.75,0,0.1,72.51887,0.09115618,624.9982,72125.0625,0,3875.5227661132812,0
40.2,e384,163.959747,2.74014688,16.1964817,0.75,0,0.1,72.51887,0,624.9982,72109.75,0,3877.1591491699219,0
40.25,e384,164.097275,2.75067568,16.3340149,0.75,0,0.1,72.51887,0.0722042844,624.9982,72094.5234375,0,3878.7969055175781,0
40.300000000000004,e384,164.235336,2.761202,16.4720745,0.75,0,0.1,72.51887,0.06726732,624.9982,72079.40625,0,3880.4379272460937,0
40.35,e384,164.373932,2.771726,16.61066,0.75,0,0.1,72.51887,0.087071456,624.9982,72064.3515625,0,3882.0801696777344,0
40.400000000000006,e384,164.513031,2.78224683,16.749773,0.75,0,0.1,72.51887,0,624.9982,72049.3984375,0,3883.7239379882812,0
40.45,e384,164.652679,2.792765,16.8894119,0.75,0,0.1,72.51887,0.06896881,624.9982,72034.53125,0,3885.368896484375,0
40.5,e384,164.792847,2.80328131,17.0295753,0.75,0,0.1,72.51887,0.0642530844,624.9982,72019.7578125,0,3887.0151977539062,0
40.550000000000004,e384,164.933533,2.81379461,17.1702652,0.75,0,0.1,72.51887,0.08316973,624.9982,72005.0703125,0,3888.6630249023437,0
40.6,e384,165.074738,2.82430577,17.31148,0.75,0,0.1,72.51887,0,624.9982,71990.4765625,0,3890.31201171875,0
40.650000000000006,e384,165.216492,2.834814,17.45322,0.75,0,0.1,72.51887,0.0658783242,624.9982,71975.96875,0,3891.9623107910156,0
40.7,e384,165.358749,2.84532,17.5954857,0.75,0,0.1,72.51887,0.06137387,624.9982,71961.546875,0,3893.6141357421875,0
40.75,e384,165.501541,2.85582352,17.7382774,0.75,0,0.1,72.51887,0.07944309,624.9982,71947.21875,0,3895.2672119140625,0
40.800000000000004,e384,165.644867,2.866325,17.8815937,0.75,0,0.1,72.51887,0,624.9982,71932.96875,0,3896.921630859375,0
40.85,e384,165.7887,2.8768115,18.0254345,0.75,0,0.1,72.51887,0.0629263148,624.9982,71918.8203125,0,3898.577392578125,0
40.900000000000006,e384,165.93306,2.88729525,18.1698,0.75,0,0.1,72.51887,0.05862374,624.9982,71904.7421875,0,3900.2325439453125,0
40.95,e384,166.077957,2.89777756,18.31469,0.75,0,0.1,72.51887,0.07588306,624.9982,71890.7734375,0,3901.8892211914062,0
41,e384,166.223358,2.90825677,18.4601021,0.75,0,0.1,72.51887,0,624.9982,71876.890625,0,3903.5470581054687,0
41.050000000000004,e384,166.369308,2.91873717,18.60604,0.75,0,0.1,72.51887,0.06010659,624.9982,71863.09375,0,3905.2064208984375,0
41.1,e384,166.515762,2.92921448,18.7525,0.75,0,0.1,72.51887,0.0559967943,624.9982,71849.3828125,0,3906.867431640625,0
41.150000000000006,e384,166.66275,2.93968964,18.8994846,0.75,0,0.1,72.51887,0.07248282,624.9982,71835.7578125,0,3908.5298461914062,0
41.2,e384,166.810257,2.95016146,19.0469933,0.75,0,0.1,72.51887,0,624.9982,71822.21875,0,3910.1935424804687,0
41.25,e384,166.958282,2.96063161,19.1950245,0.75,0,0.1,72.51887,0.0574132055,624.9982,71808.7578125,0,3911.858642578125,0
41.300000000000004,e384,167.106842,2.97109866,19.34358,0.75,0,0.1,72.51887,0.0534875952,624.9982,71795.390625,0,3913.5249938964844,0
41.35,e384,167.25592,2.98156357,19.4926586,0.75,0,0.1,72.51887,0.06923475,624.9982,71782.1015625,0,3915.1927490234375,0
41.400000000000006,e384,167.405518,2.99202561,19.64226,0.75,0,0.1,72.51887,0,624.9982,71768.90625,0,3916.8616333007812,0
41.45,e384,167.555649,3.00248528,19.7923832,0.75,0,0.1,72.51887,0.0548405237,624.9982,71755.78125,0,3918.531982421875,0
41.5,e384,167.7063,3.012943,19.94303,0.75,0,0.1,72.51887,0.0510907955,624.9982,71742.75,0,3920.2035522460937,0
41.550000000000004,e384,167.857468,3.02339745,20.0942,0.75,0,0.1,72.51887,0.06613246,624.9982,71729.8046875,0,3921.8765869140625,0
41.6,e384,168.009155,3.03385,20.2458935,0.75,0,0.1,72.51887,0,624.9982,71716.9375,0,3923.5509643554687,0
41.650000000000006,e384,168.161377,3.0443,20.39811,0.75,0,0.1,72.51887,0.05238312,624.9982,71704.15625,0,3925.2265625,0
41.7,e384,168.314117,3.0547483,20.5508461,0.75,0,0.1,72.51887,0.0488014333,624.9982,71691.4609375,0,3926.9035034179687,0
41.75,e384,168.467361,3.06519318,20.7041054,0.75,0,0.1,72.51887,0.063169,624.9982,71678.8515625,0,3928.5818786621094,0
41.800000000000004,e384,168.621155,3.07563639,20.8578873,0.75,0,0.1,72.51887,0,624.9982,71666.3125,0,3930.261474609375,0
41.85,e384,168.775452,3.08607721,21.0121918,0.75,0,0.1,72.51887,0.05003583,624.9982,71653.875,0,3931.9424438476562,0
41.900000000000006,e384,168.930283,3.096516,21.167017,0.75,0,0.1,72.51887,0.0466146544,624.9982,71641.5078125,0,3933.6248168945312,0
41.95,e384,169.085632,3.10695243,21.3223648,0.75,0,0.1,72.51887,0.06033831,624.9982,71629.2265625,0,3935.3086547851562,0
42,e384,169.2415,3.11738515,21.4782333,0.75,0,0.1,72.51887,0,624.9982,71617.03125,0,3936.9935913085937,0
42.050000000000004,e384,169.397888,3.12781549,21.6346245,0.75,0,0.1,72.51887,0.0477937274,624.9982,71604.90625,0,3938.6797180175781,0
42.1,e384,169.55481,3.13824439,21.7915363,0.75,0,0.1,72.51887,0.0445258133,624.9982,71592.8828125,0,3940.3673095703125,0
42.150000000000006,e384,169.712234,3.1486702,21.94897,0.75,0,0.1,72.51887,0.057634756,624.9982,71580.9296875,0,3942.0562438964844,0
42.2,e384,169.870178,3.15909386,22.106926,0.75,0,0.1,72.51887,0,624.9982,71569.0703125,0,3943.746337890625,0
42.25,e384,170.028671,3.16951561,22.2654018,0.75,0,0.1,72.51887,0.0456520878,624.9982,71557.296875,0,3945.43798828125,0
42.300000000000004,e384,170.187668,3.17993546,22.4243984,0.75,0,0.1,72.51887,0.0425306447,624.9982,71545.59375,0,3947.1309814453125,0
42.35,e384,170.347183,3.19035316,22.5839157,0.75,0,0.1,72.51887,0.0550519824,624.9982,71533.9765625,0,3948.8252563476562,0
42.400000000000006,e384,170.507217,3.200768,22.7439537,0.75,0,0.1,72.51887,0,624.9982,71522.4453125,0,3950.5208435058594,0
42.45,e384,170.667786,3.2111814,22.9045124,0.75,0,0.1,72.51887,0.04360642,624.9982,71511,0,3952.2177734375,0
42.5,e384,170.828857,3.22159243,23.0655918,0.75,0,0.1,72.51887,0.04062483,624.9982,71499.6328125,0,3953.9161987304687,0
42.550000000000004,e384,170.990448,3.232002,23.2271919,0.75,0,0.1,72.51887,0.0525851622,624.9982,71488.3515625,0,3955.6160278320312,0
42.6,e384,171.152573,3.242409,23.3893127,0.75,0,0.1,72.51887,0,624.9982,71477.15625,0,3957.317138671875,0
42.650000000000006,e384,171.315216,3.25281477,23.5519543,0.75,0,0.1,72.51887,0.04165241,624.9982,71466.03125,0,3959.0196533203125,0
42.7,e384,171.478378,3.263218,23.7151146,0.75,0,0.1,72.51887,0.03880444,624.9982,71455,0,3960.7236328125,0
42.75,e384,171.642059,3.27361917,23.8787956,0.75,0,0.1,72.51887,0.0502287559,624.9982,71444.0625,0,3962.4287719726562,0
42.800000000000004,e384,171.806259,3.28401923,24.0429974,0.75,0,0.1,72.51887,0,624.9982,71433.1875,0,3964.1354370117187,0
42.85,e384,171.970978,3.29441643,24.2077179,0.75,0,0.1,72.51887,0.0397859663,624.9982,71422.40625,0,3965.8436279296875,0
42.900000000000006,e384,172.13623,3.3048,24.3729572,0.75,0,0.1,72.51887,0.0370656028,624.9982,71411.703125,0,3967.552978515625,0
42.95,e384,172.301987,3.31518126,24.5387154,0.75,0,0.1,72.51887,0.0479780622,624.9982,71401.078125,0,3969.26171875,0
43,e384,172.468262,3.32556033,24.7049942,0.75,0,0.1,72.51887,0,624.9982,71390.5546875,0,3970.9718627929687,0
43.050000000000004,e384,172.635056,3.3359375,24.8717918,0.75,0,0.1,72.51887,0.0380031578,624.9982,71380.1171875,0,3972.683349609375,0
43.1,e384,172.802368,3.34631324,25.0391083,0.75,0,0.1,72.51887,0.0354047,624.9982,71369.7578125,0,3974.3963317871094,0
43.150000000000006,e384,172.9702,3.356686,25.2069435,0.75,0,0.1,72.51887,0.0458281226,624.9982,71359.484375,0,3976.1104431152344,0
43.2,e384,173.138565,3.3670578,25.3752956,0.75,0,0.1,72.51887,0,624.9982,71349.296875,0,3977.8261108398437,0
43.25,e384,173.307434,3.37742758,25.5441666,0.75,0,0.1,72.51887,0.03630024,624.9982,71339.1953125,0,3979.5430297851562,0
43.300000000000004,e384,173.476822,3.38779473,25.7135563,0.75,0,0.1,72.51887,0.03381819,624.9982,71329.1796875,0,3981.261474609375,0
43.35,e384,173.646729,3.3981607,25.8834648,0.75,0,0.1,72.51887,0.0437747,624.9982,71319.2421875,0,3982.981201171875,0
43.400000000000006,e384,173.817154,3.408524,26.05389,0.75,0,0.1,72.51887,0,624.9982,71309.390625,0,3984.7022094726562,0
43.45,e384,173.9881,3.41888618,26.2248344,0.75,0,0.1,72.51887,0.0346736237,624.9982,71299.625,0,3986.4246826171875,0
43.5,e384,174.159561,3.42924666,26.3962975,0.75,0,0.1,72.51887,0.03230282,624.9982,71289.953125,0,3988.1485900878906,0
43.550000000000004,e384,174.331543,3.43960452,26.5682774,0.75,0,0.1,72.51887,0.041813042,624.9982,71280.3515625,0,3989.8738403320312,0
43.6,e384,174.504044,3.44996119,26.7407761,0.75,0,0.1,72.51887,0,624.9982,71270.84375,0,3991.6004028320312,0
43.650000000000006,e384,174.677048,3.46031618,26.9137917,0.75,0,0.1,72.51887,0.0331199,624.9982,71261.421875,0,3993.3284301757812,0
43.7,e384,174.850586,3.47066927,27.087326,0.75,0,0.1,72.51887,0.03085531,624.9982,71252.0859375,0,3995.0579833984375,0
43.75,e384,175.024643,3.48102069,27.2613773,0.75,0,0.1,72.51887,0.0399395041,624.9982,71242.8359375,0,3996.7886962890625,0
43.800000000000004,e384,175.1992,3.491371,27.4359455,0.75,0,0.1,72.51887,0,624.9982,71233.6640625,0,3998.5208435058594,0
43.85,e384,175.3743,3.501719,27.61103,0.75,0,0.1,72.51887,0.0316357948,624.9982,71224.5859375,0,4000.2544555664062,0
43.900000000000006,e384,175.5499,3.512066,27.7866344,0.75,0,0.1,72.51887,0.0294727068,624.9982,71215.6015625,0,4001.9896850585937,0
43.95,e384,175.726013,3.522411,27.9627552,0.75,0,0.1,72.51887,0.0381496958,624.9982,71206.6875,0,4003.7260437011719,0
44,e384,175.902649,3.53275442,28.1393929,0.75,0,0.1,72.51887,0,624.9982,71197.8671875,0,4005.4638671875,0
44.050000000000004,e384,176.0798,3.5430963,28.3165474,0.75,0,0.1,72.51887,0.0302181933,624.9982,71189.140625,0,4007.2031555175781,0
44.1,e384,176.257477,3.55343652,28.4942188,0.75,0,0.1,72.51887,0.028152043,624.9982,71180.4921875,0,4008.9440002441406,0
44.150000000000006,e384,176.435669,3.563776,28.6724072,0.75,0,0.1,72.51887,0.03644017,624.9982,71171.9375,0,4010.6860961914062,0
44.2,e384,176.61438,3.574114,28.8511124,0.75,0,0.1,72.51887,0,624.9982,71163.46875,0,4012.4297485351562,0
44.25,e384,176.7936,3.58445144,29.0303345,0.75,0,0.1,72.51887,0.0288641155,624.9982,71155.0859375,0,4014.1748046875,0
44.300000000000004,e384,176.973328,3.59478712,29.2100735,0.75,0,0.1,72.51887,0.0268905461,624.9982,71146.7890625,0,4015.92138671875,0
44.35,e384,177.1536,3.60512137,29.39033,0.75,0,0.1,72.51887,0.0348073,624.9982,71138.5859375,0,4017.66943359375,0
44.400000000000006,e384,177.334366,3.61545444,29.5711021,0.75,0,0.1,72.51887,0,624.9982,71130.46875,0,4019.4190063476562,0
44.45,e384,177.515656,3.6257863,29.7523918,0.75,0,0.1,72.51887,0.0275707152,624.9982,71122.4453125,0,4021.1701049804687,0
44.5,e384,177.697449,3.6361177,29.9341984,0.75,0,0.1,72.51887,0.0256855674,624.9982,71114.5078125,0,4022.922607421875,0
44.550000000000004,e384,177.879776,3.64644766,30.11652,0.75,0,0.1,72.51887,0.0332476422,624.9982,71106.65625,0,4024.6765441894531,0
44.6,e384,178.062622,3.65678787,30.29936,0.75,0,0.1,72.51887,0,624.9982,71098.890625,0,4026.4319152832031,0
44.650000000000006,e384,178.245972,3.66712737,30.4827175,0.75,0,0.1,72.51887,0.0263352729,624.9982,71091.2421875,0,4028.1908569335938,0
44.7,e384,178.429855,3.67746544,30.6665916,0.75,0,0.1,72.51887,0.0245345943,624.9982,71083.65625,0,4029.951416015625,0
44.75,e384,178.614227,3.68780279,30.8509827,0.75,0,0.1,72.51887,0.0317578427,624.9982,71076.1640625,0,4031.7132568359375,0
44.800000000000004,e384,178.799149,3.698138,31.0358887,0.75,0,0.1,72.51887,0,624.9982,71068.7578125,0,4033.4766845703125,0
44.85,e384,178.984573,3.708473,31.2213116,0.75,0,0.1,72.51887,0.02515519,624.9982,71061.4453125,0,4035.2415161132812,0
44.900000000000006,e384,179.170517,3.71880579,31.4072514,0.75,0,0.1,72.51887,0.02343519,624.9982,71054.234375,0,4037.0079345703125,0
44.95,e384,179.356964,3.729138,31.593708,0.75,0,0.1,72.51887,0.0303348061,624.9982,71047.109375,0,4038.775634765625,0
45,e384,179.543945,3.73946929,31.7806816,0.75,0,0.1,72.51887,0,624.9982,71040.0703125,0,4040.5449829101562,0
45.050000000000004,e384,179.73143,3.7497983,31.9681721,0.75,0,0.1,72.51887,0.0240279846,624.9982,71033.125,0,4042.3157958984375,0
45.1,e384,179.919434,3.76012754,32.1561775,0.75,0,0.1,72.51887,0.0223850645,624.9982,71026.28125,0,4044.0879821777344,0
45.150000000000006,e384,180.107971,3.77045441,32.3447,0.75,0,0.1,72.51887,0.0289754868,624.9982,71019.5234375,0,4045.861572265625,0
45.2,e384,180.297,3.78078079,32.5337372,0.75,0,0.1,72.51887,0,624.9982,71012.8671875,0,4047.6367797851562,0
45.25,e384,180.486557,3.791107,32.7232933,0.75,0,0.1,72.51887,0.0229512919,624.9982,71006.296875,0,4049.4134521484375,0
45.300000000000004,e384,180.676636,3.80143142,32.9133644,0.75,0,0.1,72.51887,0.0213819873,624.9982,70999.828125,0,4051.1916809082031,0
45.35,e384,180.867218,3.8117547,33.10395,0.75,0,0.1,72.51887,0.0276771,624.9982,70993.453125,0,4052.9715270996094,0
45.400000000000006,e384,181.058319,3.82207656,33.2950554,0.75,0,0.1,72.51887,0,624.9982,70987.1640625,0,4054.7526245117187,0
45.45,e384,181.249939,3.83239722,33.4866753,0.75,0,0.1,72.51887,0.0219228435,624.9982,70980.984375,0,4056.5353088378906,0
45.5,e384,181.442078,3.84271646,33.67881,0.75,0,0.1,72.51887,0.0204238668,624.9982,70974.890625,0,4058.3192749023437,0
45.550000000000004,e384,181.63472,3.85303473,33.87146,0.75,0,0.1,72.51887,0.0264368542,624.9982,70968.8984375,0,4060.1047973632812,0
45.6,e384,181.8279,3.86335135,34.06463,0.75,0,0.1,72.51887,0,624.9982,70963.0078125,0,4061.891845703125,0
45.650000000000006,e384,182.021576,3.87366652,34.2583122,0.75,0,0.1,72.51887,0.020940477,624.9982,70957.203125,0,4063.6801452636719,0
45.7,e384,182.215775,3.88398,34.45251,0.75,0,0.1,72.51887,0.0195086785,624.9982,70951.5078125,0,4065.4700622558594,0
45.75,e384,182.410492,3.894293,34.6472244,0.75,0,0.1,72.51887,0.0252521951,624.9982,70945.8984375,0,4067.2612609863281,0
45.800000000000004,e384,182.605728,3.90460539,34.842453,0.75,0,0.1,72.51887,0,624.9982,70940.3984375,0,4069.0540771484375,0
45.85,e384,182.801468,3.91491652,35.0382,0.75,0,0.1,72.51887,0.0200021379,624.9982,70934.9921875,0,4070.8482666015625,0
45.900000000000006,e384,182.997726,3.92522645,35.2344627,0.75,0,0.1,72.51887,0.01863449,624.9982,70929.6875,0,4072.6441345214844,0
45.95,e384,183.1945,3.93553567,35.43124,0.75,0,0.1,72.51887,0.02412067,624.9982,70924.484375,0,4074.4414672851562,0
46,e384,183.3918,3.945841,35.6285324,0.75,0,0.1,72.51887,0,624.9982,70919.375,0,4076.2402038574219,0
46.050000000000004,e384,183.589615,3.95614576,35.82634,0.75,0,0.1,72.51887,0.114635065,624.9982,70914.3671875,0,4078.0401611328125,0
46.1,e384,183.787933,3.96644926,36.024662,0.75,0,0.1,72.51887,0,624.9982,70909.46875,0,4079.8414306640625,0
46.150000000000006,e384,183.986771,3.97675157,36.2235,0.75,0,0.1,72.51887,0.112037227,624.9982,70904.671875,0,4081.644287109375,0
46.2,e384,184.186127,3.98705339,36.42285,0.75,0,0.1,72.51887,0,624.9982,70899.9765625,0,4083.4486083984375,0
46.25,e384,184.385986,3.99736619,36.62272,0.75,0,0.1,72.51887,0.10949827,624.9982,70895.375,0,4085.25439453125,0
46.300000000000004,e384,184.586365,4.00767851,36.8231,0.75,0,0.1,72.51887,0,624.9982,70890.90625,0,4087.06396484375,0
46.35,e384,184.787277,4.01798964,37.0240021,0.75,0,0.1,72.51887,0.107016839,624.9982,70886.515625,0,4088.8748779296875,0
46.400000000000006,e384,184.9887,4.02829933,37.2254181,0.75,0,0.1,72.51887,0,624.9982,70882.2265625,0,4090.6873168945312,0
46.45,e384,185.190613,4.038609,37.42735,0.75,0,0.1,72.51887,0.10459166,624.9982,70878.046875,0,4092.5012817382812,0
46.5,e384,185.393066,4.048918,37.6297951,0.75,0,0.1,72.51887,0,624.9982,70873.9765625,0,4094.3169860839844,0
46.550000000000004,e384,185.596024,4.05922651,37.832756,0.75,0,0.1,72.51887,0.102221414,624.9982,70870.0078125,0,4096.1340942382812,0
46.6,e384,185.7995,4.069512,38.036232,0.75,0,0.1,72.51887,0,624.9982,70866.140625,0,4097.9526977539062,0
46.650000000000006,e384,186.0035,4.079797,38.2402229,0.75,0,0.1,72.51887,0.0999049,624.9982,70862.359375,0,4099.7691345214844,0
46.7,e384,186.208,4.09006929,38.444725,0.75,0,0.1,72.51887,0,624.9982,70858.71875,0,4101.5870971679687,0
46.75,e384,186.41301,4.10034132,38.6497421,0.75,0,0.1,72.51887,0.09764087,624.9982,70855.1640625,0,4103.4043884277344,0
46.800000000000004,e384,186.618546,4.1106143,38.8552742,0.75,0,0.1,72.51887,0,624.9982,70851.734375,0,4105.2232666015625,0
46.85,e384,186.824585,4.12088728,39.0613174,0.75,0,0.1,72.51887,0.09542815,624.9982,70848.4296875,0,4107.0440673828125,0
46.900000000000006,e384,187.031143,4.13115835,39.2678757,0.75,0,0.1,72.51887,0,624.9982,70845.21875,0,4108.8663940429687,0
46.95,e384,187.23822,4.14142942,39.47495,0.75,0,0.1,72.51887,0.0932655856,624.9982,70842.125,0,4110.6902160644531,0
47,e384,187.4458,4.15169859,39.6825333,0.75,0,0.1,72.51887,0,624.9982,70839.1328125,0,4112.515625,0
47.050000000000004,e384,187.6539,4.161967,39.8906326,0.75,0,0.1,72.51887,0.09115203,624.9982,70836.2578125,0,4114.3423461914062,0
47.1,e384,187.862518,4.172234,40.0992432,0.75,0,0.1,72.51887,0,624.9982,70833.4921875,0,4116.170654296875,0
47.150000000000006,e384,188.07164,4.18250036,40.30837,0.75,0,0.1,72.51887,0.08908636,624.9982,70830.84375,0,4118.0003356933594,0
47.2,e384,188.281281,4.192766,40.5180054,0.75,0,0.1,72.51887,0,624.9982,70828.3046875,0,4119.83154296875,0
47.25,e384,188.491425,4.203031,40.728157,0.75,0,0.1,72.51887,0.0870675,624.9982,70825.875,0,4121.6641235351562,0
47.300000000000004,e384,188.702087,4.213295,40.9388237,0.75,0,0.1,72.51887,0,624.9982,70823.5703125,0,4123.4984741210937,0
47.35,e384,188.913269,4.22355843,41.15,0.75,0,0.1,72.51887,0.0850944,624.9982,70821.375,0,4125.3341674804687,0
47.400000000000006,e384,189.124954,4.23382139,41.3616943,0.75,0,0.1,72.51887,0,624.9982,70819.296875,0,4127.1715393066406,0
47.45,e384,189.337158,4.244083,41.5739,0.75,0,0.1,72.51887,0.083166,624.9982,70817.3359375,0,4129.01025390625,0
47.5,e384,189.549881,4.25434446,41.7866173,0.75,0,0.1,72.51887,0,624.9982,70815.5,0,4130.8505249023437,0
47.550000000000004,e384,189.7631,4.26460361,41.9998474,0.75,0,0.1,72.51887,0.08128132,624.9982,70813.765625,0,4132.6924438476562,0
47.6,e384,189.976852,4.27486229,42.21359,0.75,0,0.1,72.51887,0,624.9982,70812.15625,0,4134.53564453125,0
47.650000000000006,e384,190.191116,4.28512049,42.427845,0.75,0,0.1,72.51887,0.0794393346,624.9982,70810.671875,0,4136.3804321289062,0
47.7,e384,190.405884,4.295378,42.6426125,0.75,0,0.1,72.51887,0,624.9982,70809.296875,0,4138.2266845703125,0
47.75,e384,190.621155,4.305635,42.8578949,0.75,0,0.1,72.51887,0.0776390955,624.9982,70808.0546875,0,4140.0744934082031,0
47.800000000000004,e384,190.836945,4.31589127,43.07369,0.75,0,0.1,72.51887,0,624.9982,70806.921875,0,4141.9238586425781,0
47.85,e384,191.053253,4.326147,43.2899971,0.75,0,0.1,72.51887,0.07587965,624.9982,70805.921875,0,4143.7748107910156,0
47.900000000000006,e384,191.270081,4.33640242,43.5068169,0.75,0,0.1,72.51887,0,624.9982,70805.0390625,0,4145.6271667480469,0
47.95,e384,191.487411,4.34665775,43.72415,0.75,0,0.1,72.51887,0.0741600841,624.9982,70804.28125,0,4147.4812927246094,0
48,e384,191.705261,4.35691261,43.9419975,0.75,0,0.1,72.51887,0,624.9982,70803.6484375,0,4149.3370666503906,0
48.050000000000004,e384,191.923615,4.367167,44.1603546,0.75,0,0.1,72.51887,0.07247948,624.9982,70803.1484375,0,4151.1942749023437,0
48.1,e384,192.142487,4.377422,44.3792267,0.75,0,0.1,72.51887,0,624.9982,70802.765625,0,4153.0530395507812,0
48.150000000000006,e384,192.361877,4.38766432,44.59861,0.75,0,0.1,72.51887,0.07083697,624.9982,70802.5078125,0,4154.91357421875,0
48.2,e384,192.581772,4.397906,44.8185043,0.75,0,0.1,72.51887,0,624.9982,70802.359375,0,4156.7735595703125,0
48.25,e384,192.80217,4.40814734,45.03891,0.75,0,0.1,72.51887,0.06923168,624.9982,70802.3671875,0,4158.6349182128906,0
48.300000000000004,e384,193.0231,4.418389,45.25983,0.75,0,0.1,72.51887,0,624.9982,70802.5,0,4160.4981689453125,0
48.35,e384,193.244522,4.42863035,45.4812622,0.75,0,0.1,72.51887,0.06766277,624.9982,70802.7578125,0,4162.3629150390625,0
48.400000000000006,e384,193.466476,4.43887043,45.7032051,0.75,0,0.1,72.51887,0,624.9982,70803.1484375,0,4164.2290954589844,0
48.45,e384,193.688919,4.44911051,45.92566,0.75,0,0.1,72.51887,0.06612941,624.9982,70803.671875,0,4166.0970458984375,0
48.5,e384,193.9119,4.45935059,46.14863,0.75,0,0.1,72.51887,0,624.9982,70804.328125,0,4167.9664916992187,0
48.550000000000004,e384,194.135376,4.46959,46.37211,0.75,0,0.1,72.51887,0.06463079,624.9982,70805.125,0,4169.8374938964844,0
48.6,e384,194.35936,4.47983,46.5961,0.75,0,0.1,72.51887,0,624.9982,70806.0546875,0,4171.7100830078125,0
48.650000000000006,e384,194.583862,4.490069,46.8206024,0.75,0,0.1,72.51887,0.06316615,624.9982,70807.109375,0,4173.5844421386719,0
48.7,e384,194.808884,4.50030851,47.0456161,0.75,0,0.1,72.51887,0,624.9982,70808.3046875,0,4175.4602966308594,0
48.75,e384,195.034409,4.510547,47.2711449,0.75,0,0.1,72.51887,0.061734695,624.9982,70809.6484375,0,4177.3377685546875,0
48.800000000000004,e384,195.260452,4.52078629,47.4971848,0.75,0,0.1,72.51887,0,624.9982,70811.125,0,4179.2168884277344,0
48.85,e384,195.487,4.53102541,47.7237358,0.75,0,0.1,72.51887,0.0603356734,624.9982,70812.7421875,0,4181.09765625,0
48.900000000000006,e384,195.714066,4.54126453,47.950798,0.75,0,0.1,72.51887,0,624.9982,70814.5,0,4182.9801025390625,0
48.95,e384,195.941635,4.55150366,48.17837,0.75,0,0.1,72.51887,0.0589683577,624.9982,70816.390625,0,4184.8641967773437,0
49,e384,196.169724,4.56174326,48.40646,0.75,0,0.1,72.51887,0,624.9982,70818.4375,0,4186.7499389648437,0
49.050000000000004,e384,196.398331,4.57198334,48.63506,0.75,0,0.1,72.51887,0.0576320328,624.9982,70820.6171875,0,4188.637451171875,0
49.1,e384,196.627441,4.58222246,48.86417,0.75,0,0.1,72.51887,0,624.9982,70822.9453125,0,4190.5265502929687,0
49.150000000000006,e384,196.857056,4.592464,49.093792,0.75,0,0.1,72.51887,0.056325987,624.9982,70825.421875,0,4192.4174194335937,0
49.2,e384,197.087189,4.6026206,49.32392,0.75,0,0.1,72.51887,0,624.9982,70828.0546875,0,4194.3099365234375,0
49.25,e384,197.317825,4.612778,49.55456,0.75,0,0.1,72.51887,0.0550495423,624.9982,70830.6796875,0,4196.1887817382812,0
49.300000000000004,e384,197.548981,4.62293673,49.78571,0.75,0,0.1,72.51887,0,624.9982,70833.5703125,0,4198.0693359375,0
49.35,e384,197.78064,4.633096,50.0173645,0.75,0,0.1,72.51887,0.0538020134,624.9982,70836.6171875,0,4199.9516296386719,0
49.400000000000006,e384,198.0128,4.64325666,50.249527,0.75,0,0.1,72.51887,0,624.9982,70839.8046875,0,4201.835693359375,0
49.45,e384,198.245468,4.653416,50.4821968,0.75,0,0.1,72.51887,0.0525827631,624.9982,70843.15625,0,4203.721435546875,0
49.5,e384,198.478653,4.66358948,50.7153778,0.75,0,0.1,72.51887,0,624.9982,70846.6484375,0,4205.6089782714844,0
49.550000000000004,e384,198.712326,4.673762,50.9490662,0.75,0,0.1,72.51887,0.05139115,624.9982,70850.3203125,0,4207.5004577636719,0
49.6,e384,198.946533,4.68393564,51.18326,0.75,0,0.1,72.51887,0,624.9982,70854.1328125,0,4209.3933715820312,0
49.650000000000006,e384,199.181229,4.69411039,51.41797,0.75,0,0.1,72.51887,0.0502265356,624.9982,70858.09375,0,4211.288330078125,0
49.7,e384,199.416443,4.70428467,51.653183,0.75,0,0.1,72.51887,0,624.9982,70862.2265625,0,4213.1849060058594,0
49.75,e384,199.652176,4.714461,51.8889046,0.75,0,0.1,72.51887,0.04908831,624.9982,70866.5,0,4215.0832214355469,0
49.800000000000004,e384,199.8884,4.72463655,52.1251373,0.75,0,0.1,72.51887,0,624.9982,70870.9453125,0,4216.9834594726562,0
49.85,e384,200.125153,4.73481369,52.3618774,0.75,0,0.1,72.51887,0.0479758866,624.9982,70875.5546875,0,4218.8852233886719,0
49.900000000000006,e384,200.3624,4.7449913,52.59913,0.75,0,0.1,72.51887,0,624.9982,70880.328125,0,4220.7888793945312,0
49.95,e384,200.600159,4.75516939,52.8368874,0.75,0,0.1,72.51887,0.04688866,624.9982,70885.265625,0,4222.6941833496094,0
50,e384,200.838425,4.76535034,53.0751534,0.75,0,0.1,72.51887,0,624.9982,70890.3671875,0,4224.6014709472656,0
50.050000000000004,e384,201.0772,4.77553034,53.31393,0.75,0,0.1,72.51887,0.0458260849,624.9982,70895.640625,0,4226.5104064941406,0
50.1,e384,201.316483,4.785712,53.553215,0.75,0,0.1,72.51887,0,624.9982,70901.078125,0,4228.4212341308594,0
50.150000000000006,e384,201.55629,4.795893,53.79301,0.75,0,0.1,72.51887,0.0447875857,624.9982,70906.6875,0,4230.3336791992187,0
50.2,e384,201.796585,4.80607462,54.0333138,0.75,0,0.1,72.51887,0,624.9982,70912.46875,0,4232.2479858398437,0
50.25,e384,202.0374,4.816257,54.274128,0.75,0,0.1,72.51887,0.0437726155,624.9982,70918.4140625,0,4234.1640014648437,0
50.300000000000004,e384,202.278717,4.82644033,54.51545,0.75,0,0.1,72.51887,0,624.9982,70924.5546875,0,4236.08154296875,0
50.35,e384,202.520554,4.836624,54.7572823,0.75,0,0.1,72.51887,0.0427806452,624.9982,70930.859375,0,4238.0010986328125,0
50.400000000000006,e384,202.7629,4.846809,54.9996223,0.75,0,0.1,72.51887,0,624.9982,70937.34375,0,4239.9223327636719,0
50.45,e384,203.005737,4.856994,55.2424736,0.75,0,0.1,72.51887,0.0418111645,624.9982,70944.0078125,0,4241.84521484375,0
50.5,e384,203.249115,4.86718,55.4858322,0.75,0,0.1,72.51887,0,624.9982,70950.859375,0,4243.7699584960937,0
50.550000000000004,e384,203.492981,4.8773675,55.729702,0.75,0,0.1,72.51887,0.0408636443,624.9982,70957.890625,0,4245.6964721679687,0
50.6,e384,203.73735,4.88755274,55.97408,0.75,0,0.1,72.51887,0,624.9982,70965.109375,0,4247.6248168945312,0
50.650000000000006,e384,203.982239,4.897739,56.2189674,0.75,0,0.1,72.51887,0.0399376042,624.9982,70972.5,0,4249.5543518066406,0
50.7,e384,204.227631,4.907925,56.4643631,0.75,0,0.1,72.51887,0,624.9982,70980.09375,0,4251.48583984375,0
50.75,e384,204.473541,4.91811,56.71027,0.75,0,0.1,72.51887,0.03903255,624.9982,70987.8828125,0,4253.4190063476562,0
50.800000000000004,e384,204.719955,4.928295,56.9566841,0.75,0,0.1,72.51887,0,624.9982,70995.84375,0,4255.3533630371094,0
50.85,e384,204.966873,4.938482,57.20361,0.75,0,0.1,72.51887,0.0381480046,624.9982,71004.015625,0,4257.2895202636719,0
50.900000000000006,e384,205.21431,4.94867,57.4510422,0.75,0,0.1,72.51887,0,624.9982,71012.3828125,0,4259.2275390625,0
50.95,e384,205.46225,4.958859,57.6989861,0.75,0,0.1,72.51887,0.0372834951,624.9982,71020.9375,0,4261.16748046875,0
51,e384,205.710709,4.96905,57.9474373,0.75,0,0.1,72.51887,0,624.9982,71029.703125,0,4263.1092834472656,0
51.050000000000004,e384,205.959671,4.979241,58.1964,0.75,0,0.1,72.51887,0.0364385881,624.9982,71038.6640625,0,4265.052978515625,0
51.1,e384,206.209152,4.98943472,58.4458733,0.75,0,0.1,72.51887,0,624.9982,71047.8359375,0,4266.9985046386719,0
51.150000000000006,e384,206.459122,4.99961853,58.6958542,0.75,0,0.1,72.51887,0.03561282,624.9982,71057.21875,0,4268.9460144042969,0
51.2,e384,206.70961,5.009804,58.9463463,0.75,0,0.1,72.51887,0,624.9982,71066.78125,0,4270.8931884765625,0
51.25,e384,206.960617,5.01999044,59.1973457,0.75,0,0.1,72.51887,0.0348057747,624.9982,71076.5625,0,4272.8424987792969,0
51.300000000000004,e384,207.212128,5.03018045,59.4488564,0.75,0,0.1,72.51887,0,624.9982,71086.5625,0,4274.7934875488281,0
51.35,e384,207.464142,5.04037142,59.7008743,0.75,0,0.1,72.51887,0.0340170152,624.9982,71096.7890625,0,4276.7470092773437,0
51.400000000000006,e384,207.716675,5.05056429,59.9534035,0.75,0,0.1,72.51887,0,624.9982,71107.21875,0,4278.7023315429687,0
51.45,e384,207.969711,5.060757,60.20644,0.75,0,0.1,72.51887,0.03324613,624.9982,71117.875,0,4280.6593627929687,0
51.5,e384,208.223251,5.070952,60.4599876,0.75,0,0.1,72.51887,0,624.9982,71128.75,0,4282.6181945800781,0
51.550000000000004,e384,208.47731,5.08114767,60.7140465,0.75,0,0.1,72.51887,0.0324927121,624.9982,71139.8515625,0,4284.5788269042969,0
51.6,e384,208.731873,5.09134531,60.9686127,0.75,0,0.1,72.51887,0,624.9982,71151.1796875,0,4286.5415649414062,0
51.650000000000006,e384,208.986954,5.10154343,61.22369,0.75,0,0.1,72.51887,0.03175637,624.9982,71162.734375,0,4288.506103515625,0
51.7,e384,209.242538,5.11174345,61.47928,0.75,0,0.1,72.51887,0,624.9982,71174.5234375,0,4290.4725036621094,0
51.75,e384,209.498642,5.121945,61.7353745,0.75,0,0.1,72.51887,0.031036716,624.9982,71186.5546875,0,4292.4408569335937,0
51.800000000000004,e384,209.755249,5.13214827,61.99198,0.75,0,0.1,72.51887,0,624.9982,71198.8125,0,4294.4111633300781,0
51.85,e384,210.01236,5.14235163,62.2491,0.75,0,0.1,72.51887,0.0303333662,624.9982,71211.3125,0,4296.3834838867187,0
51.900000000000006,e384,210.269989,5.152556,62.50673,0.75,0,0.1,72.51887,0,624.9982,71224.0625,0,4298.3572998046875,0
51.95,e384,210.528122,5.162762,62.7648659,0.75,0,0.1,72.51887,0.0296459589,624.9982,71237.046875,0,4300.3330993652344,0
52,e384,210.786774,5.17297029,63.0235138,0.75,0,0.1,72.51887,0,624.9982,71250.2890625,0,4302.3110046386719,0
52.050000000000004,e384,211.045929,5.18318129,63.2826729,0.75,0,0.1,72.51887,0.0289741289,624.9982,71263.78125,0,4304.290771484375,0
52.1,e384,211.3056,5.193393,63.5423431,0.75,0,0.1,72.51887,0,624.9982,71277.5234375,0,4306.2725219726562,0
52.150000000000006,e384,211.565781,5.203606,63.8025246,0.75,0,0.1,72.51887,0.0283175241,624.9982,71291.5234375,0,4308.2562561035156,0
52.2,e384,211.826477,5.213822,64.06322,0.75,0,0.1,72.51887,0,624.9982,71305.796875,0,4310.2420959472656,0
52.25,e384,212.087677,5.22404051,64.32442,0.75,0,0.1,72.51887,0.0276758,624.9982,71320.3203125,0,4312.2298278808594,0
52.300000000000004,e384,212.3494,5.23426056,64.58613,0.75,0,0.1,72.51887,0,624.9982,71335.125,0,4314.2196044921875,0
52.35,e384,212.611618,5.24448252,64.84835,0.75,0,0.1,72.51887,0.0270486157,624.9982,71350.1875,0,4316.2115478515625,0
52.400000000000006,e384,212.874359,5.254707,65.111084,0.75,0,0.1,72.51887,0,624.9982,71365.53125,0,4318.2054138183594,0
52.45,e384,213.1376,5.264933,65.37433,0.75,0,0.1,72.51887,0.0264356453,624.9982,71381.15625,0,4320.2014465332031,0
52.5,e384,213.401352,5.275162,65.6380844,0.75,0,0.1,72.51887,0,624.9982,71397.0546875,0,4322.1996765136719,0
52.550000000000004,e384,213.665619,5.285393,65.90235,0.75,0,0.1,72.51887,0.0258365683,624.9982,71413.25,0,4324.1999206542969,0
52.6,e384,213.9304,5.29562759,66.16713,0.75,0,0.1,72.51887,0,624.9982,71429.734375,0,4326.2021789550781,0
52.650000000000006,e384,214.1957,5.305864,66.43243,0.75,0,0.1,72.51887,0.0252510663,624.9982,71446.5,0,4328.2067565917969,0
52.7,e384,214.4615,5.3161025,66.6982346,0.75,0,0.1,72.51887,0,624.9982,71463.5625,0,4330.2133178710937,0
52.75,e384,214.727829,5.32634354,66.9645538,0.75,0,0.1,72.51887,0.02467883,624.9982,71480.9375,0,4332.2220458984375,0
52.800000000000004,e384,214.994659,5.33658648,67.2313843,0.75,0,0.1,72.51887,0,624.9982,71498.609375,0,4334.2328491210937,0
52.85,e384,215.262,5.34683275,67.4987259,0.75,0,0.1,72.51887,0.0241195634,624.9982,71516.59375,0,4336.2458190917969,0
52.900000000000006,e384,215.529846,5.35708237,67.76658,0.75,0,0.1,72.51887,0,624.9982,71534.890625,0,4338.2608337402344,0
52.95,e384,215.798218,5.36733341,68.03494,0.75,0,0.1,72.51887,0.023572972,624.9982,71553.5,0,4340.2782592773437,0
53,e384,216.0671,5.37758875,68.3038254,0.75,0,0.1,72.51887,0,624.9982,71572.4375,0,4342.2978515625,0
53.050000000000004,e384,216.336487,5.38784552,68.57322,0.75,0,0.1,72.51887,0.0230387654,624.9982,71591.6953125,0,4344.319580078125,0
53.1,e384,216.606384,5.39810562,68.8431244,0.75,0,0.1,72.51887,0,624.9982,71611.2890625,0,4346.343505859375,0
53.150000000000006,e384,216.8768,5.40836859,69.11354,0.75,0,0.1,72.51887,0.0225166678,624.9982,71631.2265625,0,4348.36962890625,0
53.2,e384,217.147736,5.41863537,69.3844757,0.75,0,0.1,72.51887,0,624.9982,71651.4921875,0,4350.3980102539062,0
53.25,e384,217.419189,5.428905,69.65592,0.75,0,0.1,72.51887,0.0220064,624.9982,71672.109375,0,4352.4286499023437,0
53.300000000000004,e384,217.691147,5.439178,69.92788,0.75,0,0.1,72.51887,0,624.9982,71693.078125,0,4354.461669921875,0
53.35,e384,217.963623,5.44945431,70.2003555,0.75,0,0.1,72.51887,0.0215076935,624.9982,71714.40625,0,4356.4968872070312,0
53.400000000000006,e384,218.2366,5.459733,70.47334,0.75,0,0.1,72.51887,0,624.9982,71736.09375,0,4358.5346069335937,0
53.45,e384,218.5101,5.4700017,70.74684,0.75,0,0.1,72.51887,0.0210202932,624.9982,71758.1484375,0,4360.5745544433594,0
53.5,e384,218.784119,5.48027372,71.02086,0.75,0,0.1,72.51887,0,624.9982,71780.5390625,0,4362.6138305664062,0
53.550000000000004,e384,219.05864,5.49054956,71.29539,0.75,0,0.1,72.51887,0.0205439366,624.9982,71803.3203125,0,4364.6555480957031,0
53.6,e384,219.333679,5.50082827,71.57043,0.75,0,0.1,72.51887,0,624.9982,71826.4921875,0,4366.6997375488281,0
53.650000000000006,e384,219.609238,5.51111174,71.8459854,0.75,0,0.1,72.51887,0.0200783759,624.9982,71850.046875,0,4368.7461242675781,0
53.7,e384,219.885315,5.521398,72.1220551,0.75,0,0.1,72.51887,0,624.9982,71874,0,4370.7950744628906,0
53.75,e384,220.1619,5.53168869,72.3986359,0.75,0,0.1,72.51887,0.0196233671,624.9982,71898.3515625,0,4372.8465881347656,0
53.800000000000004,e384,220.439,5.5419836,72.6757355,0.75,0,0.1,72.51887,0,624.9982,71923.125,0,4374.9001770019531,0
53.85,e384,220.716614,5.552281,72.95335,0.75,0,0.1,72.51887,0.0191786624,624.9982,71948.3046875,0,4376.9565124511719,0
53.900000000000006,e384,220.994736,5.562584,73.2314758,0.75,0,0.1,72.51887,0,624.9982,71973.90625,0,4379.0150451660156,0
53.95,e384,221.273376,5.572891,73.5101242,0.75,0,0.1,72.51887,0.01874404,624.9982,71999.9375,0,4381.0761413574219,0
54,e384,221.552551,5.583202,73.78928,0.75,0,0.1,72.51887,0,624.9982,72026.40625,0,4383.1399230957031,0
54.050000000000004,e384,221.832214,5.593517,74.06896,0.75,0,0.1,72.51887,0.0183192678,624.9982,72053.3125,0,4385.2061462402344,0
54.1,e384,222.112411,5.60383558,74.34915,0.75,0,0.1,72.51887,0,624.9982,72080.6796875,0,4387.274658203125,0
54.150000000000006,e384,222.393112,5.614158,74.62986,0.75,0,0.1,72.51887,0.01790412,624.9982,72108.5,0,4389.3457641601562,0
54.2,e384,222.674332,5.62448454,74.91109,0.75,0,0.1,72.51887,0,624.9982,72136.7890625,0,4391.4193115234375,0
54.25,e384,222.956085,5.63481474,75.1928253,0.75,0,0.1,72.51887,0.01749838,624.9982,72165.5390625,0,4393.4953308105469,0
54.300000000000004,e384,223.238342,5.64514971,75.47508,0.75,0,0.1,72.51887,0,624.9982,72194.7890625,0,4395.5738525390625,0
54.35,e384,223.521118,5.65548944,75.75786,0.75,0,0.1,72.51887,0.0171018355,624.9982,72224.5234375,0,4397.65478515625,0
54.400000000000006,e384,223.804413,5.665833,76.04115,0.75,0,0.1,72.51887,0,624.9982,72254.7578125,0,4399.7384948730469,0
54.45,e384,224.088211,5.67617846,76.32496,0.75,0,0.1,72.51887,0.0167142786,624.9982,72285.5078125,0,4401.8247375488281,0
54.5,e384,224.372543,5.68653,76.60928,0.75,0,0.1,72.51887,0,624.9982,72316.7578125,0,4403.9129943847656,0
54.550000000000004,e384,224.6574,5.696881,76.89413,0.75,0,0.1,72.51887,0.0163355041,624.9982,72348.546875,0,4406.0038757324219,0
54.6,e384,224.942749,5.70723772,77.17949,0.75,0,0.1,72.51887,0,624.9982,72380.859375,0,4408.0967712402344,0
54.650000000000006,e384,225.228622,5.717599,77.46537,0.75,0,0.1,72.51887,0.0159653146,624.9982,72413.7265625,0,4410.1923217773437,0
54.7,e384,225.51503,5.72796631,77.75177,0.75,0,0.1,72.51887,0,624.9982,72447.15625,0,4412.2905883789062,0
54.75,e384,225.801941,5.73833847,78.03869,0.75,0,0.1,72.51887,0.0156035107,624.9982,72481.1484375,0,4414.3914489746094,0
54.800000000000004,e384,226.089386,5.748716,78.3261261,0.75,0,0.1,72.51887,0,624.9982,72515.71875,0,4416.4951171875,0
54.85,e384,226.377335,5.75909853,78.61408,0.75,0,0.1,72.51887,0.015249907,624.9982,72550.8828125,0,4418.6017761230469,0
54.900000000000006,e384,226.665817,5.76948833,78.90256,0.75,0,0.1,72.51887,0,624.9982,72586.65625,0,4420.7110290527344,0
54.95,e384,226.9548,5.779883,79.19155,0.75,0,0.1,72.51887,0.0149043165,624.9982,72623.0390625,0,4422.8232421875,0
55,e384,227.244324,5.79028273,79.4810638,0.75,0,0.1,72.51887,0,624.9982,72660.0546875,0,4424.9383239746094,0
55.050000000000004,e384,227.534363,5.80069065,79.7710953,0.75,0,0.1,72.51887,0.0145665593,624.9982,72697.7109375,0,4427.0563354492187,0
55.1,e384,227.824921,5.8111043,80.06165,0.75,0,0.1,72.51887,0,624.9982,72736.03125,0,4429.1776428222656,0
55.150000000000006,e384,228.116,5.82152462,80.35273,0.75,0,0.1,72.51887,0.014236453,624.9982,72775.015625,0,4431.3017272949219,0
55.2,e384,228.4076,5.83194971,80.6443253,0.75,0,0.1,72.51887,0,624.9982,72814.6796875,0,4433.4285583496094,0
55.25,e384,228.6997,5.84238052,80.93645,0.75,0,0.1,72.51887,0.0139138307,624.9982,72855.03125,0,4435.5582580566406,0
55.300000000000004,e384,228.99234,5.85281754,81.22909,0.75,0,0.1,72.51887,0,624.9982,72896.109375,0,4437.6912536621094,0
55.35,e384,229.2855,5.863261,81.52225,0.75,0,0.1,72.51887,0.0135985194,624.9982,72937.90625,0,4439.8269653320312,0
55.400000000000006,e384,229.5792,5.87371,81.81593,0.75,0,0.1,72.51887,0,624.9982,72980.4375,0,4441.9654541015625,0
55.45,e384,229.8734,5.88416624,82.11014,0.75,0,0.1,72.51887,0.0132903522,624.9982,73023.734375,0,4444.1071472167969,0
55.5,e384,230.168137,5.894628,82.40487,0.75,0,0.1,72.51887,0,624.9982,73067.8125,0,4446.2518310546875,0
55.550000000000004,e384,230.4634,5.905097,82.70013,0.75,0,0.1,72.51887,0.012989169,624.9982,73112.6796875,0,4448.3994750976562,0
55.6,e384,230.759171,5.91557074,82.9959,0.75,0,0.1,72.51887,0,624.9982,73158.359375,0,4450.550048828125,0
55.650000000000006,e384,231.055466,5.92605257,83.2922058,0.75,0,0.1,72.51887,0.0126948133,624.9982,73204.859375,0,4452.703857421875,0
55.7,e384,231.3523,5.93654156,83.589035,0.75,0,0.1,72.51887,0,624.9982,73252.21875,0,4454.8606567382812,0
55.75,e384,231.649658,5.94703674,83.88638,0.75,0,0.1,72.51887,0.0124071259,624.9982,73300.4453125,0,4457.0206909179687,0
55.800000000000004,e384,231.947525,5.95753956,84.18426,0.75,0,0.1,72.51887,0,624.9982,73349.5625,0,4459.183837890625,0
55.85,e384,232.245926,5.96805143,84.48266,0.75,0,0.1,72.51887,0.0121259578,624.9982,73399.6015625,0,4461.350341796875,0
55.900000000000006,e384,232.544861,5.97856951,84.7815857,0.75,0,0.1,72.51887,0,624.9982,73450.5625,0,4463.5200805664062,0
55.95,e384,232.844315,5.989096,85.08104,0.75,0,0.1,72.51887,0.0118511608,624.9982,73502.5,0,4465.6934204101562,0
56,e384,233.1443,5.99963,85.38102,0.75,0,0.1,72.51887,0,624.9982,73555.40625,0,4467.8698120117187,0
56.050000000000004,e384,233.444809,6.01017332,85.6815262,0.75,0,0.1,72.51887,0.0115825944,624.9982,73609.3203125,0,4470.0496215820312,0
56.1,e384,233.74585,6.020725,85.98256,0.75,0,0.1,72.51887,0,624.9982,73664.2734375,0,4472.2330932617187,0
56.150000000000006,e384,234.047409,6.031284,86.28413,0.75,0,0.1,72.51887,0.0113201113,624.9982,73720.2890625,0,4474.419921875,0
56.2,e384,234.3495,6.04185152,86.58622,0.75,0,0.1,72.51887,0,624.9982,73777.390625,0,4476.6102905273437,0
56.25,e384,234.65213,6.052429,86.88884,0.75,0,0.1,72.51887,0.0110635767,624.9982,73835.6171875,0,4478.80419921875,0
56.300000000000004,e384,234.955276,6.063015,87.19199,0.75,0,0.1,72.51887,0,624.9982,73894.984375,0,4481.0016479492187,0
56.35,e384,235.258957,6.07361174,87.4956741,0.75,0,0.1,72.51887,0.0108128572,624.9982,73955.5390625,0,4483.2029418945312,0
56.400000000000006,e384,235.563156,6.08421659,87.79989,0.75,0,0.1,72.51887,0,624.9982,74017.3125,0,4485.4078369140625,0
56.45,e384,235.8679,6.09483051,88.10463,0.75,0,0.1,72.51887,0.0105678188,624.9982,74080.3203125,0,4487.6163330078125,0
56.5,e384,236.173172,6.10545444,88.4099045,0.75,0,0.1,72.51887,0,624.9982,74144.6171875,0,4489.8287963867187,0
56.550000000000004,e384,236.478973,6.11608934,88.7157059,0.75,0,0.1,72.51887,0.0103283338,624.9982,74210.2265625,0,4492.044921875,0
56.6,e384,236.785309,6.126735,89.02204,0.75,0,0.1,72.51887,0,624.9982,74277.2109375,0,4494.2650756835937,0
56.650000000000006,e384,237.0922,6.13739,89.32891,0.75,0,0.1,72.51887,0.0100942748,624.9982,74345.5859375,0,4496.4891967773437,0
56.7,e384,237.3996,6.148056,89.6363144,0.75,0,0.1,72.51887,0,624.9982,74415.3984375,0,4498.7171630859375,0
56.75,e384,237.70752,6.15873337,89.94425,0.75,0,0.1,72.51887,0.00986552052,624.9982,74486.703125,0,4500.9491577148437,0
56.800000000000004,e384,238.015991,6.169422,90.25272,0.75,0,0.1,72.51887,0,624.9982,74559.53125,0,4503.185302734375,0
56.85,e384,238.325012,6.18012238,90.56173,0.75,0,0.1,72.51887,0.00964195,624.9982,74633.953125,0,4505.42578125,0
56.900000000000006,e384,238.634552,6.19083452,90.87127,0.75,0,0.1,72.51887,0,624.9982,74710,0,4507.6702270507812,0
56.95,e384,238.944626,6.20154572,91.18134,0.75,0,0.1,72.51887,0.009423445,624.9982,74787.7265625,0,4509.9191284179687,0
57,e384,239.255234,6.212269,91.49196,0.75,0,0.1,72.51887,0,624.9982,74867.1328125,0,4512.16943359375,0
57.050000000000004,e384,239.566391,6.223005,91.80311,0.75,0,0.1,72.51887,0.009209893,624.9982,74948.3515625,0,4514.42431640625,0
57.1,e384,239.878067,6.233754,92.1148,0.75,0,0.1,72.51887,0,624.9982,75031.4140625,0,4516.6837768554687,0
57.150000000000006,e384,240.1903,6.244517,92.4270248,0.75,0,0.1,72.51887,0.009001181,624.9982,75116.3984375,0,4518.947509765625,0
57.2,e384,240.503067,6.25529242,92.73979,0.75,0,0.1,72.51887,0,624.9982,75203.3671875,0,4521.216064453125,0
57.25,e384,240.816376,6.266083,93.05309,0.75,0,0.1,72.51887,0.00879719853,624.9982,75292.390625,0,4523.4891357421875,0
57.300000000000004,e384,241.1302,6.27688646,93.3669357,0.75,0,0.1,72.51887,0,624.9982,75383.53125,0,4525.7671508789062,0
57.35,e384,241.4446,6.287707,93.68132,0.75,0,0.1,72.51887,0.008597839,624.9982,75476.875,0,4528.0498657226562,0
57.400000000000006,e384,241.759521,6.29854155,93.99625,0.75,0,0.1,72.51887,0,624.9982,75572.5234375,0,4530.3378295898437,0
57.45,e384,242.075,6.30939054,94.3117142,0.75,0,0.1,72.51887,0.008402997,624.9982,75670.5234375,0,4532.6306762695312,0
57.5,e384,242.391,6.320255,94.62772,0.75,0,0.1,72.51887,0,624.9982,75770.9921875,0,4534.9285278320312,0
57.550000000000004,e384,242.707565,6.33113432,94.94428,0.75,0,0.1,72.51887,0.008212569,624.9982,75874.0078125,0,4537.2314453125,0
57.6,e384,243.024658,6.34203,95.26138,0.75,0,0.1,72.51887,0,624.9982,75979.6875,0,4539.5394287109375,0
57.650000000000006,e384,243.342316,6.352943,95.57903,0.75,0,0.1,72.51887,0.008026457,624.9982,76088.1171875,0,4541.8528442382812,0
57.7,e384,243.660492,6.36387253,95.8972244,0.75,0,0.1,72.51887,0,624.9982,76199.4296875,0,4544.1714477539062,0
57.75,e384,243.979248,6.37481928,96.2159653,0.75,0,0.1,72.51887,0.007844564,624.9982,76313.7265625,0,4546.4957885742187,0
57.800000000000004,e384,244.298523,6.385784,96.5352554,0.75,0,0.1,72.51887,0,624.9982,76431.1328125,0,4548.8255615234375,0
57.85,e384,244.618378,6.39676428,96.8550949,0.75,0,0.1,72.51887,0.007666792,624.9982,76551.8046875,0,4551.1611328125,0
57.900000000000006,e384,244.938751,6.407764,97.17548,0.75,0,0.1,72.51887,0,624.9982,76675.8515625,0,4553.501708984375,0
57.95,e384,245.259689,6.418781,97.49642,0.75,0,0.1,72.51887,0.00749304937,624.9982,76803.4375,0,4555.8485107421875,0
58,e384,245.581177,6.42981672,97.81791,0.75,0,0.1,72.51887,0,624.9982,76934.7265625,0,4558.2006225585937,0
58.050000000000004,e384,245.903229,6.44087267,98.13995,0.75,0,0.1,72.51887,0.00732324366,624.9982,77069.875,0,4560.5588989257812,0
58.1,e384,246.22583,6.451951,98.4625549,0.75,0,0.1,72.51887,0,624.9982,77209.0859375,0,4562.9234619140625,0
58.150000000000006,e384,246.548981,6.46305132,98.7857056,0.75,0,0.1,72.51887,0.007157286,624.9982,77352.546875,0,4565.2946166992187,0
58.2,e384,246.872681,6.4741745,99.10941,0.75,0,0.1,72.51887,0,624.9982,77499.9375,0,4567.6724243164062,0
58.25,e384,247.196945,6.485321,99.43368,0.75,0,0.1,72.51887,0.006995089,624.9982,77650.734375,0,4570.0571899414062,0
58.300000000000004,e384,247.521774,6.49649143,99.7585,0.75,0,0.1,72.51887,0,624.9982,77804.9296875,0,4572.4486694335937,0
58.35,e384,247.847153,6.50768661,100.083885,0.75,0,0.1,72.51887,0.00683656754,624.9982,77962.6875,0,4574.8473510742187,0
58.400000000000006,e384,248.173111,6.518906,100.409828,0.75,0,0.1,72.51887,0,624.9982,78124.1875,0,4577.2533569335937,0
58.45,e384,248.499619,6.530152,100.736336,0.75,0,0.1,72.51887,0.00668163924,624.9982,78289.609375,0,4579.6666870117187,0
58.5,e384,248.826691,6.54142427,101.063408,0.75,0,0.1,72.51887,0,624.9982,78459.171875,0,4582.08740234375,0
58.550000000000004,e384,249.154327,6.552723,101.391045,0.75,0,0.1,72.51887,0.006530221,624.9982,78633.0703125,0,4584.5159301757812,0
58.6,e384,249.482529,6.564049,101.719246,0.75,0,0.1,72.51887,0,624.9982,78811.53125,0,4586.9523315429687,0
58.650000000000006,e384,249.8113,6.575402,102.048019,0.75,0,0.1,72.51887,0.00638223439,624.9982,78994.8046875,0,4589.3963012695312,0
58.7,e384,250.14064,6.586784,102.377357,0.75,0,0.1,72.51887,0,624.9982,79183.1484375,0,4591.848388671875,0
58.75,e384,250.470535,6.598194,102.707268,0.75,0,0.1,72.51887,0.0062376014,624.9982,79376.8203125,0,4594.3086547851562,0
58.800000000000004,e384,250.801025,6.609634,103.03775,0.75,0,0.1,72.51887,0,624.9982,79576.125,0,4596.7770385742187,0
58.85,e384,251.13208,6.62110233,103.368805,0.75,0,0.1,72.51887,0.006096246,624.9982,79781.390625,0,4599.2537231445312,0
58.900000000000006,e384,251.463715,6.63275576,103.700439,0.75,0,0.1,72.51887,0,624.9982,79992.921875,0,4601.7391967773437,0
58.95,e384,251.795944,6.64444256,104.032661,0.75,0,0.1,72.51887,0.005958094,624.9982,80212.109375,0,4604.2662353515625,0
59,e384,252.128754,6.65616274,104.365471,0.75,0,0.1,72.51887,0,624.9982,80438.3125,0,4606.8029174804687,0
59.050000000000004,e384,252.462143,6.66791964,104.698868,0.75,0,0.1,72.51887,0.00582307344,624.9982,80672.0703125,0,4609.3492431640625,0
59.1,e384,252.796127,6.67971468,105.032852,0.75,0,0.1,72.51887,0,624.9982,80913.8671875,0,4611.9055786132812,0
59.150000000000006,e384,253.1307,6.691548,105.367432,0.75,0,0.1,72.51887,0.00569111155,624.9982,81164.21875,0,4614.47216796875,0
59.2,e384,253.465881,6.70342159,105.702606,0.75,0,0.1,72.51887,0,624.9982,81423.6640625,0,4617.0494384765625,0
59.25,e384,253.801651,6.715336,106.038376,0.75,0,0.1,72.51887,0.005562141,624.9982,81692.8125,0,4619.6376342773437,0
59.300000000000004,e384,254.138016,6.727294,106.374741,0.75,0,0.1,72.51887,0,624.9982,81972.3125,0,4622.2371826171875,0
59.35,e384,254.474976,6.739296,106.711708,0.75,0,0.1,72.51887,0.005436093,624.9982,82262.875,0,4624.8482055664062,0
59.400000000000006,e384,254.812546,6.75134563,107.049278,0.75,0,0.1,72.51887,0,624.9982,82565.3203125,0,4627.4713134765625,0
59.45,e384,255.150711,6.76344347,107.387451,0.75,0,0.1,72.51887,0.00531290146,624.9982,82880.4765625,0,4630.1068115234375,0
59.5,e384,255.4895,6.77559233,107.726234,0.75,0,0.1,72.51887,0,624.9982,83209.328125,0,4632.7554321289062,0
59.550000000000004,e384,255.828888,6.787795,108.06562,0.75,0,0.1,72.51887,0.005192502,624.9982,83552.9140625,0,4635.4176025390625,0
59.6,e384,256.168884,6.800052,108.405624,0.75,0,0.1,72.51887,0,624.9982,83912.3984375,0,4638.093505859375,0
59.650000000000006,e384,256.509521,6.81236935,108.746246,0.75,0,0.1,72.51887,0.00507483073,624.9982,84289.1015625,0,4640.7840576171875,0
59.7,e384,256.850739,6.82474566,109.087486,0.75,0,0.1,72.51887,0,624.9982,84684.4609375,0,4643.48974609375,0
59.75,e384,257.1926,6.837188,109.429344,0.75,0,0.1,72.51887,0.004959826,624.9982,85100.1015625,0,4646.2115478515625,0
59.800000000000004,e384,257.5351,6.84969664,109.771828,0.75,0,0.1,72.51887,0,624.9982,85537.8359375,0,4648.94970703125,0
59.85,e384,257.8782,6.86227751,110.114944,0.75,0,0.1,72.51887,0.004847428,624.9982,85999.7265625,0,4651.7052612304687,0
59.900000000000006,e384,258.221954,6.87493467,110.458694,0.75,0,0.1,72.51887,0,624.9982,86488.109375,0,4654.4790649414062,0
59.95,e384,258.566345,6.88767147,110.803078,0.75,0,0.1,72.51887,0.004737576,624.9982,87005.59375,0,4657.27197265625,0
60,e384,258.911346,6.900493,111.1481,0.75,0,0.1,72.51887,0,624.9982,87555.21875,0,4660.085205078125,0
60.050000000000004,e384,259.257019,6.913392,111.493774,0.75,0,0.1,72.51887,0.004630214,624.9982,88140.453125,0,4662.9198608398437,0
60.1,e384,259.603333,6.92638826,111.840096,0.75,0,0.1,72.51887,0,624.9982,88765.1328125,0,4665.7742919921875,0
60.150000000000006,e384,259.950317,6.93948841,112.187073,0.75,0,0.1,72.51887,0.00452528568,624.9982,89434.015625,0,4668.6527709960937,0
60.2,e384,260.297974,6.95270061,112.534706,0.75,0,0.1,72.51887,0,624.9982,90152.5078125,0,4671.556884765625,0
60.25,e384,260.64624,6.966033,112.883011,0.75,0,0.1,72.51887,0.004422734,624.9982,90926.9375,0,4674.4882202148437,0
60.300000000000004,e384,260.995239,6.979493,113.231987,0.75,0,0.1,72.51887,0,624.9982,91764.8125,0,4677.4493408203125,0
60.35,e384,261.344879,6.99309635,113.581642,0.75,0,0.1,72.51887,0.004322507,624.9982,92675.09375,0,4680.4420166015625,0
60.400000000000006,e384,261.695221,7.006855,113.931984,0.75,0,0.1,72.51887,0,624.9982,93668.53125,0,4683.4691162109375,0
60.45,e384,262.046265,7.020782,114.28302,0.75,0,0.1,72.51887,0.004224552,624.9982,94758.2109375,0,4686.533447265625,0
60.5,e384,262.398,7.03489637,114.634766,0.75,0,0.1,72.51887,0,624.9982,95960.140625,0,4689.5573120117187,0
60.550000000000004,e384,262.7505,7.049217,114.987228,0.75,0,0.1,72.51887,0.00412881561,624.9982,97294.234375,0,4692.625732421875,0
60.6,e384,263.103668,7.063771,115.340416,0.75,0,0.1,72.51887,0,624.9982,98785.5,0,4695.74365234375,0
60.650000000000006,e384,263.457581,7.078586,115.694344,0.75,0,0.1,72.51887,0.004035249,624.9982,100465.875,0,4698.9166870117187,0
60.7,e384,263.8123,7.09369755,116.049026,0.75,0,0.1,72.51887,0,624.9982,102376.7265625,0,4702.1517944335937,0
60.75,e384,264.167725,7.109151,116.404488,0.75,0,0.1,72.51887,0.003943803,624.9982,104567.65625,0,4705.456787109375,0
60.800000000000004,e384,264.524,7.12499666,116.760735,0.75,0,0.1,72.51887,0,624.9982,107089.625,0,4708.8421630859375,0
60.85,e384,264.881073,7.14129639,117.1178,0.75,0,0.1,72.51887,0.00385442912,624.9982,110016.1640625,0,4712.3193359375,0
60.900000000000006,e384,265.238983,7.158134,117.475708,0.75,0,0.1,72.51887,0,624.9982,113466.953125,0,4715.9025268554687,0
60.95,e384,265.597748,7.1756134,117.834488,0.75,0,0.1,72.51887,0.00376708084,624.9982,117615.1875,0,4719.6109619140625,0
61,e384,265.957458,7.19388962,118.194183,0.75,0,0.1,72.51887,0,624.9982,122721.46875,0,4723.4689331054687,0
61.050000000000004,e384,266.3181,7.213174,118.55484,0.75,0,0.1,72.51887,0.00368171162,624.9982,129198.046875,0,4727.5110473632812,0
61.1,e384,266.6798,7.23377562,118.916527,0.75,0,0.1,72.51887,0,624.9982,137641.34375,0,4731.7870483398437,0
61.150000000000006,e384,267.0426,7.255916,119.27932,0.75,0,0.1,72.51887,0.00359827769,624.9982,147528.96875,0,4736.366455078125,0
61.2,e384,267.406555,7.2792325,119.64328,0.75,0,0.1,72.51887,0,624.9982,155070.046875,0,4741.3020629882812,0
61.25,e384,267.771667,7.302308,120.008392,0.75,0,0.1,72.51887,0.003516734,624.9982,153531.546875,0,4746.51220703125,0
61.300000000000004,e384,268.137878,7.324113,120.374596,0.75,0,0.1,72.51887,0,624.9982,145388.421875,0,4751.6759643554687,0
61.35,e384,268.5051,7.34448576,120.741821,0.75,0,0.1,72.51887,0.003437039,624.9982,136209.59375,0,4756.55859375,0
61.400000000000006,e384,268.8733,7.36390257,121.110016,0.75,0,0.1,72.51887,0,624.9982,130091.4453125,0,4761.1221923828125,0
61.45,e384,269.242432,7.38283539,121.479156,0.75,0,0.1,72.51887,0.00335914944,624.9982,126989.4375,0,4765.4736938476562,0
61.5,e384,269.612518,7.40154266,121.849236,0.75,0,0.1,72.51887,0,624.9982,125549.046875,0,4769.7206420898437,0
61.550000000000004,e384,269.983521,7.420171,122.220245,0.75,0,0.1,72.51887,0.003283025,624.9982,124844.5625,0,4773.9213256835937,0
61.6,e384,270.355469,7.43873549,122.592178,0.75,0,0.1,72.51887,0,624.9982,124436.8046875,0,4778.1094360351562,0
61.650000000000006,e384,270.728333,7.4572525,122.965042,0.75,0,0.1,72.51887,0.00320862583,624.9982,124147.359375,0,4782.2881469726562,0
61.7,e384,271.1021,7.475731,123.338829,0.75,0,0.1,72.51887,0,624.9982,123903.78125,0,4786.4618530273437,0
61.75,e384,271.4768,7.49417448,123.713539,0.75,0,0.1,72.51887,0.00313591259,624.9982,123678.0546875,0,4790.631591796875,0
61.800000000000004,e384,271.852448,7.51258135,124.089165,0.75,0,0.1,72.51887,0,624.9982,123459.3359375,0,4794.798828125,0
61.85,e384,272.229,7.530956,124.465714,0.75,0,0.1,72.51887,0.00306484732,624.9982,123243.5234375,0,4798.963134765625,0
61.900000000000006,e384,272.606476,7.549294,124.843178,0.75,0,0.1,72.51887,0,624.9982,123029.0625,0,4803.124755859375,0
61.95,e384,272.984833,7.5676,125.221558,0.75,0,0.1,72.51887,0.00299539231,624.9982,122815.390625,0,4807.283935546875,0
62,e384,273.364136,7.5858717,125.600853,0.75,0,0.1,72.51887,0,624.9982,122602.2109375,0,4811.4406127929687,0
62.050000000000004,e384,273.744354,7.60410833,125.981056,0.75,0,0.1,72.51887,0.0029275117,624.9982,122389.484375,0,4815.5946044921875,0
62.1,e384,274.125458,7.622312,126.362175,0.75,0,0.1,72.51887,0,624.9982,122177.1875,0,4819.7459106445312,0
62.150000000000006,e384,274.507477,7.640483,126.7442,0.75,0,0.1,72.51887,0.002861169,624.9982,121965.296875,0,4823.8946533203125,0
62.2,e384,274.8904,7.65861845,127.127136,0.75,0,0.1,72.51887,0,624.9982,121753.796875,0,4828.040771484375,0
62.25,e384,275.274231,7.67672062,127.510971,0.75,0,0.1,72.51887,0.00279633,624.9982,121542.6875,0,4832.1842651367187,0
62.300000000000004,e384,275.659,7.69479036,127.895714,0.75,0,0.1,72.51887,0,624.9982,121331.9765625,0,4836.3248901367187,0
62.35,e384,276.044617,7.71282625,128.281357,0.75,0,0.1,72.51887,0.00273296027,624.9982,121121.6484375,0,4840.4629516601562,0
62.400000000000006,e384,276.431152,7.73082829,128.6679,0.75,0,0.1,72.51887,0,624.9982,120911.71875,0,4844.5983276367187,0
62.45,e384,276.8186,7.748798,129.055328,0.75,0,0.1,72.51887,0.00267102616,624.9982,120702.1796875,0,4848.7312622070312,0
62.5,e384,277.20694,7.7667346,129.443665,0.75,0,0.1,72.51887,0,624.9982,120493.03125,0,4852.861083984375,0
62.550000000000004,e384,277.596161,7.784637,129.8329,0.75,0,0.1,72.51887,0.002610496,624.9982,120284.28125,0,4856.9882202148437,0
62.6,e384,277.9863,7.80250549,130.223022,0.75,0,0.1,72.51887,0,624.9982,120075.90625,0,4861.11279296875,0
62.650000000000006,e384,278.377319,7.82034254,130.614044,0.75,0,0.1,72.51887,0.00255133747,624.9982,119867.9296875,0,4865.234619140625,0
62.7,e384,278.769226,7.83814573,131.005951,0.75,0,0.1,72.51887,0,624.9982,119660.3203125,0,4869.353515625,0
62.75,e384,279.162018,7.85591555,131.398743,0.75,0,0.1,72.51887,0.00249351957,624.9982,119453.109375,0,4873.4696655273437,0
62.800000000000004,e384,279.5557,7.873637,131.792419,0.75,0,0.1,72.51887,0,624.9982,119246.28125,0,4877.5830078125,0
62.85,e384,279.950256,7.891326,132.186981,0.75,0,0.1,72.51887,0.002437012,624.9982,119040.96875,0,4881.6895141601562,0
62.900000000000006,e384,280.345734,7.90898132,132.582428,0.75,0,0.1,72.51887,0,624.9982,118835.4140625,0,4885.7935791015625,0
62.95,e384,280.742065,7.92660475,132.97876,0.75,0,0.1,72.51887,0.002381785,624.9982,118630.046875,0,4889.8944091796875,0
63,e384,281.139252,7.944195,133.375977,0.75,0,0.1,72.51887,0,624.9982,118425,0,4893.992919921875,0
63.050000000000004,e384,281.537354,7.961753,133.774063,0.75,0,0.1,72.51887,0.00232780958,624.9982,118220.2734375,0,4898.087890625,0
63.1,e384,281.9363,7.979278,134.173019,0.75,0,0.1,72.51887,0,624.9982,118015.9609375,0,4902.1802978515625,0
63.150000000000006,e384,282.336151,7.99677,134.572861,0.75,0,0.1,72.51887,0.00227505714,624.9982,117811.9921875,0,4906.269775390625,0
63.2,e384,282.736847,8.01423,134.973572,0.75,0,0.1,72.51887,0,624.9982,117608.4140625,0,4910.3565063476562,0
63.25,e384,283.138428,8.031658,135.375153,0.75,0,0.1,72.51887,0.00222350028,624.9982,117405.234375,0,4914.4400634765625,0
63.300000000000004,e384,283.5409,8.049053,135.7776,0.75,0,0.1,72.51887,0,624.9982,117202.4453125,0,4918.5206909179687,0
63.35,e384,283.9442,8.066417,136.180923,0.75,0,0.1,72.51887,0.002173112,624.9982,117000.0078125,0,4922.5982666015625,0
63.400000000000006,e384,284.3484,8.083748,136.585114,0.75,0,0.1,72.51887,0,624.9982,116797.9140625,0,4926.6729736328125,0
63.45,e384,284.753448,8.101047,136.990173,0.75,0,0.1,72.51887,0.0021238653,624.9982,116596.21875,0,4930.744873046875,0
63.5,e379_r,0.296943665,8.118312,137.396088,0.75,0,0.1,72.51887,0,624.9982,116394.921875,0,4934.8135986328125,0
63.550000000000004,e379_r,0.7037163,8.135545,137.802872,0.75,0,0.1,72.51887,0.00207573478,624.9982,116194.1015625,0,4938.87939453125,0
63.6,e379_r,1.11135483,8.152743,138.21051,0.75,0,0.1,72.51887,0,624.9982,115993.59375,0,4942.9417724609375,0
63.650000000000006,e379_r,1.51985168,8.16990948,138.619,0.75,0,0.1,72.51887,0.00202869484,624.9982,115793.625,0,4947.0006713867187,0
63.7,e379_r,1.92921066,8.187043,139.028351,0.75,0,0.1,72.51887,0,624.9982,115593.9609375,0,4951.0563354492187,0
63.75,e379_r,2.33941269,8.204147,139.438553,0.75,0,0.1,72.51887,0.001982721,624.9982,115394.5703125,0,4955.109375,0
63.800000000000004,e379_r,2.75047684,8.221218,139.849609,0.75,0,0.1,72.51887,0,624.9982,115195.53125,0,4959.158935546875,0
63.85,e379_r,3.16239166,8.238257,140.26152,0.75,0,0.1,72.51887,0.001937789,624.9982,114996.90625,0,4963.2053833007812,0
63.900000000000006,e379_r,3.57515335,8.255265,140.674286,0.75,0,0.1,72.51887,0,624.9982,114798.6328125,0,4967.2490234375,0
63.95,e379_r,3.988758,8.272241,141.087891,0.75,0,0.1,72.51887,0.00189387542,624.9982,114600.703125,0,4971.289306640625,0
64,e379_r,4.403225,8.289185,141.50235,0.75,0,0.1,72.51887,0,624.9982,114403.2265625,0,4975.32666015625,0
64.05,e379_r,4.81852341,8.306096,141.917648,0.75,0,0.1,72.51887,0.0018509567,624.9982,114206.0703125,0,4979.3603515625,0
64.100000000000009,e379_r,5.23466873,8.322976,142.3338,0.75,0,0.1,72.51887,0,624.9982,114009.34375,0,4983.3912353515625,0
64.15,e379_r,5.651661,8.339858,142.7508,0.75,0,0.1,72.51887,0.00180901075,624.9982,113812.96875,0,4987.4183959960937,0
64.2,e379_r,6.0695,8.356709,143.168625,0.75,0,0.1,72.51887,0,624.9982,113614.5546875,0,4991.450927734375,0
64.25,e379_r,6.48817444,8.373528,143.5873,0.75,0,0.1,72.51887,0.00176801533,624.9982,113417.828125,0,4995.4800415039062,0
64.3,e379_r,6.907696,8.390315,144.0068,0.75,0,0.1,72.51887,0,624.9982,113221.9296875,0,4999.5062866210937,0
64.350000000000009,e379_r,7.32804871,8.407073,144.427155,0.75,0,0.1,72.51887,0.0017279489,624.9982,113026.53125,0,5003.5287475585937,0
64.4,e379_r,7.749241,8.423798,144.848343,0.75,0,0.1,72.51887,0,624.9982,112831.484375,0,5007.5485229492187,0
64.45,e379_r,8.171261,8.440492,145.27037,0.75,0,0.1,72.51887,0.00168879051,624.9982,112636.875,0,5011.5648803710937,0
64.5,e379_r,8.59412,8.457156,145.693222,0.75,0,0.1,72.51887,0,624.9982,112442.5859375,0,5015.578125,0
64.55,e379_r,9.017803,8.473789,146.116913,0.75,0,0.1,72.51887,0.00165051955,624.9982,112248.703125,0,5019.5880737304687,0
64.600000000000009,e379_r,9.442329,8.490391,146.541428,0.75,0,0.1,72.51887,0,624.9982,112055.1484375,0,5023.5947265625,0
64.65,e379_r,9.867676,8.506962,146.966782,0.75,0,0.1,72.51887,0.001613116,624.9982,111861.9453125,0,5027.5985717773437,0
64.7,e379_r,10.29385,8.523503,147.39296,0.75,0,0.1,72.51887,0,624.9982,111669.171875,0,5031.5985107421875,0
64.75,e379_r,10.7208519,8.540013,147.819962,0.75,0,0.1,72.51887,0.00157655973,624.9982,111476.7109375,0,5035.595703125,0
64.8,e379_r,11.14867,8.556493,148.247787,0.75,0,0.1,72.51887,0,624.9982,111284.5859375,0,5039.5894165039062,0
64.850000000000009,e379_r,11.57732,8.572942,148.676437,0.75,0,0.1,72.51887,0.00154083211,624.9982,111092.8359375,0,5043.5799560546875,0
64.9,e379_r,12.006794,8.58936,149.105911,0.75,0,0.1,72.51887,0,624.9982,110901.4453125,0,5047.5669555664062,0
64.95,e379_r,12.4370766,8.605748,149.5362,0.75,0,0.1,72.51887,0.00150591391,624.9982,110710.40625,0,5051.551025390625,0
65,e379_r,12.8681831,8.622106,149.9673,0.75,0,0.1,72.51887,0,624.9982,110519.734375,0,5055.5316162109375,0
65.05,e379_r,13.300106,8.6384325,150.399216,0.75,0,0.1,72.51887,0.00147178723,624.9982,110329.421875,0,5059.5087890625,0
65.100000000000009,e379_r,13.7328453,8.654729,150.831955,0.75,0,0.1,72.51887,0,624.9982,110139.4765625,0,5063.4827270507812,0
65.15,e379_r,14.1663933,8.670997,151.2655,0.75,0,0.1,72.51887,0.001438434,624.9982,109949.8828125,0,5067.453125,0
65.2,e379_r,14.6007538,8.687232,151.69986,0.75,0,0.1,72.51887,0,624.9982,109760.578125,0,5071.4203491210937,0
65.25,e379_r,15.0359268,8.703419,152.135025,0.75,0,0.1,72.51887,0.00140583643,624.9982,109571.6796875,0,5075.3841552734375,0
65.3,e379_r,15.4719048,8.719575,152.571,0.75,0,0.1,72.51887,0,624.9982,109384.5546875,0,5079.33984375,0
65.350000000000009,e379_r,15.90868,8.735536,153.007782,0.75,0,0.1,72.51887,0.00137397763,624.9982,109196.9140625,0,5083.2921142578125,0
65.4,e379_r,16.3462563,8.751468,153.445358,0.75,0,0.1,72.51887,0,624.9982,109021.5625,0,5087.19921875,0
65.45,e379_r,16.7846222,8.767372,153.883728,0.75,0,0.1,72.51887,0.001342841,624.9982,108839.328125,0,5091.103271484375,0
65.5,e379_r,17.2237854,8.783248,154.322891,0.75,0,0.1,72.51887,0,624.9982,108655.21875,0,5095.0045776367187,0
65.55,e379_r,17.6637459,8.799096,154.762848,0.75,0,0.1,72.51887,0.00131240976,624.9982,108470.7578125,0,5098.90234375,0
65.600000000000009,e379_r,18.1044846,8.814916,155.2036,0.75,0,0.1,72.51887,0,624.9982,108286.3828125,0,5102.7974853515625,0
65.65,e379_r,18.5460243,8.830707,155.645126,0.75,0,0.1,72.51887,0.00128266821,624.9982,108102.234375,0,5106.6893310546875,0
65.7,e379_r,18.9883423,8.84647,156.087448,0.75,0,0.1,72.51887,0,624.9982,107918.4765625,0,5110.5778198242187,0
65.75,e379_r,19.4314575,8.862205,156.530563,0.75,0,0.1,72.51887,0.0012536007,624.9982,107734.953125,0,5114.4633178710937,0
65.8,e379_r,19.87535,8.877912,156.974457,0.75,0,0.1,72.51887,0,624.9982,107551.8125,0,5118.3453369140625,0
65.850000000000009,e379_r,20.3200321,8.893589,157.419144,0.75,0,0.1,72.51887,0.00122519187,624.9982,107368.96875,0,5122.2246704101562,0
65.9,e379_r,20.7654953,8.909238,157.864609,0.75,0,0.1,72.51887,0,624.9982,107186.546875,0,5126.0999755859375,0
65.95,e379_r,21.2117367,8.924855,158.310852,0.75,0,0.1,72.51887,0.00119742693,624.9982,107004.4609375,0,5129.9722290039062,0
66,e379_r,21.65876,8.940445,158.757874,0.75,0,0.1,72.51887,0,624.9982,106836.265625,0,5133.840087890625,0
66.05,e379_r,22.10656,8.956012,159.205673,0.75,0,0.1,72.51887,0.001170291,624.9982,106691.1171875,0,5137.705078125,0
66.100000000000009,e379_r,22.5551338,8.971558,159.654251,0.75,0,0.1,72.51887,0,624.9982,106559.7890625,0,5141.56787109375,0
66.15,e379_r,23.00449,8.98708248,160.1036,0.75,0,0.1,72.51887,0.00114377018,624.9982,106432.984375,0,5145.42919921875,0
66.2,e379_r,23.4546165,9.002587,160.553741,0.75,0,0.1,72.51887,0,624.9982,106307.7109375,0,5149.2891845703125,0
66.25,e379_r,23.9055214,9.018071,161.004639,0.75,0,0.1,72.51887,0.00111785042,624.9982,106183.0390625,0,5153.1475830078125,0
66.3,e379_r,24.3571987,9.033535,161.456314,0.75,0,0.1,72.51887,0,624.9982,106058.7109375,0,5157.0045776367187,0
66.350000000000009,e379_r,24.80965,9.048978,161.908768,0.75,0,0.1,72.51887,0.001092518,624.9982,105934.546875,0,5160.860107421875,0
66.4,e379_r,25.2628689,9.064401,162.361984,0.75,0,0.1,72.51887,0,624.9982,105810.6328125,0,5164.7144165039062,0
66.45,e379_r,25.7168617,9.079838,162.815979,0.75,0,0.1,72.51887,0.0010677597,624.9982,105686.8125,0,5168.5668334960937,0
66.5,e379_r,26.1716232,9.095254,163.270737,0.75,0,0.1,72.51887,0,624.9982,105560.6328125,0,5172.42724609375,0
66.55,e379_r,26.6271553,9.11065,163.726273,0.75,0,0.1,72.51887,0.00104356231,624.9982,105436.2109375,0,5176.285400390625,0
66.600000000000009,e379_r,27.083456,9.126026,164.182571,0.75,0,0.1,72.51887,0,624.9982,105312.390625,0,5180.1427001953125,0
66.65,e379_r,27.5405273,9.141381,164.639633,0.75,0,0.1,72.51887,0.00101991324,624.9982,105188.875,0,5183.9981079101562,0
66.7,e379_r,27.9983616,9.156718,165.097473,0.75,0,0.1,72.51887,0,624.9982,105065.578125,0,5187.8525390625,0
66.75,e379_r,28.4569626,9.172034,165.556076,0.75,0,0.1,72.51887,0.0009968001,624.9982,104942.4375,0,5191.7053833007812,0
66.8,e379_r,28.9163322,9.187331,166.015442,0.75,0,0.1,72.51887,0,624.9982,104819.484375,0,5195.5565185546875,0
66.850000000000009,e379_r,29.376461,9.202606,166.475571,0.75,0,0.1,72.51887,0.0009742109,624.9982,104696.6953125,0,5199.4067993164062,0
66.9,e379_r,29.8373547,9.217864,166.936462,0.75,0,0.1,72.51887,0,624.9982,104574.078125,0,5203.25537109375,0
66.95,e379_r,30.2990112,9.2331,167.398117,0.75,0,0.1,72.51887,0.00095213356,624.9982,104451.5234375,0,5207.1026611328125,0
67,e379_r,30.7614269,9.248317,167.860535,0.75,0,0.1,72.51887,0,624.9982,104329.1953125,0,5210.9487915039062,0
67.05,e379_r,31.2246037,9.263513,168.323715,0.75,0,0.1,72.51887,0.0009305565,624.9982,104207.03125,0,5214.7930297851562,0
67.100000000000009,e379_r,31.6885414,9.278691,168.787643,0.75,0,0.1,72.51887,0,624.9982,104085.0625,0,5218.6361083984375,0
67.15,e379_r,32.1532326,9.293847,169.252335,0.75,0,0.1,72.51887,0.0009094684,624.9982,103963.21875,0,5222.477294921875,0
67.2,e379_r,32.6186829,9.308986,169.717789,0.75,0,0.1,72.51887,0,624.9982,103841.5078125,0,5226.317138671875,0
67.25,e379_r,33.0848846,9.324103,170.18399,0.75,0,0.1,72.51887,0.0008888583,624.9982,103719.9765625,0,5230.1556396484375,0
67.3,e379_r,33.55184,9.339202,170.650955,0.75,0,0.1,72.51887,0,624.9982,103598.640625,0,5233.9924926757812,0
67.350000000000009,e379_r,34.01956,9.35427952,171.118668,0.75,0,0.1,72.51887,0.000868715055,624.9982,103477.3671875,0,5237.8277587890625,0
67.4,e379_r,34.4880257,9.369338,171.587128,0.75,0,0.1,72.51887,0,624.9982,103356.34375,0,5241.6617431640625,0
67.45,e379_r,34.9572449,9.384376,172.056351,0.75,0,0.1,72.51887,0.0008490285,624.9982,103235.546875,0,5245.4935302734375,0
67.5,e379_r,35.4272156,9.399369,172.526321,0.75,0,0.1,72.51887,0,624.9982,103114.9375,0,5249.3235473632812,0
67.55,e379_r,35.897934,9.414344,172.99704,0.75,0,0.1,72.51887,0.000829788,624.9982,102996.078125,0,5253.1464233398438,0
67.600000000000009,e379_r,36.3694,9.429297,173.4685,0.75,0,0.1,72.51887,0,624.9982,102876.3828125,0,5256.96728515625,0
67.65,e379_r,36.84161,9.44423,173.94072,0.75,0,0.1,72.51887,0.0008109835,624.9982,102756.5546875,0,5260.7864379882812,0
67.7,e379_r,37.3145676,9.45910549,174.413681,0.75,0,0.1,72.51887,0,624.9982,102636.859375,0,5264.6036376953125,0
67.75,e379_r,37.78826,9.47396,174.887375,0.75,0,0.1,72.51887,0.0007926052,624.9982,102520.0859375,0,5268.4088745117187,0
67.8,e379_r,38.2627029,9.488793,175.361816,0.75,0,0.1,72.51887,0,624.9982,102401.6796875,0,5272.212646484375,0
67.850000000000009,e379_r,38.7378922,9.503783,175.837,0.75,0,0.1,72.51887,0.0007746434,624.9982,102282.8828125,0,5276.014404296875,0
67.9,e379_r,39.21383,9.51875,176.312943,0.75,0,0.1,72.51887,0,624.9982,102151.1328125,0,5279.860107421875,0
67.95,e379_r,39.69051,9.533698,176.789627,0.75,0,0.1,72.51887,0.0007570886,624.9982,102027.5078125,0,5283.7039794921875,0
68,e379_r,40.1679459,9.548627,177.267059,0.75,0,0.1,72.51887,0,624.9982,101906.4296875,0,5287.5459594726562,0
68.05,e379_r,40.6461258,9.563537,177.745239,0.75,0,0.1,72.51887,0.0007399316,624.9982,101786.21875,0,5291.3865966796875,0
68.100000000000009,e379_r,41.1250458,9.578427,178.224167,0.75,0,0.1,72.51887,0,624.9982,101666.375,0,5295.2257690429687,0
68.15,e379_r,41.60471,9.593299,178.703827,0.75,0,0.1,72.51887,0.0007231635,624.9982,101546.7578125,0,5299.0633544921875,0
68.2,e379_r,42.0851135,9.608151,179.184235,0.75,0,0.1,72.51887,0,624.9982,101427.3046875,0,5302.899169921875,0
68.25,e379_r,42.56626,9.622985,179.66539,0.75,0,0.1,72.51887,0.0007067753,624.9982,101308.046875,0,5306.7337646484375,0
68.3,e379_r,43.0481567,9.637797,180.147278,0.75,0,0.1,72.51887,0,624.9982,101189,0,5310.56640625,0
68.350000000000009,e379_r,43.5307846,9.652593,180.629913,0.75,0,0.1,72.51887,0.0006907585,624.9982,101070.0625,0,5314.3973388671875,0
68.4,e379_r,44.01415,9.667367,181.113281,0.75,0,0.1,72.51887,0,624.9982,100951.28125,0,5318.2269287109375,0
68.45,e379_r,44.49826,9.682122,181.597382,0.75,0,0.1,72.51887,0.0006751047,624.9982,100832.640625,0,5322.0545654296875,0
68.5,e379_r,44.9831047,9.696858,182.08223,0.75,0,0.1,72.51887,0,624.9982,100714.2109375,0,5325.8807373046875,0
68.55,e379_r,45.4686775,9.711574,182.56781,0.75,0,0.1,72.51887,0.000659805664,624.9982,100595.9765625,0,5329.70458984375,0
68.600000000000009,e379_r,45.95499,9.72627,183.054123,0.75,0,0.1,72.51887,0,624.9982,100477.8359375,0,5333.5272216796875,0
68.65,e379_r,46.44204,9.740982,183.541168,0.75,0,0.1,72.51887,0.0006448533,624.9982,100359.90625,0,5337.34765625,0
68.7,e379_r,46.9298248,9.755675,184.028946,0.75,0,0.1,72.51887,0,624.9982,100239.4453125,0,5341.1759033203125,0
68.75,e379_r,47.41834,9.770349,184.517456,0.75,0,0.1,72.51887,0.0006302398,624.9982,100120.765625,0,5345.0025634765625,0
68.8,e379_r,47.90759,9.785005,185.006714,0.75,0,0.1,72.51887,0,624.9982,100002.71875,0,5348.8273315429687,0
68.850000000000009,e379_r,48.3975754,9.799642,185.496689,0.75,0,0.1,72.51887,0.0006159575,624.9982,99884.984375,0,5352.650634765625,0
68.9,e379_r,48.8882866,9.814258,185.9874,0.75,0,0.1,72.51887,0,624.9982,99767.453125,0,5356.471923828125,0
68.95,e379_r,49.37973,9.828856,186.478836,0.75,0,0.1,72.51887,0.000601998763,624.9982,99650.09375,0,5360.2916259765625,0
69,e379_r,49.8719025,9.843434,186.971008,0.75,0,0.1,72.51887,0,624.9982,99532.890625,0,5364.109619140625,0
69.05,e379_r,50.3648,9.857994,187.463913,0.75,0,0.1,72.51887,0.0005883564,624.9982,99415.8515625,0,5367.9259033203125,0
69.100000000000009,e379_r,50.8584251,9.872535,187.957535,0.75,0,0.1,72.51887,0,624.9982,99298.953125,0,5371.74072265625,0
69.15,e940_r,0.06777954,9.887055,188.451889,0.75,0,0.1,72.51887,0.0005750231,624.9982,99182.234375,0,5375.5531005859375,0
69.2,e940_r,0.5628586,9.901553,188.94696,0.75,0,0.1,72.51887,0,624.9982,99065.6484375,0,5379.3641357421875,0
69.25,e940_r,1.0586586,9.916032,189.442764,0.75,0,0.1,72.51887,0.0005619922,624.9982,98949.65625,0,5383.1717529296875,0
69.3,e940_r,1.55518341,9.930491,189.939285,0.75,0,0.1,72.51887,0,624.9982,98833.4921875,0,5386.9778442382812,0
69.350000000000009,e940_r,2.0524292,9.944932,190.436539,0.75,0,0.1,72.51887,0.000549256452,624.9982,98717.4296875,0,5390.7821655273437,0
69.4,e940_r,2.55039978,9.959352,190.934509,0.75,0,0.1,72.51887,0,624.9982,98601.5078125,0,5394.5843505859375,0
69.45,e940_r,3.04908752,9.973754,191.4332,0.75,0,0.1,72.51887,0.000536809268,624.9982,98485.8125,0,5398.3846435546875,0
69.5,e940_r,3.54849625,9.988136,191.9326,0.75,0,0.1,72.51887,0,624.9982,98370.2421875,0,5402.182861328125,0
69.55,e940_r,4.048622,10.0025,192.432724,0.75,0,0.1,72.51887,0.0005246443,624.9982,98254.796875,0,5405.9791259765625,0
69.600000000000009,e940_r,4.54946136,10.0168447,192.933563,0.75,0,0.1,72.51887,0,624.9982,98139.5234375,0,5409.7738037109375,158.63026428222656
69.65,e940_r,5.05102539,10.0311937,193.43512,0.75,0,0.1,72.51887,0.0005127549,624.9982,98024.3828125,0,5413.56640625,331.03738403320312
69.7,e940_r,5.553303,10.0455523,193.9374,0.75,0,0.1,72.51887,0,624.9982,97907.5390625,0,5417.3638305664062,510.8707275390625
69.75,e940_r,6.056305,10.0599566,194.440384,0.75,0,0.1,72.51887,0.0005011349,624.9982,97790.0234375,0,5421.1666259765625,683.260009765625
69.8,e940_r,6.56002045,10.07433,194.9441,0.75,0,0.1,72.51887,0,624.9982,97669.1953125,0,5424.98583984375,856.82159423828125
69.850000000000009,e940_r,7.064453,10.0887136,195.448547,0.75,0,0.1,72.51887,0.000489778351,624.9982,97553.125,0,5428.79931640625,1029.60546875
69.9,e940_r,7.569607,10.1031046,195.9537,0.75,0,0.1,72.51887,0,624.9982,97435.5078125,0,5432.6187133789062,1202.7803955078125
69.95,e940_r,8.075485,10.1175032,196.459579,0.75,0,0.1,72.51887,0.000478679052,624.9982,97317.5625,0,5436.4435424804687,1376.3489990234375
70,e940_r,8.582077,10.1319122,196.966171,0.75,0,0.1,72.51887,0,624.9982,97199.3671875,0,5440.2738037109375,1550.3111572265625
70.05,e940_r,9.089394,10.146327,197.47348,0.75,0,0.1,72.51887,0.0004678313,624.9982,97081.0625,0,5444.1098022460937,1724.2730712890625
70.100000000000009,e940_r,9.597427,10.1607523,197.981522,0.75,0,0.1,72.51887,0,624.9982,96962.7578125,0,5447.9511108398437,1898.6334228515625
70.15,e940_r,10.10619,10.1751852,198.49028,0.75,0,0.1,72.51887,0.000457229442,624.9982,96844.34375,0,5451.7979736328125,2072.983642578125
70.2,e940_r,10.6156673,10.1896257,198.999756,0.75,0,0.1,72.51887,0,624.9982,96725.8203125,0,5455.6510620117187,2247.732421875
70.25,e940_r,11.1258736,10.2040758,199.509964,0.75,0,0.1,72.51887,0.0004468678,624.9982,96607.2421875,0,5459.5089721679687,2422.880615234375
70.3,e940_r,11.6368027,10.2185316,200.020889,0.75,0,0.1,72.51887,0,624.9982,96488.65625,0,5463.372802734375,2598.023193359375
70.350000000000009,e940_r,12.1484489,10.2329969,200.532532,0.75,0,0.1,72.51887,0.000436740957,624.9982,96370.0078125,0,5467.2420654296875,2773.55908203125
70.4,e940_r,12.6608219,10.2474718,201.0449,0.75,0,0.1,72.51887,0,624.9982,96251.265625,0,5471.11669921875,2949.48828125
70.45,e940_r,13.1739178,10.2619524,201.558,0.75,0,0.1,72.51887,0.000426843646,624.9982,96132.4921875,0,5474.9969482421875,3125.421875
70.5,e940_r,13.6877384,10.2764425,202.071823,0.75,0,0.1,72.51887,0,624.9982,96013.6015625,0,5478.882568359375,3301.73974609375
70.55,e940_r,14.2022877,10.2909384,202.586365,0.75,0,0.1,72.51887,0.0004171706,624.9982,95894.6875,0,5482.7735595703125,3478.061767578125
70.600000000000009,e940_r,14.7175579,10.3054428,203.101639,0.75,0,0.1,72.51887,0,624.9982,95775.734375,0,5486.6702880859375,3655.170654296875
70.65,e940_r,15.2335606,10.319993,203.617645,0.75,0,0.1,72.51887,0.000407716783,624.9982,95656.71875,0,5490.5720825195312,3831.89599609375
70.7,e940_r,15.750288,10.3345518,204.134369,0.75,0,0.1,72.51887,0,624.9982,95534.765625,0,5494.4899291992187,3877.519287109375
70.75,e940_r,16.2677422,10.3490982,204.651825,0.75,0,0.1,72.51887,0.0003984772,624.9982,95414.484375,0,5498.4135131835937,3877.13134765625
70.8,e940_r,16.7859249,10.3636255,205.170013,0.75,0,0.1,72.51887,0,624.9982,95296.234375,0,5502.3369750976562,3869.651123046875
70.850000000000009,e940_r,17.3048325,10.3781328,205.688919,0.75,0,0.1,72.51887,0.00038944697,624.9982,95179.1484375,0,5506.2584838867187,3870.044921875
70.9,e940_r,17.824461,10.3926191,206.208557,0.75,0,0.1,72.51887,0,624.9982,95062.703125,0,5510.177490234375,3869.28564453125
70.95,e940_r,18.3448181,10.4070892,206.728912,0.75,0,0.1,72.51887,0.000380621437,624.9982,94946.328125,0,5514.0947875976562,3869.28564453125
71,e940_r,18.8658924,10.4215393,207.249985,0.75,0,0.1,72.51887,0,624.9982,94830.1484375,0,5518.01025390625,3869.28564453125
71.05,e940_r,19.3876915,10.4359694,207.77179,0.75,0,0.1,72.51887,0.000371995848,624.9982,94714.15625,0,5521.9237060546875,3869.28564453125
71.100000000000009,e940_r,19.91021,10.4503832,208.294312,0.75,0,0.1,72.51887,0,624.9982,94598.3046875,0,5525.8348388671875,3869.29541015625
71.15,e940_r,20.4334488,10.464776,208.817551,0.75,0,0.1,72.51887,0.000363565719,624.9982,94482.5546875,0,5529.74462890625,3869.29541015625
71.2,e940_r,20.9574089,10.4791517,209.3415,0.75,0,0.1,72.51887,0,624.9982,94366.984375,0,5533.6522216796875,3869.29541015625
71.25,e940_r,21.4820824,10.4935083,209.86618,0.75,0,0.1,72.51887,0.000355326716,624.9982,94251.6171875,0,5537.5576782226562,3869.28564453125
71.3,e940_r,22.007473,10.5078459,210.391571,0.75,0,0.1,72.51887,0,624.9982,94136.296875,0,5541.461669921875,3869.29541015625
71.350000000000009,e940_r,22.5335827,10.5221643,210.917679,0.75,0,0.1,72.51887,0.0003472744,624.9982,94021.2109375,0,5545.3634033203125,3869.685302734375
71.4,e940_r,23.0604057,10.5364637,211.4445,0.75,0,0.1,72.51887,0,624.9982,93906.265625,0,5549.2630615234375,3907.3027114868164
71.45,e940_r,23.587944,10.55075,211.972046,0.75,0,0.1,72.51887,0.000339404563,624.9982,93791.4921875,0,5553.16064453125,3951.2206039428711
71.5,e940_r,24.1161938,10.5650244,212.50029,0.75,0,0.1,72.51887,0,624.9982,93676.4375,0,5557.0576782226562,3992.5596313476562
71.55,e940_r,24.6451569,10.5792847,213.029251,0.75,0,0.1,72.51887,0.000331713032,624.9982,93561.3203125,0,5560.9544067382812,4034.4634246826172
71.600000000000009,e940_r,25.1748352,10.5935335,213.558929,0.75,0,0.1,72.51887,0,624.9982,93446.2421875,0,5564.8511352539062,4076.3571624755859
71.65,e940_r,25.705225,10.60777,214.089325,0.75,0,0.1,72.51887,0.000324195833,624.9982,93331.2578125,0,5568.7473754882812,4118.2612457275391
71.7,e940_r,26.2363281,10.622035,214.620422,0.75,0,0.1,72.51887,0,624.9982,93216.3515625,0,5572.6436767578125,4233.7258605957031
71.75,e940_r,26.7681427,10.6362581,215.152237,0.75,0,0.1,72.51887,0.000316848978,624.9982,93098.4140625,0,5576.5505981445312,4274.6304931640625
71.8,e940_r,27.300663,10.65047,215.684753,0.75,0,0.1,72.51887,0,624.9982,92984.8359375,0,5580.4491577148437,4315.5350952148437
71.850000000000009,e940_r,27.8338966,10.66467,216.217987,0.75,0,0.1,72.51887,0.0003096686,624.9982,92870.4296875,0,5584.3480224609375,4356.1373291015625
71.9,e940_r,28.36784,10.6788568,216.751923,0.75,0,0.1,72.51887,0,624.9982,92755.84375,0,5588.24658203125,4396.3453369140625
71.95,e940_r,28.9024887,10.6930332,217.286575,0.75,0,0.1,72.51887,0.000302650966,624.9982,92641.3515625,0,5592.1447143554687,4437.8259582519531
72,e940_r,29.43785,10.7071991,217.82193,0.75,0,0.1,72.51887,0,624.9982,92526.8515625,0,5596.0430297851562,4478.6080322265625
72.05,e940_r,29.9739151,10.7213516,218.358,0.75,0,0.1,72.51887,0.000295792328,624.9982,92412.46875,0,5599.9413452148437,4519.3909301757812
72.100000000000009,e940_r,30.5106926,10.7354937,218.894775,0.75,0,0.1,72.51887,0,624.9982,92298.234375,0,5603.8392333984375,4560.6697998046875
72.15,e940_r,31.048172,10.74962,219.432251,0.75,0,0.1,72.51887,0.000289089134,624.9982,92184.03125,0,5607.7371826171875,4601.5319213867187
72.2,e940_r,31.5863571,10.76374,219.970444,0.75,0,0.1,72.51887,0,624.9982,92069.984375,0,5611.6344604492187,4642.4902954101562
72.25,e940_r,32.12525,10.7778425,220.509338,0.75,0,0.1,72.51887,0.0002825379,624.9982,91956,0,5615.5318603515625,4683.9389038085937
72.3,e940_r,32.6648521,10.7919378,221.048935,0.75,0,0.1,72.51887,0,624.9982,91842.140625,0,5619.4288940429687,4724.9937133789062
72.350000000000009,e940_r,33.2051544,10.8060169,221.589233,0.75,0,0.1,72.51887,0.000276135135,624.9982,91728.3359375,0,5623.3256225585937,4766.1411743164062
72.4,e940_r,33.74616,10.8200855,222.130234,0.75,0,0.1,72.51887,0,624.9982,91614.6875,0,5627.2221069335937,4807.787353515625
72.45,e940_r,34.2878647,10.8341436,222.671936,0.75,0,0.1,72.51887,0.000269877433,624.9982,91501.15625,0,5631.1182861328125,4849.0177001953125
72.5,e940_r,34.8302727,10.8481855,223.21434,0.75,0,0.1,72.51887,0,624.9982,91387.71875,0,5635.0139770507812,4890.3446655273437
72.55,e940_r,35.3733826,10.8622189,223.757446,0.75,0,0.1,72.51887,0.0002637615,624.9982,91274.390625,0,5638.9094848632812,4932.0653076171875
72.600000000000009,e940_r,35.9172,10.8762751,224.301254,0.75,0,0.1,72.51887,0,624.9982,91161.15625,0,5642.8043212890625,4973.8763427734375
72.65,e940_r,36.4617157,10.8903208,224.845764,0.75,0,0.1,72.51887,0.0002577842,624.9982,91045.046875,0,5646.709716796875,5014.9910888671875
72.7,e940_r,37.0069351,10.904356,225.390976,0.75,0,0.1,72.51887,0,624.9982,90930.9453125,0,5650.614990234375,5024.7796630859375
72.75,e940_r,37.55285,10.9183722,225.93689,0.75,0,0.1,72.51887,0.0002519423,624.9982,90817.4453125,0,5654.5196533203125,4949.8193359375
72.8,e940_r,38.09947,10.9323587,226.4835,0.75,0,0.1,72.51887,0,624.9982,90704.5390625,0,5658.4229125976562,4948.5064697265625
72.850000000000009,e940_r,38.6467857,10.9463272,227.030823,0.75,0,0.1,72.51887,0.0002462329,624.9982,90592.9765625,0,5662.32080078125,4947.9293212890625
72.9,e940_r,39.1947975,10.9602766,227.578842,0.75,0,0.1,72.51887,0,624.9982,90481.015625,0,5666.2162475585937,4948.0225830078125
72.95,e940_r,39.7435074,10.9742107,228.127548,0.75,0,0.1,72.51887,0.000240652822,624.9982,90369.0703125,0,5670.109619140625,4948.3179931640625
73,e940_r,40.29291,10.9881229,228.676956,0.75,0,0.1,72.51887,0,624.9982,90257.21875,0,5674.0010375976562,4948.4078369140625
73.05,e940_r,40.8430176,11.0020208,229.227051,0.75,0,0.1,72.51887,0.000235199186,624.9982,90145.4921875,0,5677.8900756835937,4948.315673828125
73.100000000000009,e940_r,41.39381,11.0158987,229.777847,0.75,0,0.1,72.51887,0,624.9982,90033.921875,0,5681.7771606445312,4947.921875
73.15,e940_r,41.9453,11.0297565,230.32933,0.75,0,0.1,72.51887,0.000229869169,624.9982,89922.5,0,5685.6624145507812,4948.3280029296875
73.2,e375_r,0.4974823,11.043602,230.881516,0.75,0,0.1,72.51887,0,624.9982,89811.203125,0,5689.544921875,4947.921875
73.25,e375_r,1.050354,11.0574236,231.434387,0.75,0,0.1,72.51887,0.0002246599,624.9982,89699.8671875,0,5693.4264526367187,4959.9265098571777
73.3,e375_r,1.60391235,11.0712271,231.987946,0.75,0,0.1,72.51887,0,624.9982,89589.2578125,0,5697.3040161132812,5003.3454627990723
73.350000000000009,e375_r,2.15815735,11.085021,232.542191,0.75,0,0.1,72.51887,0.0002195687,624.9982,89478.375,0,5701.179931640625,5049.3601913452148
73.4,e375_r,2.71310425,11.0988016,233.097137,0.75,0,0.1,72.51887,0,624.9982,89367.1796875,0,5705.0558471679687,5110.0131225585938
73.45,e375_r,3.26873779,11.1125727,233.652771,0.75,0,0.1,72.51887,0.000214592888,624.9982,89255.953125,0,5708.9312133789062,5153.4239349365234
73.5,e375_r,3.825058,11.1263342,234.209091,0.75,0,0.1,72.51887,0,624.9982,89144.625,0,5712.8067626953125,5197.0584106445312
73.55,e375_r,4.38204956,11.1401262,234.7661,0.75,0,0.1,72.51887,0.000209729827,624.9982,89033.4765625,0,5716.6821899414062,5238.7167053222656
73.600000000000009,e375_r,4.9397583,11.153863,235.323792,0.75,0,0.1,72.51887,0,624.9982,88919.2265625,0,5720.5693969726562,5284.1031188964844
73.65,e375_r,5.498123,11.167593,235.882172,0.75,0,0.1,72.51887,0.000204977,624.9982,88810.296875,0,5724.44482421875,5336.5850830078125
73.7,e375_r,6.05719,11.1813116,236.441238,0.75,0,0.1,72.51887,0,624.9982,88699.9296875,0,5728.3199462890625,5381.8855895996094
73.75,e375_r,6.61694336,11.1950178,237.000992,0.75,0,0.1,72.51887,0.000200331851,624.9982,88589.1640625,0,5732.1951904296875,5415.5731506347656
73.8,e375_r,7.17738342,11.2087164,237.561432,0.75,0,0.1,72.51887,0,624.9982,88478.4453125,0,5736.0703735351562,5448.4096984863281
73.850000000000009,e375_r,7.73851,11.2223988,238.122559,0.75,0,0.1,72.51887,0.000195791974,624.9982,88367.8125,0,5739.9453735351562,5494.0640258789062
73.9,e375_r,8.300308,11.2360754,238.684357,0.75,0,0.1,72.51887,0,624.9982,88264.53125,0,5743.8197021484375,5539.6228637695312
73.95,e375_r,8.862793,11.2497416,239.246841,0.75,0,0.1,72.51887,0.000191354979,624.9982,88172.1015625,0,5747.6941528320312,5584.9818115234375
74,e375_r,9.425964,11.2634029,239.810013,0.75,0,0.1,72.51887,0,624.9982,88085.4765625,0,5751.5693969726562,5630.7196655273437
74.05,e375_r,9.989807,11.2770548,240.373871,0.75,0,0.1,72.51887,0.000187018537,624.9982,88000.5234375,0,5755.4454345703125,5676.5653686523437
74.100000000000009,e375_r,10.5543518,11.2907028,240.9384,0.75,0,0.1,72.51887,0,624.9982,87916.1015625,0,5759.3228149414062,5722.0128173828125
74.15,e375_r,11.1195679,11.3043432,241.503616,0.75,0,0.1,72.51887,0.00018278035,624.9982,87831.8828125,0,5763.2011108398437,5767.9321899414062
74.2,e375_r,11.6854706,11.317977,242.069519,0.75,0,0.1,72.51887,0,624.9982,87747.703125,0,5767.0802001953125,5813.8540649414062
74.25,e375_r,12.2520447,11.331604,242.6361,0.75,0,0.1,72.51887,0.000178638235,624.9982,87663.59375,0,5770.960205078125,5860.2323608398437
74.3,e375_r,12.8193054,11.3452234,243.203354,0.75,0,0.1,72.51887,0,624.9982,87579.5234375,0,5774.84130859375,5905.9418334960937
74.350000000000009,e375_r,13.3872528,11.358839,243.7713,0.75,0,0.1,72.51887,0.000174589979,624.9982,87495.5234375,0,5778.7235107421875,5952.0607299804687
74.4,e375_r,13.9558716,11.3724451,244.33992,0.75,0,0.1,72.51887,0,624.9982,87411.546875,0,5782.606689453125,5998.2589111328125
74.45,e375_r,14.525177,11.3860464,244.909225,0.75,0,0.1,72.51887,0.000170633459,624.9982,87327.6171875,0,5786.4907836914062,6044.4530029296875
74.5,e375_r,15.0951538,11.3996382,245.4792,0.75,0,0.1,72.51887,0,624.9982,87243.7109375,0,5790.3757934570313,6077.327392578125
74.55,e375_r,15.6658173,11.4132242,246.049866,0.75,0,0.1,72.51887,0.0001667666,624.9982,87159.8671875,0,5794.261474609375,6080.483154296875
74.600000000000009,e375_r,16.2371521,11.426796,246.6212,0.75,0,0.1,72.51887,0,624.9982,87076.203125,0,5798.1480712890625,6078.4964599609375
74.65,e375_r,16.8091736,11.4403543,247.193222,0.75,0,0.1,72.51887,0.000162987359,624.9982,86993,0,5802.0332641601562,6054.187744140625
74.7,e375_r,17.3818665,11.4538946,247.765915,0.75,0,0.1,72.51887,0,624.9982,86909.9921875,0,5805.9179077148437,6065.8848876953125
74.75,e375_r,17.955246,11.4674234,248.339279,0.75,0,0.1,72.51887,0.000159293762,624.9982,86827.4375,0,5809.7997436523437,6065.8848876953125
74.8,e375_r,18.5292969,11.48094,248.91333,0.75,0,0.1,72.51887,0,624.9982,86744.625,0,5813.6812744140625,6078.234130859375
74.850000000000009,e375_r,19.10402,11.4944439,249.488052,0.75,0,0.1,72.51887,0.0001556839,624.9982,86661.9140625,0,5817.5617065429687,6078.6234130859375
74.9,e375_r,19.6794128,11.5079336,250.063446,0.75,0,0.1,72.51887,0,624.9982,86579.140625,0,5821.4415893554687,6078.6158447265625
74.95,e375_r,20.2554779,11.521409,250.639511,0.75,0,0.1,72.51887,0.00015215583,624.9982,86496.5546875,0,5825.320556640625,6078.6256103515625
75,e375_r,20.8322144,11.534873,251.216248,0.75,0,0.1,72.51887,0,624.9982,86414.1328125,0,5829.1983032226562,6078.2318115234375
75.05,e375_r,21.4096375,11.5483227,251.793671,0.75,0,0.1,72.51887,0.000148707681,624.9982,86331.78125,0,5833.0745849609375,6093.2299880981445
75.100000000000009,e375_r,21.9877319,11.561759,252.371765,0.75,0,0.1,72.51887,0,624.9982,86249.578125,0,5836.9495849609375,6138.9400863647461
75.15,e375_r,22.5664825,11.5751886,252.950531,0.75,0,0.1,72.51887,0.000145337719,624.9982,86167.2421875,0,5840.82421875,6186.4693450927734
75.2,e375_r,23.14592,11.5886145,253.529968,0.75,0,0.1,72.51887,0,624.9982,86084.5703125,0,5844.6998291015625,6248.7420043945312
75.25,e375_r,23.7260132,11.6020336,254.110077,0.75,0,0.1,72.51887,0.000142044126,624.9982,86001.8046875,0,5848.5761108398437,6296.1192321777344
75.3,e375_r,24.3067932,11.6154461,254.690842,0.75,0,0.1,72.51887,0,624.9982,85918.9140625,0,5852.4539184570312,6342.0015411376953
75.350000000000009,e375_r,24.8882446,11.6288929,255.2723,0.75,0,0.1,72.51887,0.00013882514,624.9982,85836.15625,0,5856.33251953125,6385.1604614257812
75.4,e375_r,25.4703522,11.642293,255.8544,0.75,0,0.1,72.51887,0,624.9982,85750.1484375,0,5860.2246704101562,6430.9342956542969
75.45,e375_r,26.0531311,11.6556845,256.4372,0.75,0,0.1,72.51887,0.000135679118,624.9982,85669.75,0,5864.1046752929687,6474.4729919433594
75.5,e375_r,26.6365967,11.6690693,257.02066,0.75,0,0.1,72.51887,0,624.9982,85587.7109375,0,5867.9860229492187,6520.0661926269531
75.55,e375_r,27.2207031,11.68245,257.6048,0.75,0,0.1,72.51887,0.000132604386,624.9982,85505.3203125,0,5871.8679809570312,6566.6234130859375
75.600000000000009,e375_r,27.8054962,11.6958246,258.189575,0.75,0,0.1,72.51887,0,624.9982,85422.7734375,0,5875.751220703125,6612.4889526367187
75.65,e375_r,28.39096,11.7091923,258.775024,0.75,0,0.1,72.51887,0.000129599328,624.9982,85340.21875,0,5879.6353759765625,6659.1382446289062
75.7,e375_r,28.9770813,11.7225561,259.361145,0.75,0,0.1,72.51887,0,624.9982,85257.671875,0,5883.5206298828125,6705.0943603515625
75.75,e375_r,29.5638733,11.7359114,259.947937,0.75,0,0.1,72.51887,0.000126662373,624.9982,85175.1484375,0,5887.4071655273437,6752.1197509765625
75.8,e375_r,30.1513367,11.7492619,260.5354,0.75,0,0.1,72.51887,0,624.9982,85092.7578125,0,5891.2944946289062,6798.560302734375
75.850000000000009,e375_r,30.7394714,11.7626057,261.123535,0.75,0,0.1,72.51887,0.000123791964,624.9982,85010.328125,0,5895.18310546875,6844.5952758789062
75.9,e375_r,31.3282776,11.7759447,261.712341,0.75,0,0.1,72.51887,0,624.9982,84928.0078125,0,5899.0720825195312,6891.6071166992187
75.95,e375_r,31.91774,11.7892752,262.301819,0.75,0,0.1,72.51887,0.000120986639,624.9982,84845.7421875,0,5902.9620361328125,6937.6442260742187
76,e375_r,32.5078735,11.802599,262.891937,0.75,0,0.1,72.51887,0,624.9982,84763.453125,0,5906.8535766601562,6980.438720703125
76.05,e375_r,33.0986633,11.815918,263.482727,0.75,0,0.1,72.51887,0.000118244854,624.9982,84681.25,0,5910.7455444335937,7027.0575561523437
76.100000000000009,e375_r,33.6901245,11.82923,264.0742,0.75,0,0.1,72.51887,0,624.9982,84599.1015625,0,5914.6383666992187,7073.6716918945312
76.15,e375_r,34.2822571,11.842536,264.666321,0.75,0,0.1,72.51887,0.000115565221,624.9982,84516.90625,0,5918.5318603515625,7120.47998046875
76.2,e375_r,34.8750458,11.8558359,265.259125,0.75,0,0.1,72.51887,0,624.9982,84434.84375,0,5922.4264526367187,7167.0640869140625
76.25,e375_r,35.4685059,11.86913,265.85257,0.75,0,0.1,72.51887,0.0001129463,624.9982,84352.7421875,0,5926.322265625,7196.75146484375
76.3,e375_r,36.0626221,11.8824148,266.4467,0.75,0,0.1,72.51887,0,624.9982,84270.734375,0,5930.21875,7196.8375244140625
76.350000000000009,e375_r,36.65741,11.8956842,267.041473,0.75,0,0.1,72.51887,0.00011038674,624.9982,84188.9296875,0,5934.1153564453125,7195.74853515625
76.4,e375_r,37.2528534,11.9089432,267.636932,0.75,0,0.1,72.51887,0,624.9982,84107.5859375,0,5938.0106811523437,7178.3726806640625
76.45,e375_r,37.84897,11.9221859,268.233032,0.75,0,0.1,72.51887,0.000107885186,624.9982,84026.421875,0,5941.9049072265625,7176.5328369140625
76.5,e375_r,38.44574,11.9354143,268.8298,0.75,0,0.1,72.51887,0,624.9982,83945.6328125,0,5945.7969360351562,7176.8238525390625
76.55,e375_r,39.0431671,11.9486294,269.427246,0.75,0,0.1,72.51887,0.000105440304,624.9982,83864.7578125,0,5949.6880493164062,7179.654296875
76.600000000000009,e375_r,39.6412659,11.96183,270.02533,0.75,0,0.1,72.51887,0,624.9982,83783.9375,0,5953.5775146484375,7182.4112548828125
76.65,e375_r,40.2400055,11.97502,270.624084,0.75,0,0.1,72.51887,0.00010305085,624.9982,83703.1875,0,5957.4658813476562,7182.19482421875
76.7,e375_r,40.8394165,11.9881964,271.22348,0.75,0,0.1,72.51887,0,624.9982,83622.4453125,0,5961.3530883789062,7182.416748046875
76.75,e375_r,41.4394836,12.0013571,271.823547,0.75,0,0.1,72.51887,0.000100715537,624.9982,83541.828125,0,5965.2391357421875,7182.5172119140625
76.800000000000011,e375_r,42.0402069,12.0145044,272.4243,0.75,0,0.1,72.51887,0,624.9982,83461.390625,0,5969.12353515625,7220.6186981201172
76.850000000000009,e375_r,42.6416,12.027647,273.025665,0.75,0,0.1,72.51887,9.843314E-05,624.9982,83380.9765625,0,5973.0068969726563,7268.2444763183594
76.9,e375_r,43.2436371,12.04078,273.627716,0.75,0,0.1,72.51887,0,624.9982,83300.203125,0,5976.8906860351562,7331.0300598144531
76.95,e375_r,43.84633,12.05391,274.2304,0.75,0,0.1,72.51887,9.620247E-05,624.9982,83219.28125,0,5980.775146484375,7381.9306182861328
77,e375_r,44.4496765,12.0670338,274.833771,0.75,0,0.1,72.51887,0,624.9982,83138.1328125,0,5984.6612548828125,7429.861083984375
77.050000000000011,e375_r,45.0536957,12.0801992,275.437775,0.75,0,0.1,72.51887,9.40223545E-05,624.9982,83057.0625,0,5988.548095703125,7473.1487731933594
77.100000000000009,e375_r,45.6583557,12.0933123,276.04245,0.75,0,0.1,72.51887,0,624.9982,82972.6015625,0,5992.4495239257812,7519.5316772460937
77.15,e375_r,46.26367,12.10642,276.647766,0.75,0,0.1,72.51887,9.189163E-05,624.9982,82893.9140625,0,5996.3387451171875,7563.2021484375
77.2,e375_r,46.86966,12.1195211,277.253754,0.75,0,0.1,72.51887,0,624.9982,82813.625,0,6000.2286987304687,7609.7748718261719
77.25,e375_r,47.4762878,12.1326151,277.860382,0.75,0,0.1,72.51887,8.98092E-05,624.9982,82732.921875,0,6004.1195678710937,7656.3562622070312
77.300000000000011,e375_r,48.0835571,12.1457062,278.467682,0.75,0,0.1,72.51887,0,624.9982,82652.1171875,0,6008.011474609375,7703.0018615722656
77.350000000000009,e375_r,48.6914978,12.1587906,279.075623,0.75,0,0.1,72.51887,8.777395E-05,624.9982,82571.328125,0,6011.9041748046875,7749.57421875
77.4,e375_r,49.3000946,12.1718693,279.6842,0.75,0,0.1,72.51887,0,624.9982,82490.53125,0,6015.798095703125,7795.9280395507812
77.45,e375_r,49.9093475,12.1849442,280.293457,0.75,0,0.1,72.51887,8.578484E-05,624.9982,82409.71875,0,6019.693115234375,7842.7760620117187
77.5,e375_r,50.5192566,12.1980124,280.903351,0.75,0,0.1,72.51887,0,624.9982,82328.9765625,0,6023.5888671875,7889.912109375
77.550000000000011,e375_r,51.12979,12.2110739,281.513916,0.75,0,0.1,72.51887,8.384081E-05,624.9982,82248.359375,0,6027.4857177734375,7935.880615234375
77.600000000000009,e375_r,51.7410126,12.2241287,282.125122,0.75,0,0.1,72.51887,0,624.9982,82167.734375,0,6031.3833618164062,7982.7117919921875
77.65,e375_r,52.35286,12.2371778,282.736969,0.75,0,0.1,72.51887,8.194083E-05,624.9982,82087.1328125,0,6035.2819213867187,8029.7159423828125
77.7,e375_r,52.9653778,12.2502222,283.3495,0.75,0,0.1,72.51887,0,624.9982,82006.5703125,0,6039.1812133789062,8076.646484375
77.75,e375_r,53.578537,12.26326,283.962646,0.75,0,0.1,72.51887,8.00839E-05,624.9982,81926.09375,0,6043.0814208984375,8123.3419189453125
77.800000000000011,e375_r,54.1923523,12.2762918,284.576447,0.75,0,0.1,72.51887,0,624.9982,81845.6328125,0,6046.9824829101562,8170.354736328125
77.850000000000009,e375_r,54.8068237,12.2893171,285.190918,0.75,0,0.1,72.51887,7.82690549E-05,624.9982,81765.1640625,0,6050.88427734375,8218.0204467773437
77.9,e375_r,55.421936,12.3023386,285.80603,0.75,0,0.1,72.51887,0,624.9982,81684.7578125,0,6054.787109375,8265.209228515625
77.95,e375_r,56.0377045,12.3153534,286.421783,0.75,0,0.1,72.51887,7.649534E-05,624.9982,81604.34375,0,6058.6910400390625,8276.29248046875
78,e375_r,56.6541138,12.3283558,287.0382,0.75,0,0.1,72.51887,0,624.9982,81524.0078125,0,6062.5955810546875,8274.7166748046875
78.050000000000011,e375_r,57.27118,12.3413467,287.655273,0.75,0,0.1,72.51887,7.476182E-05,624.9982,81444.140625,0,6066.499267578125,8258.2264404296875
78.100000000000009,e375_r,57.8889,12.3543186,288.27298,0.75,0,0.1,72.51887,0,624.9982,81364.6015625,0,6070.401611328125,8257.4866943359375
78.15,e375_r,58.5072632,12.36728,288.891357,0.75,0,0.1,72.51887,7.306759E-05,624.9982,81285.5078125,0,6074.3016357421875,8255.9517822265625
78.2,e375_r,59.12628,12.3802271,289.510376,0.75,0,0.1,72.51887,0,624.9982,81206.2578125,0,6078.2003173828125,8259.0792236328125
78.25,e375_r,59.74594,12.3931627,290.130035,0.75,0,0.1,72.51887,7.141174E-05,624.9982,81127.078125,0,6082.09765625,8259.1572265625
78.300000000000011,e375_r,60.36624,12.4060841,290.750336,0.75,0,0.1,72.51887,0,624.9982,81047.8984375,0,6085.9935913085937,8261.528076171875
78.350000000000009,e375_r,60.9871826,12.418993,291.371277,0.75,0,0.1,72.51887,6.97934156E-05,624.9982,80968.8046875,0,6089.888427734375,8261.922607421875
78.4,e375_r,61.60878,12.43189,291.992859,0.75,0,0.1,72.51887,0,624.9982,80889.8515625,0,6093.7817993164062,8261.528076171875
78.45,e375_r,62.2310181,12.4447708,292.6151,0.75,0,0.1,72.51887,6.82117752E-05,624.9982,80810.9921875,0,6097.6735229492187,8290.5804004669189
78.5,e375_r,62.8539124,12.4576435,293.238,0.75,0,0.1,72.51887,0,624.9982,80732.2109375,0,6101.5639038085937,8339.6483764648437
78.550000000000011,e375_r,63.4774323,12.4705124,293.861542,0.75,0,0.1,72.51887,6.66659762E-05,624.9982,80653.1484375,0,6105.4539184570312,8389.9620971679687
78.600000000000009,e375_r,64.10159,12.4833755,294.485718,0.75,0,0.1,72.51887,0,624.9982,80573.8359375,0,6109.3452758789062,8455.9163055419922
78.65,e375_r,64.72641,12.496233,295.110535,0.75,0,0.1,72.51887,6.515521E-05,624.9982,80494.4609375,0,6113.2371215820312,8508.4270172119141
78.7,e375_r,65.35187,12.5091324,295.736,0.75,0,0.1,72.51887,0,624.9982,80414.953125,0,6117.1306762695312,8555.155029296875
78.75,e375_r,65.97797,12.5220251,296.3621,0.75,0,0.1,72.51887,6.367867E-05,624.9982,80332.015625,0,6121.0389404296875,8604.1130676269531
78.800000000000011,e375_r,66.60472,12.5349121,296.988831,0.75,0,0.1,72.51887,0,624.9982,80251.5,0,6124.9483032226562,8651.3824157714844
78.850000000000009,e375_r,67.2321,12.5477924,297.6162,0.75,0,0.1,72.51887,6.22355947E-05,624.9982,80171.6875,0,6128.858154296875,8700.7251892089844
78.9,e375_r,67.86014,12.5606689,298.244232,0.75,0,0.1,72.51887,0,624.9982,80092.078125,0,6132.76904296875,8750.5225524902344
78.95,e375_r,68.4888153,12.57354,298.8729,0.75,0,0.1,72.51887,6.08252267E-05,624.9982,80012.5703125,0,6136.6808471679687,8800.2439575195312
79,e375_r,69.11813,12.5864038,299.502228,0.75,0,0.1,72.51887,0,624.9982,79933.0390625,0,6140.5933837890625,8849.4781494140625
79.050000000000011,e375_r,69.74811,12.5992651,300.1322,0.75,0,0.1,72.51887,5.94468147E-05,624.9982,79853.6015625,0,6144.5074462890625,8899.1937255859375
79.100000000000009,e375_r,70.37871,12.6121206,300.762817,0.75,0,0.1,72.51887,0,624.9982,79774.125,0,6148.422119140625,8949.1795654296875
79.15,e375_r,71.00995,12.6249695,301.394073,0.75,0,0.1,72.51887,5.8099653E-05,624.9982,79694.734375,0,6152.3375854492187,8998.128173828125
79.2,e375_r,71.6418457,12.6378126,302.02597,0.75,0,0.1,72.51887,0,624.9982,79615.359375,0,6156.254150390625,9048.1219482421875
79.25,e375_r,72.27438,12.650651,302.6585,0.75,0,0.1,72.51887,5.678301E-05,624.9982,79536.03125,0,6160.1719970703125,9098.1080932617187
79.300000000000011,e375_r,72.90755,12.6634846,303.2917,0.75,0,0.1,72.51887,0,624.9982,79456.7734375,0,6164.0902099609375,9148.2767333984375
79.350000000000009,e375_r,73.54137,12.6763144,303.9255,0.75,0,0.1,72.51887,5.54962062E-05,624.9982,79377.46875,0,6168.0097045898437,9198.8373413085937
79.4,e375_r,74.17583,12.6891375,304.559967,0.75,0,0.1,72.51887,0,624.9982,79298.171875,0,6171.9301147460937,9249.0843505859375
79.45,e375_r,74.81093,12.7019567,305.195068,0.75,0,0.1,72.51887,5.42385678E-05,624.9982,79219,0,6175.851806640625,9298.6856689453125
79.5,e375_r,75.4466553,12.7147675,305.8308,0.75,0,0.1,72.51887,0,624.9982,79139.8046875,0,6179.7740478515625,9349.0343017578125
79.550000000000011,e375_r,76.08304,12.7275763,306.4672,0.75,0,0.1,72.51887,5.30094221E-05,624.9982,79060.671875,0,6183.6973876953125,9384.6346435546875
79.600000000000009,e375_r,76.72006,12.7403765,307.104218,0.75,0,0.1,72.51887,0,624.9982,78981.5234375,0,6187.6216430664062,9384.157958984375
79.65,e375_r,77.35773,12.7531633,307.741882,0.75,0,0.1,72.51887,5.18081324E-05,624.9982,78902.6328125,0,6191.5463256835937,9383.73828125
79.7,e375_r,77.99602,12.7659378,308.3802,0.75,0,0.1,72.51887,0,624.9982,78824.2890625,0,6195.4691162109375,9366.387451171875
79.75,e375_r,78.63495,12.7786961,309.019135,0.75,0,0.1,72.51887,5.063407E-05,624.9982,78746.0390625,0,6199.390625,9364.743896484375
79.800000000000011,e375_r,79.27452,12.7914429,309.6587,0.75,0,0.1,72.51887,0,624.9982,78668.1484375,0,6203.31005859375,9367.96630859375
79.850000000000009,e375_r,79.9147339,12.8041754,310.2989,0.75,0,0.1,72.51887,4.94866144E-05,624.9982,78590.25,0,6207.2279663085937,9367.965087890625
79.9,e375_r,80.55559,12.8168964,310.939728,0.75,0,0.1,72.51887,0,624.9982,78512.3515625,0,6211.1444091796875,9370.4180908203125
79.95,e375_r,81.19707,12.8296051,311.5812,0.75,0,0.1,72.51887,4.83651529E-05,624.9982,78434.4921875,0,6215.0593872070312,9370.3287353515625
80,e375_r,81.83917,12.8423,312.223328,0.75,0,0.1,72.51887,0,624.9982,78356.7109375,0,6218.9728393554687,9370.8980712890625
80.050000000000011,e375_r,82.48192,12.8549824,312.8661,0.75,0,0.1,72.51887,4.726911E-05,624.9982,78279.0703125,0,6222.8853759765625,9414.9059753417969
80.100000000000009,e375_r,83.1253052,12.8676605,313.50946,0.75,0,0.1,72.51887,0,624.9982,78201.4609375,0,6226.7957763671875,9487.5083236694336
80.15,e375_r,83.76933,12.8803358,314.153473,0.75,0,0.1,72.51887,4.619791E-05,624.9982,78123.3984375,0,6230.7072143554687,9560.6651458740234
80.2,e375_r,84.41397,12.893012,314.798126,0.75,0,0.1,72.51887,0,624.9982,78044.9296875,0,6234.6204223632812,9649.9567718505859
80.25,e375_r,85.0592651,12.9056854,315.44342,0.75,0,0.1,72.51887,4.51509841E-05,624.9982,77966.296875,0,6238.5361328125,9725.3412780761719
80.300000000000011,e375_r,85.7051849,12.91836,316.089325,0.75,0,0.1,72.51887,0,624.9982,77887.453125,0,6242.4547729492187,9795.3788146972656
80.350000000000009,e375_r,86.35173,12.9310312,316.73587,0.75,0,0.1,72.51887,4.412778E-05,624.9982,77808.71875,0,6246.375732421875,9867.5626220703125
80.4,e375_r,86.99892,12.9437027,317.383057,0.75,0,0.1,72.51887,0,624.9982,77730.078125,0,6250.2984619140625,9944.6815795898437
80.45,e375_r,87.6467361,12.9563732,318.030884,0.75,0,0.1,72.51887,4.312777E-05,624.9982,77651.4765625,0,6254.2230224609375,9994.9835205078125
80.5,e375_r,88.29519,12.969038,318.679321,0.75,0,0.1,72.51887,0,624.9982,77572.8125,0,6258.1497192382812,10044.617065429687
80.550000000000011,e375_r,88.9442749,12.9816961,319.3284,0.75,0,0.1,72.51887,4.21504155E-05,624.9982,77494.4375,0,6262.0776977539062,10094.119873046875
80.600000000000009,e375_r,89.5939941,12.9943523,319.978119,0.75,0,0.1,72.51887,0,624.9982,77416.2421875,0,6266.006591796875,10144.255065917969
80.65,e375_r,90.24434,13.0070019,320.628479,0.75,0,0.1,72.51887,4.119521E-05,624.9982,77338.046875,0,6269.9359130859375,10194.142700195312
80.7,e375_r,90.8953247,13.0196447,321.279449,0.75,0,0.1,72.51887,0,624.9982,77259.8828125,0,6273.8667602539062,10243.484436035156
80.75,e375_r,91.546936,13.0322828,321.931061,0.75,0,0.1,72.51887,4.026165E-05,624.9982,77181.796875,0,6277.7977905273437,10292.781677246094
80.800000000000011,e375_r,92.19919,13.0449171,322.5833,0.75,0,0.1,72.51887,0,624.9982,77103.7109375,0,6281.7301635742187,10342.850463867187
80.850000000000009,e375_r,92.852066,13.0575466,323.236176,0.75,0,0.1,72.51887,3.93492519E-05,624.9982,77025.625,0,6285.66357421875,10392.944152832031
80.9,e375_r,93.50557,13.0701685,323.889679,0.75,0,0.1,72.51887,0,624.9982,76947.6484375,0,6289.5977172851562,10430.929260253906
80.95,e375_r,94.15971,13.0827866,324.543823,0.75,0,0.1,72.51887,3.84575251E-05,624.9982,76869.6484375,0,6293.5328369140625,10458.26318359375
81,e375_r,94.81448,13.095396,325.198578,0.75,0,0.1,72.51887,0,624.9982,76791.8125,0,6297.468017578125,10485.604736328125
81.050000000000011,e375_r,95.46988,13.107995,325.853973,0.75,0,0.1,72.51887,3.75860072E-05,624.9982,76714.203125,0,6301.4031982421875,10512.727111816406
81.100000000000009,e375_r,96.12591,13.1205883,326.51,0.75,0,0.1,72.51887,0,624.9982,76636.6953125,0,6305.3382568359375,10540.238037109375
81.15,e375_r,96.78256,13.13317,327.166656,0.75,0,0.1,72.51887,3.67342436E-05,624.9982,76559.25,0,6309.2728271484375,10520.507568359375
81.2,e375_r,97.43985,13.1457367,327.823944,0.75,0,0.1,72.51887,0,624.9982,76481.859375,0,6313.2071533203125,10495.607055664062
81.25,e375_r,98.09776,13.1582937,328.481873,0.75,0,0.1,72.51887,3.590178E-05,624.9982,76405.0546875,0,6317.139404296875,10456.271362304687
81.300000000000011,e375_r,98.7563,13.17083,329.1404,0.75,0,0.1,72.51887,0,624.9982,76328.171875,0,6321.0703125,10441.182861328125
81.350000000000009,e375_r,99.4154739,13.1833515,329.7996,0.75,0,0.1,72.51887,3.50881819E-05,624.9982,76251.8984375,0,6324.997314453125,10440.719970703125
81.4,e375_r,100.075272,13.1958618,330.459381,0.75,0,0.1,72.51887,0,624.9982,76175.5390625,0,6328.92236328125,10443.350219726562
81.45,e375_r,100.73568,13.20836,331.1198,0.75,0,0.1,72.51887,3.429302E-05,624.9982,76099.1328125,0,6332.8458251953125,10448.791870117187
81.5,e375_r,101.396721,13.2208462,331.780853,0.75,0,0.1,72.51887,0,624.9982,76022.625,0,6336.7680053710937,10454.18310546875
81.550000000000011,e375_r,102.058395,13.23332,332.4425,0.75,0,0.1,72.51887,3.351588E-05,624.9982,75946.2265625,0,6340.6884155273437,10459.765014648437
81.600000000000009,e375_r,102.72068,13.2457819,333.1048,0.75,0,0.1,72.51887,0,624.9982,75869.8203125,0,6344.6079711914062,10465.010986328125
81.65,e375_r,103.3836,13.2582321,333.7677,0.75,0,0.1,72.51887,3.27563539E-05,624.9982,75793.46875,0,6348.5264282226562,10470.602172851562
81.7,e375_r,104.047127,13.2706728,334.431244,0.75,0,0.1,72.51887,0,624.9982,75717.1875,0,6352.4429321289062,10475.064819335937
81.75,e375_r,104.711288,13.2830982,335.0954,0.75,0,0.1,72.51887,3.20140352E-05,624.9982,75641.125,0,6356.3582153320312,10497.308959960937
81.800000000000011,e375_r,105.37606,13.295517,335.760162,0.75,0,0.1,72.51887,0,624.9982,75564.9609375,0,6360.2723388671875,10505.350341796875
81.850000000000009,e375_r,106.041458,13.3079233,336.425568,0.75,0,0.1,72.51887,3.128854E-05,624.9982,75488.7578125,0,6364.1859741210937,10505.046264648437
81.9,e375_r,106.707474,13.3203192,337.091583,0.75,0,0.1,72.51887,0,624.9982,75412.609375,0,6368.0985107421875,10505.265991210937
81.95,e375_r,107.374107,13.3327007,337.7582,0.75,0,0.1,72.51887,3.0579482E-05,624.9982,75336.796875,0,6372.0091552734375,10502.424560546875
82,e375_r,108.041359,13.3450689,338.425476,0.75,0,0.1,72.51887,0,624.9982,75261.0390625,0,6375.918212890625,10502.153076171875
82.050000000000011,e375_r,108.709229,13.3574266,339.093353,0.75,0,0.1,72.51887,2.98864961E-05,624.9982,75185.3828125,0,6379.8256225585937,10502.065795898437
82.100000000000009,e375_r,109.377724,13.369771,339.761841,0.75,0,0.1,72.51887,0,624.9982,75109.7734375,0,6383.7316284179687,10502.248046875
82.15,e375_r,110.046829,13.382102,340.430939,0.75,0,0.1,72.51887,2.92092172E-05,624.9982,75034.2421875,0,6387.635986328125,10502.277221679687
82.2,e375_r,110.716537,13.3944225,341.100647,0.75,0,0.1,72.51887,0,624.9982,74958.78125,0,6391.5386962890625,10502.685546875
82.25,e375_r,111.386879,13.40673,341.771,0.75,0,0.1,72.51887,2.85472834E-05,624.9982,74883.4140625,0,6395.4397583007812,10502.199096679687
82.300000000000011,e375_r,112.057831,13.4190226,342.441956,0.75,0,0.1,72.51887,0,624.9982,74808.1328125,0,6399.3391723632812,10501.462890625
82.350000000000009,e375_r,112.729393,13.4313059,343.113525,0.75,0,0.1,72.51887,2.790035E-05,624.9982,74737.2734375,0,6403.2371215820312,10501.223022460937
82.4,e375_r,113.401573,13.44358,343.7857,0.75,0,0.1,72.51887,0,624.9982,74674.1640625,0,6407.1331787109375,10501.398193359375
82.45,e375_r,114.074364,13.4558411,344.4585,0.75,0,0.1,72.51887,2.726808E-05,624.9982,74615.5859375,0,6411.0288696289062,10501.817749023437
82.5,e375_r,114.747772,13.4680939,345.1319,0.75,0,0.1,72.51887,0,624.9982,74558.3203125,0,6414.92333984375,10494.845581054687
82.550000000000011,e375_r,115.421783,13.4803381,345.8059,0.75,0,0.1,72.51887,2.66501356E-05,624.9982,74501.40625,0,6418.81689453125,10489.598999023437
82.600000000000009,e375_r,116.096413,13.492569,346.48053,0.75,0,0.1,72.51887,0,624.9982,74444.671875,0,6422.7095336914062,10484.088134765625
82.65,e375_r,116.771652,13.5047913,347.155762,0.75,0,0.1,72.51887,2.60461966E-05,624.9982,74387.9765625,0,6426.6016235351562,10478.465087890625
82.7,e375_r,117.4475,13.517005,347.8316,0.75,0,0.1,72.51887,0,624.9982,74331.3828125,0,6430.4924926757812,10473.04248046875
82.75,e375_r,118.123962,13.5292053,348.508057,0.75,0,0.1,72.51887,2.54559436E-05,624.9982,74274.84375,0,6434.3822021484375,10468.226684570312
82.800000000000011,e375_r,118.801033,13.5413971,349.18512,0.75,0,0.1,72.51887,0,624.9982,74218.375,0,6438.2708129882812,10445.995361328125
82.850000000000009,e375_r,119.478714,13.5535793,349.8628,0.75,0,0.1,72.51887,2.48790639E-05,624.9982,74161.796875,0,6442.1591796875,10439.487426757812
82.9,e375_r,120.157,13.5657492,350.541077,0.75,0,0.1,72.51887,0,624.9982,74105.5234375,0,6446.0458984375,10439.838500976562
82.95,e375_r,120.8359,13.5779095,351.219971,0.75,0,0.1,72.51887,2.431526E-05,624.9982,74049.2421875,0,6449.9312133789062,10440.055419921875
83,e375_r,121.515396,13.5900583,351.899475,0.75,0,0.1,72.51887,0,624.9982,73992.8984375,0,6453.8158569335937,10448.896728515625
83.050000000000011,e375_r,122.195511,13.6022024,352.5796,0.75,0,0.1,72.51887,2.37642344E-05,624.9982,73936.5703125,0,6457.6998291015625,10454.692504882812
83.100000000000009,e375_r,122.876236,13.614336,353.2603,0.75,0,0.1,72.51887,0,624.9982,73880.1328125,0,6461.5833740234375,10459.882080078125
83.15,e375_r,123.557556,13.6264639,353.94165,0.75,0,0.1,72.51887,2.32256953E-05,624.9982,73823.7890625,0,6465.4667358398437,10465.573364257812
83.2,e375_r,124.239487,13.63858,354.623566,0.75,0,0.1,72.51887,0,624.9982,73767.453125,0,6469.3496704101562,10470.351684570312
83.25,e375_r,124.922012,13.6506882,355.3061,0.75,0,0.1,72.51887,2.269936E-05,624.9982,73711.1953125,0,6473.2316284179687,10476.40625
83.300000000000011,e375_r,125.605156,13.6627884,355.989227,0.75,0,0.1,72.51887,0,624.9982,73654.9609375,0,6477.113525390625,10488.8173828125
83.350000000000009,e375_r,126.2889,13.674881,356.672974,0.75,0,0.1,72.51887,2.21849532E-05,624.9982,73598.765625,0,6480.9948120117187,10489.838623046875
83.4,e375_r,126.973251,13.686965,357.35733,0.75,0,0.1,72.51887,0,624.9982,73542.546875,0,6484.8759765625,10490.867431640625
83.45,e375_r,127.6582,13.69904,358.0423,0.75,0,0.1,72.51887,2.16822027E-05,624.9982,73486.4921875,0,6488.7559814453125,10488.3564453125
83.5,e375_r,128.34375,13.7111044,358.727844,0.75,0,0.1,72.51887,0,624.9982,73430.421875,0,6492.6355590820312,10488.22705078125
83.550000000000011,e375_r,129.0299,13.7231588,359.414,0.75,0,0.1,72.51887,2.11908446E-05,624.9982,73374.5625,0,6496.5142822265625,10488.665893554687
83.600000000000009,e375_r,129.716675,13.7352057,360.100769,0.75,0,0.1,72.51887,0,624.9982,73318.6171875,0,6500.3922119140625,10489.400024414062
83.65,e375_r,130.404037,13.74724,360.788116,0.75,0,0.1,72.51887,2.07106223E-05,624.9982,73262.7734375,0,6504.2698364257812,10489.370239257812
83.7,e375_r,131.09201,13.7592688,361.476074,0.75,0,0.1,72.51887,0,624.9982,73206.9765625,0,6508.146240234375,10490.301391601562
83.75,e375_r,131.780563,13.771286,362.164642,0.75,0,0.1,72.51887,2.0241283E-05,624.9982,73151.1484375,0,6512.0220947265625,10490.83203125
83.800000000000011,e375_r,132.469727,13.7832947,362.853821,0.75,0,0.1,72.51887,0,624.9982,73095.421875,0,6515.8971557617187,10489.836059570312
83.850000000000009,e375_r,133.159485,13.7952948,363.543579,0.75,0,0.1,72.51887,1.978258E-05,624.9982,73039.75,0,6519.7714233398438,10489.684326171875
83.9,e375_r,133.849854,13.8072834,364.233948,0.75,0,0.1,72.51887,0,624.9982,72984.140625,0,6523.6448974609375,10489.72802734375
83.95,e375_r,134.540817,13.8192663,364.9249,0.75,0,0.1,72.51887,1.93342712E-05,624.9982,72928.4921875,0,6527.5174560546875,10490.563232421875
84,e375_r,135.232376,13.8312368,365.616455,0.75,0,0.1,72.51887,0,624.9982,72872.9375,0,6531.389404296875,10486.576293945312
84.050000000000011,e375_r,135.92453,13.8432,366.308624,0.75,0,0.1,72.51887,1.88961239E-05,624.9982,72817.4453125,0,6535.260498046875,10481.6923828125
84.100000000000009,e375_r,136.6173,13.8551493,367.001373,0.75,0,0.1,72.51887,0,624.9982,72761.9921875,0,6539.1304321289063,10476.118774414062
84.15,e375_r,137.310654,13.8671007,367.694733,0.75,0,0.1,72.51887,1.84679029E-05,624.9982,72706.6796875,0,6542.9993896484375,10471.434814453125
84.2,e375_r,138.004608,13.8790417,368.388672,0.75,0,0.1,72.51887,0,624.9982,72650.7578125,0,6546.8702392578125,10465.747924804687
84.25,e375_r,138.699158,13.8909693,369.083221,0.75,0,0.1,72.51887,1.8049388E-05,624.9982,72595.2734375,0,6550.7399291992187,10461.044555664062
84.300000000000011,e375_r,139.3943,13.9028912,369.778351,0.75,0,0.1,72.51887,0,624.9982,72540.015625,0,6554.6083374023437,10454.10693359375
84.350000000000009,e375_r,140.090042,13.9148,370.4741,0.75,0,0.1,72.51887,1.76403555E-05,624.9982,72484.765625,0,6558.4755859375,10448.34912109375
84.4,e375_r,140.786377,13.9266977,371.170441,0.75,0,0.1,72.51887,0,624.9982,72429.640625,0,6562.3417358398437,10450.931518554687
84.45,e375_r,141.4833,13.9385891,371.867371,0.75,0,0.1,72.51887,1.72405944E-05,624.9982,72374.59375,0,6566.2067260742187,10457.0341796875
84.5,e375_r,142.180817,13.95047,372.56488,0.75,0,0.1,72.51887,0,624.9982,72319.453125,0,6570.0711059570312,10462.827514648437
84.550000000000011,e375_r,142.878937,13.9623432,373.263,0.75,0,0.1,72.51887,1.68498937E-05,624.9982,72264.296875,0,6573.934814453125,10468.4130859375
84.600000000000009,e375_r,143.577652,13.9742107,373.9617,0.75,0,0.1,72.51887,0,624.9982,72209.09375,0,6577.798095703125,10474.493286132812
84.65,e375_r,144.276947,13.9860678,374.661,0.75,0,0.1,72.51887,1.64680459E-05,624.9982,72154.015625,0,6581.660888671875,10479.859252929687
84.7,e375_r,144.976852,13.9979162,375.3609,0.75,0,0.1,72.51887,0,624.9982,72098.9453125,0,6585.5230102539062,10485.622802734375
84.75,e375_r,145.677338,14.009757,376.0614,0.75,0,0.1,72.51887,1.609485E-05,624.9982,72043.8671875,0,6589.385009765625,10491.4150390625
84.800000000000011,e375_r,146.378418,14.02159,376.762482,0.75,0,0.1,72.51887,0,624.9982,71988.8828125,0,6593.246337890625,10497.69775390625
84.850000000000009,e375_r,147.0801,14.0334148,377.464142,0.75,0,0.1,72.51887,1.57301129E-05,624.9982,71933.9453125,0,6597.106689453125,10499.054565429687
84.9,e375_r,147.782349,14.045228,378.1664,0.75,0,0.1,72.51887,0,624.9982,71878.9921875,0,6600.9666137695312,10499.044921875
84.95,e375_r,148.4852,14.0570364,378.869263,0.75,0,0.1,72.51887,1.537364E-05,624.9982,71824.1953125,0,6604.8262329101562,10498.569946289062
85,e375_r,149.188644,14.0688324,379.5727,0.75,0,0.1,72.51887,0,624.9982,71769.40625,0,6608.6842651367187,10498.470458984375
85.050000000000011,e375_r,149.89267,14.08062,380.276733,0.75,0,0.1,72.51887,1.50252472E-05,624.9982,71714.71875,0,6612.5418090820312,10498.56103515625
85.100000000000009,e375_r,150.59729,14.0923986,380.981354,0.75,0,0.1,72.51887,0,624.9982,71660.0859375,0,6616.3986206054687,10498.578735351562
85.15,e375_r,151.3025,14.10417,381.686554,0.75,0,0.1,72.51887,1.46847478E-05,624.9982,71605.4375,0,6620.2543334960937,10498.971435546875
85.2,e375_r,152.0083,14.1159286,382.392365,0.75,0,0.1,72.51887,0,624.9982,71550.8828125,0,6624.109130859375,10498.656982421875
85.25,e375_r,152.714691,14.1276789,383.098755,0.75,0,0.1,72.51887,1.43519655E-05,624.9982,71496.3203125,0,6627.9630126953125,10497.969360351562
85.300000000000011,e375_r,153.421661,14.1394215,383.805725,0.75,0,0.1,72.51887,0,624.9982,71441.8515625,0,6631.8162231445312,10496.982055664062
85.350000000000009,e375_r,154.129211,14.1511545,384.513275,0.75,0,0.1,72.51887,1.40267248E-05,624.9982,71387.375,0,6635.6685791015625,10496.6884765625
85.4,e375_r,154.837357,14.162879,385.2214,0.75,0,0.1,72.51887,0,624.9982,71332.9765625,0,6639.5201416015625,10497.082153320312
85.45,e375_r,155.5461,14.174593,385.930145,0.75,0,0.1,72.51887,1.37088537E-05,624.9982,71278.65625,0,6643.37060546875,10492.733764648437
85.5,e375_r,156.2554,14.1863,386.639465,0.75,0,0.1,72.51887,0,624.9982,71224.3125,0,6647.2201538085937,10487.332885742187
85.550000000000011,e375_r,156.9653,14.1979961,387.349365,0.75,0,0.1,72.51887,1.33981866E-05,624.9982,71170.046875,0,6651.0687866210937,10481.125732421875
85.600000000000009,e375_r,157.675781,14.20968,388.059845,0.75,0,0.1,72.51887,0,624.9982,71115.9296875,0,6654.915771484375,10475.900268554687
85.65,e375_r,158.386871,14.2213545,388.7709,0.75,0,0.1,72.51887,1.30945591E-05,624.9982,71061.8203125,0,6658.7620239257812,10469.604736328125
85.7,e375_r,159.098511,14.2330189,389.482544,0.75,0,0.1,72.51887,0,624.9982,71007.8046875,0,6662.6066284179687,10464.375366210937
85.75,e375_r,159.810745,14.2446756,390.194763,0.75,0,0.1,72.51887,1.27978146E-05,624.9982,70953.7734375,0,6666.4505004882812,10458.172119140625
85.800000000000011,e375_r,160.52356,14.2563219,390.9076,0.75,0,0.1,72.51887,0,624.9982,70899.796875,0,6670.29296875,10454.2041015625
85.850000000000009,e375_r,161.236954,14.2679577,391.621,0.75,0,0.1,72.51887,1.25077922E-05,624.9982,70845.8984375,0,6674.1341552734375,10453.715698242187
85.9,e375_r,161.950928,14.2795849,392.335,0.75,0,0.1,72.51887,0,624.9982,70792.0234375,0,6677.9744262695312,10458.450805664062
85.95,e375_r,162.6655,14.2912006,393.049561,0.75,0,0.1,72.51887,1.22243437E-05,624.9982,70738.171875,0,6681.8135375976562,10464.143310546875
86,e375_r,163.38063,14.3028116,393.7647,0.75,0,0.1,72.51887,0,624.9982,70684.203125,0,6685.65185546875,10469.931030273437
86.050000000000011,e375_r,164.096359,14.314414,394.480438,0.75,0,0.1,72.51887,1.194732E-05,624.9982,70630.3203125,0,6689.4899291992187,10475.530517578125
86.100000000000009,e375_r,164.812653,14.3260088,395.196747,0.75,0,0.1,72.51887,0,624.9982,70576.40625,0,6693.3275756835937,10474.681518554687
86.15,e375_r,165.529541,14.3375931,395.913635,0.75,0,0.1,72.51887,1.16765723E-05,624.9982,70522.578125,0,6697.1639404296875,10480.384155273437
86.2,e375_r,166.247,14.3491688,396.6311,0.75,0,0.1,72.51887,0,624.9982,70468.796875,0,6700.9996337890625,10486.510864257812
86.25,e375_r,166.965027,14.36074,397.349152,0.75,0,0.1,72.51887,1.14119593E-05,624.9982,70415.078125,0,6704.8345947265625,10489.992431640625
86.300000000000011,e375_r,167.68364,14.3722992,398.06778,0.75,0,0.1,72.51887,0,624.9982,70361.3203125,0,6708.6692504882812,10490.622802734375
86.350000000000009,e375_r,168.402832,14.3838511,398.787,0.75,0,0.1,72.51887,1.11533445E-05,624.9982,70307.65625,0,6712.503173828125,10490.424072265625
86.4,e375_r,169.1226,14.3953934,399.506744,0.75,0,0.1,72.51887,0,624.9982,70254.046875,0,6716.3362426757812,10490.349731445312
86.45,e375_r,169.842957,14.4069281,400.227081,0.75,0,0.1,72.51887,1.090059E-05,624.9982,70200.546875,0,6720.1676025390625,10490.2978515625
86.5,e375_r,170.563873,14.41845,400.948,0.75,0,0.1,72.51887,0,624.9982,70147.046875,0,6723.9984741210937,10490.586547851562
86.550000000000011,e375_r,171.28537,14.4299679,401.6695,0.75,0,0.1,72.51887,1.06535626E-05,624.9982,70093.6640625,0,6727.8285522460937,10490.4453125
86.600000000000009,e375_r,172.007446,14.441474,402.391571,0.75,0,0.1,72.51887,0,624.9982,70040.2421875,0,6731.6575927734375,10490.671020507812
86.65,e375_r,172.7301,14.4529715,403.114227,0.75,0,0.1,72.51887,1.04121345E-05,624.9982,69986.8359375,0,6735.4857177734375,10490.623413085937
86.7,e375_r,173.453323,14.4644613,403.837463,0.75,0,0.1,72.51887,0,624.9982,69933.5546875,0,6739.3126831054687,10489.859252929687
86.75,e375_r,174.177124,14.4759417,404.561249,0.75,0,0.1,72.51887,1.01761771E-05,624.9982,69880.2734375,0,6743.1390380859375,10489.582763671875
86.800000000000011,e375_r,174.901489,14.4874115,405.2856,0.75,0,0.1,72.51887,0,624.9982,69827.015625,0,6746.9641723632812,10489.6337890625
86.850000000000009,e375_r,175.626434,14.4988728,406.010559,0.75,0,0.1,72.51887,9.94556649E-06,624.9982,69773.859375,0,6750.7882690429687,10484.119018554687
86.9,e375_r,176.351944,14.5103283,406.736084,0.75,0,0.1,72.51887,0,624.9982,69720.6953125,0,6754.6117553710937,10475.92138671875
86.95,e375_r,177.078033,14.5217676,407.462158,0.75,0,0.1,72.51887,9.720182E-06,624.9982,69667.625,0,6758.4339599609375,10469.396850585937
87,e375_r,177.804688,14.5328436,408.1888,0.75,0,0.1,72.51887,0,624.9982,69614.703125,0,6762.254638671875,10463.822143554687
87.050000000000011,e375_r,178.531876,14.5439148,408.916016,0.75,0,0.1,72.51887,9.499905E-06,624.9982,69589.84375,0,6765.95166015625,10457.573364257812
87.100000000000009,e375_r,179.259628,14.5549793,409.643768,0.75,0,0.1,72.51887,0,624.9982,69545.3125,0,6769.6502075195312,10451.895629882812
87.15,e375_r,179.98793,14.5660391,410.37207,0.75,0,0.1,72.51887,9.284621E-06,624.9982,69495.7421875,0,6773.3485717773437,10446.052001953125
87.2,e375_r,180.716782,14.5770893,411.100922,0.75,0,0.1,72.51887,0,624.9982,69444.828125,0,6777.0463256835937,10440.640380859375
87.25,e375_r,181.4462,14.5881329,411.830322,0.75,0,0.1,72.51887,9.074214E-06,624.9982,69393.625,0,6780.7435302734375,10440.137817382812
87.300000000000011,e375_r,182.176147,14.599165,412.560272,0.75,0,0.1,72.51887,0,624.9982,69342.578125,0,6784.43896484375,10443.7646484375
87.350000000000009,e375_r,182.906662,14.6101885,413.290771,0.75,0,0.1,72.51887,8.86857651E-06,624.9982,69291.4609375,0,6788.1334838867188,10448.304443359375
87.4,e375_r,183.637726,14.6212015,414.02182,0.75,0,0.1,72.51887,0,624.9982,69240.2734375,0,6791.8272705078125,10454.347534179687
87.45,e375_r,184.369324,14.6322088,414.753418,0.75,0,0.1,72.51887,8.667599E-06,624.9982,69189.2578125,0,6795.5197143554687,10460.143432617187
87.5,e375_r,185.101486,14.6432028,415.485565,0.75,0,0.1,72.51887,0,624.9982,69138.3125,0,6799.2107543945312,10465.81884765625
87.550000000000011,e375_r,185.8342,14.6541891,416.218262,0.75,0,0.1,72.51887,8.471176E-06,624.9982,69087.4921875,0,6802.9002075195312,10471.981079101562
87.600000000000009,e375_r,186.567444,14.6651621,416.9515,0.75,0,0.1,72.51887,0,624.9982,69036.6875,0,6806.588134765625,10477.165161132812
87.65,e375_r,187.30127,14.6764908,417.685333,0.75,0,0.1,72.51887,8.279205E-06,624.9982,68985.96875,0,6810.2745361328125,10493.481689453125
87.7,e375_r,188.03566,14.68781,418.419739,0.75,0,0.1,72.51887,0,624.9982,68906.875,0,6814.083740234375,10494.457641601562
87.75,e375_r,188.770615,14.6991177,419.1547,0.75,0,0.1,72.51887,8.09158246E-06,624.9982,68847.1328125,0,6817.8917846679687,10495.37841796875
87.800000000000011,e375_r,189.506119,14.7101278,419.8902,0.75,0,0.1,72.51887,0,624.9982,68792.8046875,0,6821.6986083984375,10495.384643554687
87.850000000000009,e375_r,190.242188,14.7211351,420.626251,0.75,0,0.1,72.51887,7.908214E-06,624.9982,68762.4609375,0,6825.4046020507812,10496.152709960937
87.9,e375_r,190.97879,14.7321367,421.362854,0.75,0,0.1,72.51887,0,624.9982,68716.6953125,0,6829.1119384765625,10496.5625
87.95,e375_r,191.715942,14.7431316,422.1,0.75,0,0.1,72.51887,7.729E-06,624.9982,68666.953125,0,6832.8185424804687,10496.204345703125
88,e375_r,192.453659,14.7541189,422.8377,0.75,0,0.1,72.51887,0,624.9982,68616.1953125,0,6836.525390625,10496.23046875
88.050000000000011,e375_r,193.19191,14.7650957,423.575958,0.75,0,0.1,72.51887,7.55384735E-06,624.9982,68565.234375,0,6840.2313232421875,10496.993896484375
88.100000000000009,e375_r,193.93071,14.7760611,424.314758,0.75,0,0.1,72.51887,0,624.9982,68514.4921875,0,6843.9354248046875,10496.136352539062
88.15,e375_r,194.670059,14.7870169,425.0541,0.75,0,0.1,72.51887,7.38266363E-06,624.9982,68463.828125,0,6847.6380004882812,10490.982666015625
88.2,e375_r,195.409973,14.79825,425.794,0.75,0,0.1,72.51887,0,624.9982,68413.21875,0,6851.3386840820312,10490.510498046875
88.25,e375_r,196.150452,14.809474,426.5345,0.75,0,0.1,72.51887,7.21535935E-06,624.9982,68340.03125,0,6855.1373901367187,10487.217895507812
88.300000000000011,e375_r,196.891479,14.8206863,427.2755,0.75,0,0.1,72.51887,0,624.9982,68282.40625,0,6858.934326171875,10482.353393554687
88.350000000000009,e375_r,197.633072,14.8318024,428.0171,0.75,0,0.1,72.51887,7.05184675E-06,624.9982,68228.9609375,0,6862.7293701171875,10476.420166015625
88.4,e375_r,198.375214,14.8429108,428.759247,0.75,0,0.1,72.51887,0,624.9982,68183.46875,0,6866.4931640625,10470.711181640625
88.45,e375_r,199.11792,14.8540106,429.501953,0.75,0,0.1,72.51887,6.89203944E-06,624.9982,68133.5390625,0,6870.2568359375,10464.392211914062
88.5,e375_r,199.861176,14.8651028,430.2452,0.75,0,0.1,72.51887,0,624.9982,68082.515625,0,6874.0184326171875,10458.67822265625
88.550000000000011,e375_r,200.60498,14.8761835,430.989,0.75,0,0.1,72.51887,6.73585373E-06,624.9982,68031.203125,0,6877.779541015625,10452.459106445312
88.600000000000009,e375_r,201.349335,14.8872538,431.733368,0.75,0,0.1,72.51887,0,624.9982,67979.9140625,0,6881.539306640625,10449.383544921875
88.65,e375_r,202.094254,14.8983164,432.478271,0.75,0,0.1,72.51887,6.583207E-06,624.9982,67928.75,0,6885.2972412109375,10449.06494140625
88.7,e375_r,202.839722,14.9093714,433.223755,0.75,0,0.1,72.51887,0,624.9982,67877.4921875,0,6889.0541381835937,10456.0146484375
88.75,e375_r,203.585739,14.9204178,433.9698,0.75,0,0.1,72.51887,6.43401972E-06,624.9982,67826.25,0,6892.8101806640625,10460.16748046875
88.800000000000011,e375_r,204.332321,14.9314566,434.71637,0.75,0,0.1,72.51887,0,624.9982,67774.953125,0,6896.5654907226562,10466.23388671875
88.850000000000009,e375_r,205.079437,14.9424877,435.4635,0.75,0,0.1,72.51887,6.28821363E-06,624.9982,67723.7734375,0,6900.3195190429687,10472.2890625
88.9,e375_r,205.827118,14.9535074,436.211182,0.75,0,0.1,72.51887,0,624.9982,67672.53125,0,6904.0725708007812,10480.356323242187
88.95,e375_r,206.575348,14.9645224,436.9594,0.75,0,0.1,72.51887,6.145712E-06,624.9982,67621.390625,0,6907.8251953125,10485.932739257812
89,e375_r,207.324127,14.9755259,437.7082,0.75,0,0.1,72.51887,0,624.9982,67570.2578125,0,6911.5765380859375,10491.682373046875
89.050000000000011,e375_r,208.073441,14.9865246,438.45752,0.75,0,0.1,72.51887,6.006438E-06,624.9982,67519.203125,0,6915.3268432617187,10494.8310546875
89.100000000000009,e375_r,208.823334,14.9976025,439.2074,0.75,0,0.1,72.51887,0,624.9982,67468.203125,0,6919.0765991210937,10495.080932617187
89.15,e375_r,209.573761,15.0086679,439.957825,0.75,0,0.1,72.51887,5.87032173E-06,624.9982,67410.3125,0,6922.8556518554687,10495.433227539062
89.2,e375_r,210.324738,15.0196552,440.7088,0.75,0,0.1,72.51887,0,624.9982,67357.265625,0,6926.6334838867187,10495.449951171875
89.25,e375_r,211.076279,15.0306377,441.460327,0.75,0,0.1,72.51887,5.73728948E-06,624.9982,67311.03125,0,6930.3854370117188,10495.4560546875
89.300000000000011,e375_r,211.828354,15.04161,442.2124,0.75,0,0.1,72.51887,0,624.9982,67261.3359375,0,6934.1368408203125,10495.476196289062
89.350000000000009,e375_r,212.580978,15.0525742,442.965027,0.75,0,0.1,72.51887,5.60727267E-06,624.9982,67210.71875,0,6937.887451171875,10495.576416015625
89.4,e375_r,213.334167,15.06353,443.7182,0.75,0,0.1,72.51887,0,624.9982,67159.96875,0,6941.63671875,10495.13525390625
89.45,e375_r,214.087891,15.0745468,444.471924,0.75,0,0.1,72.51887,5.480202E-06,624.9982,67109.1875,0,6945.3855590820312,10494.644897460937
89.5,e375_r,214.842163,15.0855551,445.2262,0.75,0,0.1,72.51887,0,624.9982,67052.9765625,0,6949.15673828125,10491.529296875
89.550000000000011,e359_r,0.459386826,15.0965557,445.981018,0.75,0,0.1,72.51887,5.35601157E-06,624.9982,67000.5390625,0,6952.9271240234375,10491.190185546875
89.600000000000009,e359_r,1.21476555,15.1075439,446.7364,0.75,0,0.1,72.51887,0,624.9982,66949.2109375,0,6956.6963500976562,10488.710571289062
89.65,e359_r,1.97068977,15.1185236,447.4923,0.75,0,0.1,72.51887,5.2346345E-06,624.9982,66898.171875,0,6960.4641723632812,10483.633178710937
89.7,e359_r,2.72716331,15.1294079,448.248779,0.75,0,0.1,72.51887,0,624.9982,66847.3046875,0,6964.2308349609375,10478.014892578125
89.75,e359_r,3.48417664,15.1402817,449.0058,0.75,0,0.1,72.51887,5.116008E-06,624.9982,66803.4609375,0,6967.9652099609375,10472.193115234375
89.800000000000011,e359_r,4.24173355,15.1511488,449.763367,0.75,0,0.1,72.51887,0,624.9982,66754.7734375,0,6971.6981201171875,10460.884155273437
89.850000000000009,e359_r,4.999836,15.1620073,450.521454,0.75,0,0.1,72.51887,5.000071E-06,624.9982,66704.8203125,0,6975.4302368164062,10455.2421875
89.9,e359_r,5.758478,15.1728535,451.2801,0.75,0,0.1,72.51887,0,624.9982,66654.6875,0,6979.1611938476562,10449.149536132812
89.95,e359_r,6.517662,15.1836929,452.039276,0.75,0,0.1,72.51887,4.88676E-06,624.9982,66604.515625,0,6982.890380859375,10446.052124023437
90,e359_r,7.27738762,15.1945238,452.799,0.75,0,0.1,72.51887,0,624.9982,66554.3671875,0,6986.6187744140625,10446.034790039062
90.050000000000011,e359_r,8.037657,15.2053442,453.559265,0.75,0,0.1,72.51887,4.77601725E-06,624.9982,66504.1875,0,6990.3452758789062,10445.549682617187
90.100000000000009,e359_r,8.798464,15.216157,454.320068,0.75,0,0.1,72.51887,0,624.9982,66454.0390625,0,6994.0703125,10444.532836914062
90.15,e359_r,9.559813,15.22696,455.081421,0.75,0,0.1,72.51887,4.66778465E-06,624.9982,66403.90625,0,6997.7948608398437,10444.225952148437
90.2,e359_r,10.3216991,15.2377558,455.843323,0.75,0,0.1,72.51887,0,624.9982,66353.84375,0,7001.5179443359375,10444.231811523437
90.25,e359_r,11.0841274,15.2485428,456.605743,0.75,0,0.1,72.51887,4.56200451E-06,624.9982,66303.78125,0,7005.2401123046875,10444.547729492187
90.300000000000011,e359_r,11.8470936,15.2593212,457.3687,0.75,0,0.1,72.51887,0,624.9982,66253.859375,0,7008.9605102539062,10445.020751953125
90.350000000000009,e359_r,12.6105995,15.2700882,458.132233,0.75,0,0.1,72.51887,4.458621E-06,624.9982,66203.9375,0,7012.6796264648437,10444.631958007812
90.4,e359_r,13.3746376,15.2808466,458.896271,0.75,0,0.1,72.51887,0,624.9982,66154.09375,0,7016.3973999023437,10447.7177734375
90.45,e359_r,14.139225,15.291688,459.660858,0.75,0,0.1,72.51887,4.35758056E-06,624.9982,66104.2421875,0,7020.1141967773437,10439.880615234375
90.5,e359_r,14.9043446,15.30252,460.426,0.75,0,0.1,72.51887,0,624.9982,66047.3203125,0,7023.8617553710937,10438.16845703125
90.550000000000011,e359_r,15.6700077,15.31327,461.19165,0.75,0,0.1,72.51887,4.25883E-06,624.9982,65995.4375,0,7027.6074829101562,10441.6884765625
90.600000000000009,e359_r,16.4362125,15.3240128,461.957855,0.75,0,0.1,72.51887,0,624.9982,65950.4609375,0,7031.325927734375,10439.468505859375
90.65,e359_r,17.2029514,15.3347473,462.724579,0.75,0,0.1,72.51887,4.16231751E-06,624.9982,65901.875,0,7035.0442504882812,10437.875366210937
90.7,e359_r,17.9702244,15.3454733,463.491852,0.75,0,0.1,72.51887,0,624.9982,65852.4375,0,7038.7611694335938,10434.70361328125
90.75,e359_r,18.7380352,15.3562622,464.259674,0.75,0,0.1,72.51887,4.06799154E-06,624.9982,65802.8125,0,7042.4771118164062,10432.940673828125
90.800000000000011,e359_r,19.5063915,15.3670416,465.028,0.75,0,0.1,72.51887,0,624.9982,65747.5703125,0,7046.2171020507812,10427.740600585937
90.850000000000009,e359_r,20.2752819,15.3778124,465.7969,0.75,0,0.1,72.51887,3.97580425E-06,624.9982,65696.234375,0,7049.9554443359375,10425.51220703125
90.9,e359_r,21.04471,15.3885727,466.566345,0.75,0,0.1,72.51887,0,624.9982,65646.015625,0,7053.6923217773437,10422.704711914062
90.95,e359_r,21.8146744,15.3993244,467.3363,0.75,0,0.1,72.51887,3.885705E-06,624.9982,65596.046875,0,7057.4278564453125,10420.644897460937
91,e359_r,22.5851784,15.41007,468.1068,0.75,0,0.1,72.51887,0,624.9982,65546.1796875,0,7061.1621704101562,10419.453002929687
91.050000000000011,e359_r,23.3562126,15.4207144,468.877838,0.75,0,0.1,72.51887,3.79764833E-06,624.9982,65496.37109375,0,7064.895263671875,10417.162841796875
91.100000000000009,e359_r,24.127779,15.4313517,469.6494,0.75,0,0.1,72.51887,0,624.9982,65453.70703125,0,7068.5950927734375,10414.99560546875
91.15,e359_r,24.8998814,15.4419842,470.4215,0.75,0,0.1,72.51887,3.711587E-06,624.9982,65406.10546875,0,7072.2940673828125,10412.612182617187
91.2,e359_r,25.6725082,15.4526052,471.194153,0.75,0,0.1,72.51887,0,624.9982,65357.21875,0,7075.9925537109375,10420.293334960937
91.25,e359_r,26.4456711,15.46322,471.967316,0.75,0,0.1,72.51887,3.62747573E-06,624.9982,65308.109375,0,7079.6893920898437,10419.798217773437
91.300000000000011,e359_r,27.21936,15.4738293,472.741,0.75,0,0.1,72.51887,0,624.9982,65258.82421875,0,7083.3858032226562,10419.508056640625
91.350000000000009,e359_r,27.9935837,15.4844265,473.515228,0.75,0,0.1,72.51887,3.54527083E-06,624.9982,65209.625,0,7087.08056640625,10419.868286132812
91.4,e359_r,28.7683334,15.4950171,474.289978,0.75,0,0.1,72.51887,0,624.9982,65160.53125,0,7090.774658203125,10418.13623046875
91.45,e359_r,29.5436115,15.505599,475.065247,0.75,0,0.1,72.51887,3.4649288E-06,624.9982,65111.36328125,0,7094.46728515625,10418.800415039062
91.5,e361,0.31941843,15.5161724,475.841064,0.75,0,0.1,72.51887,0,624.9982,65062.29296875,0,7098.1590576171875,10418.134033203125
91.550000000000011,e361,1.0957551,15.5267344,476.6174,0.75,0,0.1,72.51887,3.38640734E-06,624.9982,65013.30859375,0,7101.8491821289062,10418.640625
91.600000000000009,e361,1.87262392,15.5372915,477.394257,0.75,0,0.1,72.51887,0,624.9982,64964.43359375,0,7105.5377197265625,10418.729125976562
91.65,e363,0.650015354,15.5478373,478.171661,0.75,0,0.1,72.51887,3.30966532E-06,624.9982,64915.54296875,0,7109.2249755859375,10416.62744140625
91.7,e363,1.42793322,15.5583735,478.9496,0.75,0,0.1,72.51887,0,624.9982,64866.68359375,0,7112.910888671875,10417.36572265625
91.75,e363,2.20638514,15.5689955,479.728027,0.75,0,0.1,72.51887,3.23466247E-06,624.9982,64817.9140625,0,7116.5953979492187,10429.8203125
91.800000000000011,e363,2.9853673,15.57961,480.507019,0.75,0,0.1,72.51887,0,624.9982,64761.91015625,0,7120.3113403320312,10432.083251953125
91.850000000000009,e363,3.76487017,15.59014,481.28653,0.75,0,0.1,72.51887,3.16135879E-06,624.9982,64710.80078125,0,7124.0264892578125,10433.120971679687
91.9,e363,4.544907,15.6006641,482.066559,0.75,0,0.1,72.51887,0,624.9982,64666.859375,0,7127.7139282226562,10439.95166015625
91.95,e363,5.325463,15.6111832,482.8471,0.75,0,0.1,72.51887,3.08971721E-06,624.9982,64619.3046875,0,7131.4005737304687,10442.844360351562
92,e363,6.10654831,15.6216946,483.6282,0.75,0,0.1,72.51887,0,624.9982,64571.09375,0,7135.0869140625,10444.2841796875
92.050000000000011,e363,6.888153,15.6321974,484.409821,0.75,0,0.1,72.51887,3.01969885E-06,624.9982,64528.17578125,0,7138.7721557617187,10445.539184570312
92.100000000000009,e363,7.67029572,15.6427679,485.191956,0.75,0,0.1,72.51887,0,624.9982,64490.08984375,0,7142.4566650390625,10447.249389648437
92.15,e363,8.452961,15.6533337,485.9746,0.75,0,0.1,72.51887,2.951267E-06,624.9982,64447.62109375,0,7146.1668701171875,10446.217651367187
92.2,e363,9.236157,15.663888,486.7578,0.75,0,0.1,72.51887,0,624.9982,64409.515625,0,7149.8763427734375,10447.785400390625
92.25,e363,10.0198784,15.6744394,487.541534,0.75,0,0.1,72.51887,2.88438628E-06,624.9982,64372.6640625,0,7153.5855712890625,10449.200805664062
92.300000000000011,e363,10.8041229,15.6849833,488.325775,0.75,0,0.1,72.51887,0,624.9982,64336.10546875,0,7157.293701171875,10452.255249023437
92.350000000000009,e363,11.5888939,15.6954336,489.110535,0.75,0,0.1,72.51887,2.81902066E-06,624.9982,64299.62890625,0,7161.0018920898437,10452.385986328125
92.4,e363,12.3741913,15.7058783,489.895844,0.75,0,0.1,72.51887,0,624.9982,64270.28125,0,7164.6766357421875,10454.093017578125
92.45,e363,13.1600056,15.7163172,490.681671,0.75,0,0.1,72.51887,2.755137E-06,624.9982,64235.89453125,0,7168.3525390625,10455.77099609375
92.5,e363,13.9463444,15.7267523,491.468018,0.75,0,0.1,72.51887,0,624.9982,64200.24609375,0,7172.0281372070312,10445.697387695312
92.550000000000011,e363,14.7332039,15.7371778,492.254883,0.75,0,0.1,72.51887,2.69270072E-06,624.9982,64164.23828125,0,7175.7029418945312,10446.958129882812
92.600000000000009,e363,15.520586,15.7475977,493.042267,0.75,0,0.1,72.51887,0,624.9982,64128.390625,0,7179.3770141601562,10442.037475585937
92.65,e363,16.3084831,15.7580118,493.83017,0.75,0,0.1,72.51887,2.63167976E-06,624.9982,64092.41796875,0,7183.0508422851562,10441.940185546875
92.7,e363,17.0969067,15.7684183,494.6186,0.75,0,0.1,72.51887,0,624.9982,64056.53515625,0,7186.7236938476562,10440.702758789062
92.75,e363,17.8858471,15.7788219,495.407532,0.75,0,0.1,72.51887,2.572041E-06,624.9982,64020.62890625,0,7190.3958129882812,10440.826538085937
92.800000000000011,e363,18.6753044,15.7892141,496.197,0.75,0,0.1,72.51887,0,624.9982,63984.73046875,0,7194.0673217773437,10440.837646484375
92.850000000000009,e363,19.4652843,15.7996016,496.986969,0.75,0,0.1,72.51887,2.51375423E-06,624.9982,63948.88671875,0,7197.7383422851562,10440.62744140625
92.9,e363,20.2557869,15.8099823,497.777466,0.75,0,0.1,72.51887,0,624.9982,63913.0859375,0,7201.4083251953125,10441.18408203125
92.95,e363,21.0468063,15.8203573,498.568481,0.75,0,0.1,72.51887,2.4567878E-06,624.9982,63877.23828125,0,7205.0780639648437,10441.892822265625
93,e363,21.8383427,15.8307247,499.360016,0.75,0,0.1,72.51887,0,624.9982,63841.51953125,0,7208.7467651367187,10444.1201171875
93.050000000000011,e363,22.6304,15.841177,500.152069,0.75,0,0.1,72.51887,2.4011124E-06,624.9982,63805.75390625,0,7212.4148559570312,10445.2666015625
93.100000000000009,e363,23.4229832,15.8516226,500.944641,0.75,0,0.1,72.51887,0,624.9982,63762.8671875,0,7216.1153564453125,10445.613647460937
93.15,e363,24.2160816,15.8619862,501.737732,0.75,0,0.1,72.51887,2.34669915E-06,624.9982,63724.9453125,0,7219.81494140625,10456.484741210937
93.2,e358,0.009697437,15.8723507,502.531342,0.75,0,0.1,72.51887,0,624.9982,63694.18359375,0,7223.487548828125,10458.074096679687
93.25,e358,0.8038335,15.8827066,503.32547,0.75,0,0.1,72.51887,2.29351872E-06,624.9982,63659.54296875,0,7227.16064453125,10457.609375
93.300000000000011,e358,1.59848464,15.8930578,504.120117,0.75,0,0.1,72.51887,0,624.9982,63624.0625,0,7230.833251953125,10457.834594726562
93.350000000000009,e358,2.39365816,15.9034739,504.915283,0.75,0,0.1,72.51887,2.24154337E-06,624.9982,63588.3515625,0,7234.505615234375,10457.763549804687
93.4,e358,3.18935442,15.9138861,505.710968,0.75,0,0.1,72.51887,0,624.9982,63547.00390625,0,7238.20361328125,10455.1728515625
93.45,e358,3.98556924,15.9242878,506.507172,0.75,0,0.1,72.51887,2.1907465E-06,624.9982,63509.6171875,0,7241.90087890625,10454.541625976562
93.5,e358,4.78230524,15.9346857,507.3039,0.75,0,0.1,72.51887,0,624.9982,63473.3203125,0,7245.59716796875,10451.953369140625
93.550000000000011,e358,5.579558,15.945076,508.101135,0.75,0,0.1,72.51887,2.14110014E-06,624.9982,63437.3359375,0,7249.2931518554687,10451.954223632812
93.600000000000009,e358,6.377333,15.9554605,508.8989,0.75,0,0.1,72.51887,0,624.9982,63401.5,0,7252.9878540039062,10452.12158203125
93.65,e358,7.175616,15.965744,509.697174,0.75,0,0.1,72.51887,2.092579E-06,624.9982,63365.609375,0,7256.682373046875,10452.156616210937
93.7,e358,7.97441864,15.9760237,510.495972,0.75,0,0.1,72.51887,0,624.9982,63337.1953125,0,7260.3422241210937,10451.772094726562
93.75,e358,8.773731,15.9862986,511.2953,0.75,0,0.1,72.51887,2.04515732E-06,624.9982,63303.4921875,0,7264.0020141601562,10451.595581054687
93.800000000000011,e358,9.573558,15.9965677,512.0951,0.75,0,0.1,72.51887,0,624.9982,63268.40625,0,7267.6616821289062,10451.87158203125
93.850000000000009,e358,10.3738976,16.0068321,512.895447,0.75,0,0.1,72.51887,1.9988106E-06,624.9982,63233.0546875,0,7271.3212890625,10439.837280273437
93.9,e358,11.1747522,16.017086,513.6963,0.75,0,0.1,72.51887,0,624.9982,63197.67578125,0,7274.9801635742187,10439.677124023437
93.95,e358,11.9761181,16.0273323,514.4977,0.75,0,0.1,72.51887,1.95351367E-06,624.9982,63162.48828125,0,7278.6375122070312,10437.745971679687
94,e358,12.777998,16.0375748,515.299561,0.75,0,0.1,72.51887,0,624.9982,63127.12109375,0,7282.294189453125,10436.219360351562
94.050000000000011,e358,13.5803852,16.0478115,516.1019,0.75,0,0.1,72.51887,1.90924379E-06,624.9982,63091.73828125,0,7285.9508056640625,10434.580322265625
94.100000000000009,e358,14.38329,16.0580425,516.904846,0.75,0,0.1,72.51887,0,624.9982,63056.32421875,0,7289.6067504882812,10433.742065429687
94.15,e358,15.1867046,16.068264,517.708252,0.75,0,0.1,72.51887,1.865977E-06,624.9982,63021.15234375,0,7293.2615966796875,10431.976928710937
94.2,e358,15.9906273,16.0784779,518.512146,0.75,0,0.1,72.51887,0,624.9982,62986,0,7296.9154052734375,10435.86279296875
94.25,e358,16.7949944,16.0873871,519.3165,0.75,0,0.1,72.51887,1.82369058E-06,624.9982,62950.71484375,0,7300.5684204101562,10431.361206054687
94.300000000000011,e358,17.5998764,16.0976067,520.1214,0.75,0,0.1,72.51887,0,624.9982,63017.24609375,0,7303.7457275390625,10434.489501953125
94.350000000000009,e358,18.4052715,16.1079,520.9268,0.75,0,0.1,72.51887,1.78236246E-06,624.9982,62910.734375,0,7307.40283203125,10433.244995117187
94.4,e358,19.2111816,16.118187,521.7327,0.75,0,0.1,72.51887,0,624.9982,62849.15625,0,7311.0899658203125,10431.424682617187
94.45,e358,20.017601,16.12839,522.5391,0.75,0,0.1,72.51887,1.741971E-06,624.9982,62806.640625,0,7314.7752685546875,10429.629028320312
94.5,e358,20.8245316,16.138586,523.346069,0.75,0,0.1,72.51887,0,624.9982,62775.2109375,0,7318.4319458007812,10428.914428710937
94.550000000000011,e358,21.63197,16.148777,524.1535,0.75,0,0.1,72.51887,1.70249473E-06,624.9982,62741.05859375,0,7322.0877685546875,10426.886352539062
94.600000000000009,e358,22.4399185,16.1589642,524.9614,0.75,0,0.1,72.51887,0,624.9982,62706.1171875,0,7325.7431640625,10424.552734375
94.65,e358,23.2483788,16.1692181,525.7699,0.75,0,0.1,72.51887,1.663913E-06,624.9982,62670.9765625,0,7329.3983154296875,10422.609985351562
94.7,e358,24.05735,16.1794624,526.578857,0.75,0,0.1,72.51887,0,624.9982,62630.01953125,0,7333.0802612304687,10418.727783203125
94.75,e358,24.8668365,16.189703,527.388367,0.75,0,0.1,72.51887,1.626206E-06,624.9982,62593.21484375,0,7336.7606811523437,10180.992065429687
94.800000000000011,e358,25.67683,16.1999016,528.198364,0.75,0,0.1,72.51887,0,624.9982,62557.3984375,0,7340.44091796875,9904.162353515625
94.850000000000009,e358,26.4873352,16.21005,529.00885,0.75,0,0.1,72.51887,1.58935347E-06,624.9982,62524.91015625,0,7344.106689453125,9628.94970703125
94.9,e358,27.298336,16.2200546,529.8198,0.75,0,0.1,72.51887,0,624.9982,62493.71875,0,7347.756591796875,9351.44677734375
94.95,e358,28.1098366,16.2300148,530.631348,0.75,0,0.1,72.51887,1.55333566E-06,624.9982,62470.515625,0,7351.3555297851562,9076.0211181640625
95,e358,28.921833,16.2399273,531.443359,0.75,0,0.1,72.51887,0,624.9982,62442.23828125,0,7354.9390869140625,8799.3450927734375
95.050000000000011,e358,29.7343216,16.2497921,532.255859,0.75,0,0.1,72.51887,1.51813424E-06,624.9982,62412.8359375,0,7358.5066528320312,8522.6402587890625
95.100000000000009,e358,30.5473042,16.2596111,533.068848,0.75,0,0.1,72.51887,0,624.9982,62383.25390625,0,7362.0584716796875,8245.0194091796875
95.15,e358,31.3607712,16.2693768,533.8823,0.75,0,0.1,72.51887,1.48373078E-06,624.9982,62353.75390625,0,7365.5935668945312,7967.859130859375
95.2,e358,32.1747246,16.2790966,534.6963,0.75,0,0.1,72.51887,0,624.9982,62324.49609375,0,7369.1126708984375,7687.4136962890625
95.25,e358,32.9891663,16.2887688,535.510742,0.75,0,0.1,72.51887,1.45010677E-06,624.9982,62295.31640625,0,7372.6155395507812,7409.4073486328125
95.300000000000011,e358,33.8040848,16.29839,536.3257,0.75,0,0.1,72.51887,0,624.9982,62266.4296875,0,7376.1015625,7131.659912109375
95.350000000000009,e358,34.61948,16.3079643,537.141052,0.75,0,0.1,72.51887,1.41724468E-06,624.9982,62237.58984375,0,7379.5714111328125,6853.6435241699219
95.4,e358,35.4353561,16.3174877,537.9569,0.75,0,0.1,72.51887,0,624.9982,62209.0390625,0,7383.024169921875,6575.512255191803
95.45,e358,36.2517,16.3269634,538.773254,0.75,0,0.1,72.51887,1.38512746E-06,624.9982,62180.72265625,0,7386.4603271484375,6572.318359375
95.5,e358,37.0685234,16.33643,539.5901,0.75,0,0.1,72.51887,0,624.9982,62152.37890625,0,7389.8800659179688,6570.718505859375
95.550000000000011,e358,37.88582,16.345892,540.4074,0.75,0,0.1,72.51887,1.353738E-06,624.9982,62121.07421875,0,7393.2987060546875,6572.9691162109375
95.600000000000009,e358,38.70359,16.355444,541.225159,0.75,0,0.1,72.51887,0,624.9982,62088.80078125,0,7396.7167358398437,6576.09033203125
95.65,e358,39.521843,16.36499,542.0434,0.75,0,0.1,72.51887,1.32306E-06,624.9982,62048.77734375,0,7400.1687622070312,6575.798095703125
95.7,e1008,0.160824776,16.3744545,542.8621,0.75,0,0.1,72.51887,0,624.9982,62013.89453125,0,7403.6207275390625,6575.450439453125
95.75,e1008,0.980020046,16.3839149,543.681335,0.75,0,0.1,72.51887,1.29307716E-06,624.9982,61986.37890625,0,7407.04345703125,6576.1585693359375
95.800000000000011,e1008,1.79969072,16.39337,544.501,0.75,0,0.1,72.51887,0,624.9982,61954.984375,0,7410.4664306640625,6575.6304931640625
95.850000000000009,e1008,2.61983156,16.4028187,545.3211,0.75,0,0.1,72.51887,1.2637737E-06,624.9982,61922.7421875,0,7413.8882446289062,6564.1065673828125
95.9,e1008,3.44044948,16.4123363,546.1417,0.75,0,0.1,72.51887,0,624.9982,61890.19140625,0,7417.3096313476562,6498.797607421875
95.95,e1008,4.261475,16.42051,546.962769,0.75,0,0.1,72.51887,1.23513416E-06,624.9982,61851.83203125,0,7420.7578735351563,6433.9794921875
96,e1008,5.082952,16.4295616,547.784241,0.75,0,0.1,72.51887,0,624.9982,61922.1328125,0,7423.7088623046875,6369.099365234375
96.050000000000011,e1008,5.904881,16.438591,548.60614,0.75,0,0.1,72.51887,1.20714378E-06,624.9982,61852.3515625,0,7426.9865112304687,6304.5048217773437
96.100000000000009,e1008,6.727261,16.4476051,549.4285,0.75,0,0.1,72.51887,0,624.9982,61811.59765625,0,7430.2577514648437,6238.572265625
96.15,e1008,7.550092,16.456604,550.251343,0.75,0,0.1,72.51887,1.17978789E-06,624.9982,61778.640625,0,7433.5245971679687,6173.930419921875
96.2,e1008,8.37337,16.46559,551.074646,0.75,0,0.1,72.51887,0,624.9982,61747.76953125,0,7436.786865234375,6109.308349609375
96.25,e1008,9.197097,16.4745617,551.8984,0.75,0,0.1,72.51887,1.15305181E-06,624.9982,61717.390625,0,7440.0451049804687,6044.866455078125
96.300000000000011,e1008,10.0212746,16.4835186,552.722534,0.75,0,0.1,72.51887,0,624.9982,61687.37109375,0,7443.2994995117187,5979.9351501464844
96.350000000000009,e1008,10.8458977,16.49246,553.5472,0.75,0,0.1,72.51887,1.12692146E-06,624.9982,61657.26171875,0,7446.5498657226562,5914.7043151855469
96.4,e1008,11.6709661,16.5013885,554.372253,0.75,0,0.1,72.51887,0,624.9982,61627.2578125,0,7449.7964477539062,5849.8330078125
96.45,e1008,12.4964809,16.5103016,555.197754,0.75,0,0.1,72.51887,1.10138342E-06,624.9982,61597.3671875,0,7453.0388793945312,5781.1448364257812
96.5,e1008,13.3224421,16.5192,556.023743,0.75,0,0.1,72.51887,0,624.9982,61567.59375,0,7456.2769165039062,5716.0062408447266
96.550000000000011,e1008,14.1488476,16.5280819,556.850159,0.75,0,0.1,72.51887,1.07642416E-06,624.9982,61537.94140625,0,7459.5100708007812,5651.1304168701172
96.600000000000009,e1008,14.9756927,16.53695,557.677,0.75,0,0.1,72.51887,0,624.9982,61508.28515625,0,7462.7393798828125,5585.6058883666992
96.65,e1008,15.8029852,16.5458031,558.5043,0.75,0,0.1,72.51887,1.05203037E-06,624.9982,61478.6875,0,7465.9638061523437,5519.982307434082
96.7,e1008,16.630724,16.5548172,559.332031,0.75,0,0.1,72.51887,0,624.9982,61449.16796875,0,7469.1840209960937,5467.28955078125
96.75,e1008,17.4589157,16.56382,560.1602,0.75,0,0.1,72.51887,1.02818944E-06,624.9982,61405.68359375,0,7472.4662475585937,5465.4100341796875
96.800000000000011,e1008,18.2875557,16.5728168,560.988831,0.75,0,0.1,72.51887,0,624.9982,61371.71875,0,7475.7453002929687,5467.423583984375
96.850000000000009,e1008,19.1166477,16.58181,561.817932,0.75,0,0.1,72.51887,1.004889E-06,624.9982,61339.8984375,0,7479.0230102539062,5467.91650390625
96.9,e1008,19.946188,16.5908012,562.647461,0.75,0,0.1,72.51887,0,624.9982,61308.51171875,0,7482.3009033203125,5467.4505615234375
96.95,e1008,20.7761745,16.5997849,563.4775,0.75,0,0.1,72.51887,9.821164E-07,624.9982,61277.25,0,7485.5786743164062,5467.801025390625
97,e1008,21.6066132,16.6087666,564.3079,0.75,0,0.1,72.51887,0,624.9982,61246.05078125,0,7488.856201171875,5467.335693359375
97.050000000000011,e1008,22.4374981,16.6177425,565.1388,0.75,0,0.1,72.51887,9.598599E-07,624.9982,61214.87890625,0,7492.13330078125,5466.7818603515625
97.100000000000009,e1008,23.2688332,16.6267147,565.970154,0.75,0,0.1,72.51887,0,624.9982,61183.86328125,0,7495.4097900390625,5429.8765869140625
97.15,e1008,24.1006165,16.6356773,566.801941,0.75,0,0.1,72.51887,9.38107746E-07,624.9982,61152.75390625,0,7498.6859741210937,5364.2071533203125
97.2,e1008,24.9328442,16.6445141,567.634155,0.75,0,0.1,72.51887,0,624.9982,61122.1015625,0,7501.9600219726562,5298.3768920898437
97.25,e1008,25.76551,16.6533337,568.4668,0.75,0,0.1,72.51887,9.168485E-07,624.9982,61100.80859375,0,7505.1878051757812,5232.7484130859375
97.300000000000011,e1008,26.5986176,16.662138,569.2999,0.75,0,0.1,72.51887,0,624.9982,61073.6953125,0,7508.4107055664062,5167.2342529296875
97.350000000000009,e1008,27.4321613,16.670929,570.1335,0.75,0,0.1,72.51887,8.96071072E-07,624.9982,61044.8046875,0,7511.6300048828125,5100.3335571289062
97.4,e1008,28.2661476,16.6797047,570.967468,0.75,0,0.1,72.51887,0,624.9982,61015.59765625,0,7514.844970703125,5034.7706909179687
97.45,e1008,29.10057,16.6884632,571.8019,0.75,0,0.1,72.51887,8.75764442E-07,624.9982,60986.41015625,0,7518.0555419921875,4969.31494140625
97.5,e1008,29.9354324,16.69721,572.6367,0.75,0,0.1,72.51887,0,624.9982,60957.1953125,0,7521.2613525390625,4903.7713012695312
97.550000000000011,e1008,30.7707272,16.70594,573.472046,0.75,0,0.1,72.51887,8.55918131E-07,624.9982,60928.04296875,0,7524.4625244140625,4837.6781005859375
97.600000000000009,e1008,31.60646,16.7146549,574.3078,0.75,0,0.1,72.51887,0,624.9982,60898.94921875,0,7527.6591796875,4772.0809936523437
97.65,e1008,32.442627,16.7233562,575.144,0.75,0,0.1,72.51887,8.365215E-07,624.9982,60869.91015625,0,7530.8514404296875,4702.5250549316406
97.7,e1008,33.27923,16.7320385,575.9806,0.75,0,0.1,72.51887,0,624.9982,60840.90234375,0,7534.0390625,4636.8396301269531
97.75,e1008,34.11627,16.7407055,576.8176,0.75,0,0.1,72.51887,8.17564455E-07,624.9982,60812.11328125,0,7537.2216186523437,4570.7982482910156
97.800000000000011,e1008,34.95373,16.7493572,577.6551,0.75,0,0.1,72.51887,0,624.9982,60783.2421875,0,7540.3995361328125,4504.7339019775391
97.850000000000009,e1008,35.7916336,16.7579937,578.493,0.75,0,0.1,72.51887,7.99036968E-07,624.9982,60754.44140625,0,7543.572998046875,4438.2171859741211
97.9,e1008,36.6299629,16.7666149,579.3313,0.75,0,0.1,72.51887,0,624.9982,60725.66796875,0,7546.7418823242187,4371.99395942688
97.95,e1008,37.4687271,16.7752628,580.170044,0.75,0,0.1,72.51887,7.809294E-07,624.9982,60696.953125,0,7549.9058227539062,4356.994140625
98,e1008,38.3079224,16.783905,581.0092,0.75,0,0.1,72.51887,0,624.9982,60664.84375,0,7553.0821533203125,4356.4847412109375
98.050000000000011,e1008,39.1475449,16.7925434,581.8488,0.75,0,0.1,72.51887,7.63232038E-07,624.9982,60634.6015625,0,7556.2565307617187,4359.53125
98.100000000000009,e1008,39.9878,16.8011761,582.6889,0.75,0,0.1,72.51887,0,624.9982,60604.53125,0,7559.4307861328125,4358.8226318359375
98.15,e1008,40.8280945,16.8098049,583.5294,0.75,0,0.1,72.51887,7.45935836E-07,624.9982,60574.703125,0,7562.60400390625,4358.2032470703125
98.2,e1008,41.66902,16.818428,584.370361,0.75,0,0.1,72.51887,0,624.9982,60544.84765625,0,7565.77685546875,4358.816650390625
98.25,e1008,42.51037,16.8270435,585.211731,0.75,0,0.1,72.51887,7.290316E-07,624.9982,60514.99609375,0,7568.948974609375,4358.468505859375
98.300000000000011,e1008,43.3521576,16.83566,586.0535,0.75,0,0.1,72.51887,0,624.9982,60485.3125,0,7572.1200561523437,4340.6680908203125
98.350000000000009,e1008,44.19437,16.8442669,586.895752,0.75,0,0.1,72.51887,7.125104E-07,624.9982,60455.51171875,0,7575.2905883789062,4273.4827880859375
98.4,e1008,45.03701,16.8528576,587.7384,0.75,0,0.1,72.51887,0,624.9982,60425.9375,0,7578.45947265625,4207.128173828125
98.45,e1008,45.88008,16.8613148,588.5815,0.75,0,0.1,72.51887,6.9636377E-07,624.9982,60397.08203125,0,7581.6242065429687,4140.5258178710937
98.5,e1008,46.7235641,16.8697643,589.425,0.75,0,0.1,72.51887,0,624.9982,60377.37890625,0,7584.7409057617187,4074.2229614257812
98.550000000000011,e1008,47.5674744,16.8781967,590.2689,0.75,0,0.1,72.51887,6.805829E-07,624.9982,60351.49609375,0,7587.8533325195312,4007.7611694335937
98.600000000000009,e1008,48.4118042,16.8866138,591.1133,0.75,0,0.1,72.51887,0,624.9982,60324.046875,0,7590.9613647460937,3941.3197631835937
98.65,e1008,49.25656,16.8950176,591.958,0.75,0,0.1,72.51887,6.65159746E-07,624.9982,60296.24609375,0,7594.0648803710937,3875.0697631835937
98.7,e1008,50.1017265,16.9034061,592.803162,0.75,0,0.1,72.51887,0,624.9982,60268.15234375,0,7597.1641235351562,3808.8341674804687
98.75,e1008,50.9473152,16.91178,593.648743,0.75,0,0.1,72.51887,6.50085951E-07,624.9982,60240.27734375,0,7600.2587280273437,3740.0592956542969
98.800000000000011,e1008,51.79332,16.9201374,594.494751,0.75,0,0.1,72.51887,0,624.9982,60212.390625,0,7603.3489990234375,3675.2430419921875
98.850000000000009,e1008,52.6397476,16.92848,595.3412,0.75,0,0.1,72.51887,6.35353842E-07,624.9982,60184.59765625,0,7606.4346923828125,3606.2652282714844
98.9,e1008,53.4865875,16.9368057,596.188049,0.75,0,0.1,72.51887,0,624.9982,60156.86328125,0,7609.5151977539062,3538.5993347167969
98.95,e1008,54.333847,16.945116,597.0353,0.75,0,0.1,72.51887,6.209557E-07,624.9982,60129.28125,0,7612.590576171875,3471.8323211669922
99,e1008,55.18152,16.953413,597.882935,0.75,0,0.1,72.51887,0,624.9982,60101.734375,0,7615.6612548828125,3405.0618133544922
99.050000000000011,e1008,56.0296021,16.96169,598.731,0.75,0,0.1,72.51887,6.068837E-07,624.9982,60074.16796875,0,7618.7266845703125,3338.0904998779297
99.100000000000009,e1008,56.8780975,16.9699554,599.5795,0.75,0,0.1,72.51887,0,624.9982,60046.62109375,0,7621.7882080078125,3270.823055267334
99.15,e1008,57.727005,16.9782047,600.428467,0.75,0,0.1,72.51887,5.931306E-07,624.9982,60019.15625,0,7624.8444213867187,3251.9639892578125
99.2,e1008,58.5763321,16.9864941,601.2778,0.75,0,0.1,72.51887,0,624.9982,59991.77734375,0,7627.8966064453125,3251.897705078125
99.25,e1008,59.42607,16.9947739,602.1275,0.75,0,0.1,72.51887,5.79689242E-07,624.9982,59960.234375,0,7630.9636840820312,3255.4249267578125
99.300000000000011,e1008,60.2762222,17.0030518,602.977661,0.75,0,0.1,72.51887,0,624.9982,59930.859375,0,7634.030029296875,3255.4249267578125
99.350000000000009,e1008,61.1267929,17.0113239,603.828247,0.75,0,0.1,72.51887,5.665525E-07,624.9982,59901.98046875,0,7637.095703125,3255.2421875
99.4,e1008,61.9777679,17.0195923,604.6792,0.75,0,0.1,72.51887,0,624.9982,59873.40234375,0,7640.1605834960937,3255.33056640625
99.45,e1008,62.8291626,17.02786,605.5306,0.75,0,0.1,72.51887,5.537134E-07,624.9982,59844.76953125,0,7643.2247314453125,3255.15625
99.5,e1008,63.68097,17.03612,606.3824,0.75,0,0.1,72.51887,0,624.9982,59815.94140625,0,7646.2896728515625,3237.9510498046875
99.550000000000011,e1008,64.53319,17.0443783,607.2346,0.75,0,0.1,72.51887,5.411653E-07,624.9982,59787.28515625,0,7649.35400390625,3172.3333740234375
99.600000000000009,e1008,65.38582,17.05262,608.0873,0.75,0,0.1,72.51887,0,624.9982,59758.79296875,0,7652.4171142578125,3107.56689453125
99.65,e1008,66.23886,17.0607319,608.9403,0.75,0,0.1,72.51887,5.289015E-07,624.9982,59731.08984375,0,7655.475830078125,3042.9109497070312
99.7,e1008,67.0923,17.0688343,609.793762,0.75,0,0.1,72.51887,0,624.9982,59712.45703125,0,7658.4869384765625,2978.1017456054687
99.75,e1008,67.9461441,17.0769253,610.6476,0.75,0,0.1,72.51887,5.169157E-07,624.9982,59687.60546875,0,7661.4942626953125,2913.4903564453125
99.800000000000011,e1008,68.8004,17.085001,611.501831,0.75,0,0.1,72.51887,0,624.9982,59661.17578125,0,7664.4976806640625,2848.7254638671875
99.850000000000009,e1008,69.6550446,17.0930634,612.3565,0.75,0,0.1,72.51887,5.05201456E-07,624.9982,59634.34765625,0,7667.4974365234375,2784.0625610351563
99.9,e1008,70.5101,17.1011677,613.211548,0.75,0,0.1,72.51887,0,624.9982,59607.44921875,0,7670.4927368164062,2719.5779418945312
99.95,e1008,71.36557,17.10926,614.067,0.75,0,0.1,72.51887,4.93752736E-07,624.9982,59576.09765625,0,7673.505859375,2652.3700256347656
100,e1008,72.2214355,17.1173382,614.9229,0.75,0,0.1,72.51887,0,624.9982,59548.00390625,0,7676.5142211914062,2587.1177368164062
100.05000000000001,e1008,73.0777,17.1254025,615.7792,0.75,0,0.1,72.51887,4.82563451E-07,624.9982,59520.67578125,0,7679.5183715820312,2518.174560546875
100.10000000000001,e1008,73.93438,17.1334534,616.635864,0.75,0,0.1,72.51887,0,624.9982,59493.609375,0,7682.5189208984375,2452.5731506347656
100.15,e1008,74.79145,17.1414928,617.4929,0.75,0,0.1,72.51887,4.71627715E-07,624.9982,59466.7265625,0,7685.5150146484375,2387.0507202148437
100.2,e1008,75.64893,17.149519,618.3504,0.75,0,0.1,72.51887,0,624.9982,59439.6796875,0,7688.5076293945312,2321.5160522460937
100.25,e1008,76.5068054,17.1575336,619.208252,0.75,0,0.1,72.51887,4.60939731E-07,624.9982,59412.80078125,0,7691.4962768554687,2255.3497314453125
100.30000000000001,e1008,77.36508,17.165535,620.0665,0.75,0,0.1,72.51887,0,624.9982,59385.8671875,0,7694.4818115234375,2189.5563402175903
100.35000000000001,e1008,78.22376,17.17357,620.925232,0.75,0,0.1,72.51887,4.50494042E-07,624.9982,59359.0625,0,7697.4629516601562,2181.41796875
100.4,e1008,79.08284,17.1816025,621.7843,0.75,0,0.1,72.51887,0,624.9982,59328.66015625,0,7700.45849609375,2183.2813720703125
100.45,e1008,79.94233,17.1896343,622.6438,0.75,0,0.1,72.51887,4.40285021E-07,624.9982,59300.078125,0,7703.4534912109375,2182.742919921875
100.5,e1008,80.80221,17.19766,623.503662,0.75,0,0.1,72.51887,0,624.9982,59271.9296875,0,7706.4486694335937,2181.9271240234375
100.55000000000001,e1008,81.66249,17.2056866,624.363953,0.75,0,0.1,72.51887,4.30307381E-07,624.9982,59243.8671875,0,7709.4439086914062,2181.38037109375
100.60000000000001,e1008,82.52318,17.2137432,625.2246,0.75,0,0.1,72.51887,0,624.9982,59215.9765625,0,7712.439208984375,2180.92529296875
100.65,e1008,83.38427,17.2218,626.0857,0.75,0,0.1,72.51887,4.20555864E-07,624.9982,59185.19140625,0,7715.4486083984375,2180.3818359375
100.7,e1008,84.2457657,17.2298527,626.9472,0.75,0,0.1,72.51887,0,624.9982,59156.33203125,0,7718.4583129882812,2142.6065673828125
100.75,e1008,85.10766,17.2378979,627.8091,0.75,0,0.1,72.51887,4.11025269E-07,624.9982,59128.15234375,0,7721.4677124023437,2074.5004272460938
100.80000000000001,e1008,85.96995,17.2458134,628.6714,0.75,0,0.1,72.51887,0,624.9982,59100.59765625,0,7724.4744262695312,2006.5038452148437
100.85000000000001,e1008,86.832634,17.2537212,629.534058,0.75,0,0.1,72.51887,4.01710764E-07,624.9982,59082.41015625,0,7727.4337768554687,1938.4486083984375
100.9,e1008,87.69572,17.2616119,630.397156,0.75,0,0.1,72.51887,0,624.9982,59058.12109375,0,7730.3892822265625,1870.5040893554687
100.95,e1008,88.55919,17.2694912,631.2606,0.75,0,0.1,72.51887,3.92607234E-07,624.9982,59032.390625,0,7733.3417358398437,1802.4950561523437
101,e1008,89.42306,17.2773724,632.1245,0.75,0,0.1,72.51887,0,624.9982,59006.2421875,0,7736.2889404296875,1734.5955200195312
101.05000000000001,e1008,90.2873154,17.2852345,632.9888,0.75,0,0.1,72.51887,3.83710073E-07,624.9982,58978.97265625,0,7739.2378540039062,1666.7122802734375
101.10000000000001,e1008,91.15197,17.2930889,633.8534,0.75,0,0.1,72.51887,0,624.9982,58952.44140625,0,7742.182373046875,1599.0154418945312
101.15,e1008,92.01702,17.3009262,634.718445,0.75,0,0.1,72.51887,3.75014537E-07,624.9982,58926.14453125,0,7745.122314453125,1530.9934692382812
101.2,e1008,92.88246,17.3087482,635.583862,0.75,0,0.1,72.51887,0,624.9982,58900.1015625,0,7748.0579223632812,1463.0496826171875
101.25,e1008,93.74829,17.3165588,636.4497,0.75,0,0.1,72.51887,3.66516048E-07,624.9982,58874.01953125,0,7750.989013671875,1392.4448547363281
101.30000000000001,e1008,94.6145,17.3243542,637.3159,0.75,0,0.1,72.51887,0,624.9982,58848.11328125,0,7753.9156494140625,1324.2352905273437
101.35000000000001,e1008,95.48111,17.33213,638.1825,0.75,0,0.1,72.51887,3.58210144E-07,624.9982,58822.265625,0,7756.8369750976562,1256.0147705078125
101.4,e1008,96.3481,17.3398952,639.0495,0.75,0,0.1,72.51887,0,624.9982,58796.52734375,0,7759.7535400390625,1187.6012649536133
101.45,e1008,97.2154846,17.3476429,639.9169,0.75,0,0.1,72.51887,3.50092478E-07,624.9982,58770.65234375,0,7762.6654663085937,1118.8133010864258
101.5,e1008,98.08325,17.35538,640.784668,0.75,0,0.1,72.51887,0,624.9982,58744.94921875,0,7765.5731811523437,1073.2469482421875
101.55000000000001,e1008,98.951416,17.3631458,641.652832,0.75,0,0.1,72.51887,3.42158728E-07,624.9982,58719.37109375,0,7768.4754638671875,1072.6549072265625
101.60000000000001,e1008,99.81996,17.3709126,642.521362,0.75,0,0.1,72.51887,0,624.9982,58689.90234375,0,7771.39208984375,1072.0489501953125
101.65,e1008,100.688889,17.3786755,643.3903,0.75,0,0.1,72.51887,3.34404831E-07,624.9982,58662.3046875,0,7774.3082885742187,1071.431396484375
101.7,e1008,101.558212,17.38643,644.259644,0.75,0,0.1,72.51887,0,624.9982,58635.2421875,0,7777.2236328125,1070.897216796875
101.75,e1008,102.427917,17.3941822,645.129333,0.75,0,0.1,72.51887,3.268266E-07,624.9982,58608.30859375,0,7780.1387939453125,1070.280029296875
101.80000000000001,e1008,103.298019,17.4019451,645.999451,0.75,0,0.1,72.51887,0,624.9982,58581.43359375,0,7783.0532836914062,1069.8387451171875
101.85000000000001,e1008,104.1685,17.4096985,646.869934,0.75,0,0.1,72.51887,3.19420138E-07,624.9982,58553.8515625,0,7785.9708251953125,1060.8193359375
101.9,e1008,105.039375,17.417448,647.7408,0.75,0,0.1,72.51887,0,624.9982,58526.7890625,0,7788.8881225585937,994.0865478515625
101.95,e1008,105.910629,17.4251842,648.612061,0.75,0,0.1,72.51887,3.121815E-07,624.9982,58500.015625,0,7791.8037109375,927.37310791015625
102,e1008,106.782272,17.4327869,649.4837,0.75,0,0.1,72.51887,0,624.9982,58473.9765625,0,7794.715576171875,860.59051513671875
102.05000000000001,e1008,107.6543,17.4403782,650.3557,0.75,0,0.1,72.51887,3.05106937E-07,624.9982,58457.48828125,0,7797.5763549804687,793.99871826171875
102.10000000000001,e1008,108.526688,17.4479542,651.2281,0.75,0,0.1,72.51887,0,624.9982,58434.53515625,0,7800.4339599609375,727.32879638671875
102.15,e1008,109.39946,17.455534,652.1009,0.75,0,0.1,72.51887,2.98192674E-07,624.9982,58409.9453125,0,7803.2872314453125,660.7540283203125
102.2,e1008,110.272621,17.4630985,652.97406,0.75,0,0.1,72.51887,0,624.9982,58383.87109375,0,7806.14111328125,594.1842041015625
102.25,e1008,111.146149,17.4706478,653.8476,0.75,0,0.1,72.51887,2.914351E-07,624.9982,58358.453125,0,7808.9910278320312,527.8717041015625
102.30000000000001,e1008,112.020058,17.4781818,654.7215,0.75,0,0.1,72.51887,0,624.9982,58333.34375,0,7811.8358154296875,461.32412719726562
102.35000000000001,e1008,112.894348,17.4857044,655.595764,0.75,0,0.1,72.51887,2.84830662E-07,624.9982,58308.31640625,0,7814.6764526367187,394.75479125976562
102.4,e1008,113.769012,17.4932117,656.4704,0.75,0,0.1,72.51887,0,624.9982,58283.23828125,0,7817.5120849609375,328.099609375
102.45,e1008,114.644043,17.5007038,657.345459,0.75,0,0.1,72.51887,2.78375865E-07,624.9982,58258.37109375,0,7820.34375,261.53372192382812
102.5,e1008,115.519455,17.5081844,658.2209,0.75,0,0.1,72.51887,0,624.9982,58233.62109375,0,7823.1699829101562,194.87887573242187
102.55000000000001,e1008,116.395233,17.51565,659.0967,0.75,0,0.1,72.51887,2.72067382E-07,624.9982,58208.73828125,0,7825.9918212890625,128.13392639160156
102.60000000000001,e1008,117.271393,17.5231,659.972839,0.75,0,0.1,72.51887,0,624.9982,58183.89453125,0,7828.8095703125,61.38427734375
102.65,e1008,118.147919,17.5305347,660.849365,0.75,0,0.1,72.51887,2.659018E-07,624.9982,58159.25390625,0,7831.6219482421875,0
102.7,e1008,119.024818,17.5380077,661.726257,0.75,0,0.1,72.51887,0,624.9982,58134.5234375,0,7834.4302978515625,0
102.75,e1008,119.9021,17.5454731,662.6035,0.75,0,0.1,72.51887,2.59876032E-07,624.9982,58106.13671875,0,7837.2526245117187,0
102.80000000000001,e1008,120.779739,17.5529346,663.48114,0.75,0,0.1,72.51887,0,624.9982,58079.6875,0,7840.0737915039062,0
102.85000000000001,e1008,121.657761,17.5603924,664.359131,0.75,0,0.1,72.51887,2.539868E-07,624.9982,58053.69140625,0,7842.8943481445312,0
102.9,e1008,122.536148,17.5678482,665.237549,0.75,0,0.1,72.51887,0,624.9982,58027.8515625,0,7845.7139892578125,0
102.95,e1008,123.414917,17.57531,666.116333,0.75,0,0.1,72.51887,2.48231032E-07,624.9982,58001.88671875,0,7848.5339965820312,0
103,e1008,124.294052,17.5827656,666.9955,0.75,0,0.1,72.51887,0,624.9982,57975.2578125,0,7851.3569946289062,0
103.05000000000001,e1008,125.173569,17.5902233,667.875,0.75,0,0.1,72.51887,2.426057E-07,624.9982,57949.25,0,7854.1796875,0
103.10000000000001,e1008,126.053452,17.5976715,668.7549,0.75,0,0.1,72.51887,0,624.9982,57923.3828125,0,7857.001708984375,0
103.15,e1008,126.9337,17.6050014,669.635132,0.75,0,0.1,72.51887,2.371078E-07,624.9982,57897.60546875,0,7859.8228759765625,0
103.2,e1008,127.814316,17.61233,670.515747,0.75,0,0.1,72.51887,0,624.9982,57880.85546875,0,7862.5980224609375,0
103.25,e1008,128.6953,17.6196575,671.3967,0.75,0,0.1,72.51887,2.31734518E-07,624.9982,57857.80859375,0,7865.3734130859375,0
103.30000000000001,e1008,129.576645,17.6269913,672.2781,0.75,0,0.1,72.51887,0,624.9982,57832.90234375,0,7868.149169921875,0
103.35000000000001,e1008,130.458374,17.6343231,673.1598,0.75,0,0.1,72.51887,2.2648301E-07,624.9982,57806.6953125,0,7870.9290771484375,0
103.4,e1008,131.340439,17.6416531,674.0419,0.75,0,0.1,72.51887,0,624.9982,57781.06640625,0,7873.708740234375,0
103.45,e1008,132.222885,17.64898,674.9243,0.75,0,0.1,72.51887,2.213505E-07,624.9982,57755.50390625,0,7876.4881591796875,0
103.5,e1008,133.105713,17.6563015,675.8071,0.75,0,0.1,72.51887,0,624.9982,57730.1015625,0,7879.2670288085937,0
103.55000000000001,e1008,133.988892,17.6636181,676.6903,0.75,0,0.1,72.51887,2.163343E-07,624.9982,57704.71484375,0,7882.0455322265625,0
103.60000000000001,e1008,134.872437,17.67093,677.573853,0.75,0,0.1,72.51887,0,624.9982,57679.5390625,0,7884.822265625,0
103.65,e1008,135.756348,17.67824,678.457764,0.75,0,0.1,72.51887,2.11431782E-07,624.9982,57654.2578125,0,7887.5988159179687,0
103.7,e1008,136.640625,17.685545,679.342041,0.75,0,0.1,72.51887,0,624.9982,57629.00390625,0,7890.3743286132812,0
103.75,e1008,137.525269,17.6928463,680.2267,0.75,0,0.1,72.51887,2.06640365E-07,624.9982,57603.69921875,0,7893.1491088867187,0
103.80000000000001,e1008,138.410278,17.7001438,681.1117,0.75,0,0.1,72.51887,0,624.9982,57578.4375,0,7895.9234008789062,0
103.85000000000001,e1008,139.295654,17.7074871,681.9971,0.75,0,0.1,72.51887,2.01957533E-07,624.9982,57553.1640625,0,7898.697021484375,0
103.9,e1008,140.1814,17.71482,682.8828,0.75,0,0.1,72.51887,0,624.9982,57524.2265625,0,7901.4885864257812,0
103.95,e1008,141.0675,17.7221527,683.7689,0.75,0,0.1,72.51887,1.97380814E-07,624.9982,57497.99609375,0,7904.27880859375,0
104,e1008,141.953979,17.7294788,684.6554,0.75,0,0.1,72.51887,0,624.9982,57472.3515625,0,7907.068603515625,0
104.05000000000001,e1008,142.84082,17.7368069,685.542236,0.75,0,0.1,72.51887,1.92907819E-07,624.9982,57446.92578125,0,7909.857421875,0
104.10000000000001,e1008,143.728027,17.7441387,686.429443,0.75,0,0.1,72.51887,0,624.9982,57421.4140625,0,7912.6466674804687,0
104.15,e1008,144.6156,17.7514668,687.317,0.75,0,0.1,72.51887,1.88536177E-07,624.9982,57395.2890625,0,7915.4390258789062,0
104.2,e1008,145.503525,17.758791,688.204956,0.75,0,0.1,72.51887,0,624.9982,57369.71484375,0,7918.23095703125,0
104.25,e1008,146.391846,17.7661114,689.093262,0.75,0,0.1,72.51887,1.842636E-07,624.9982,57344.3046875,0,7921.0220336914062,0
104.30000000000001,e1008,147.280518,17.773428,689.981934,0.75,0,0.1,72.51887,0,624.9982,57318.93359375,0,7923.8120727539062,0
104.35000000000001,e1008,148.16954,17.78074,690.871,0.75,0,0.1,72.51887,1.80087866E-07,624.9982,57293.609375,0,7926.6018676757812,0
104.4,e1008,149.05896,17.78805,691.7604,0.75,0,0.1,72.51887,0,624.9982,57268.3203125,0,7929.3909301757812,0
104.45,e1008,149.94873,17.79537,692.650146,0.75,0,0.1,72.51887,1.76006779E-07,624.9982,57243.01171875,0,7932.1795043945312,0
104.5,e1008,150.838852,17.8026867,693.5403,0.75,0,0.1,72.51887,0,624.9982,57216.52734375,0,7934.9733276367187,0
104.55000000000001,e1008,151.729355,17.81,694.4308,0.75,0,0.1,72.51887,1.72018133E-07,624.9982,57190.88671875,0,7937.766357421875,0
104.60000000000001,e1008,152.620224,17.8173084,695.321655,0.75,0,0.1,72.51887,0,624.9982,57165.5078125,0,7940.5586547851562,0
104.65,e1008,153.511444,17.8246136,696.2129,0.75,0,0.1,72.51887,1.68119882E-07,624.9982,57140.18359375,0,7943.3504028320312,0
104.7,e1008,154.403046,17.8319111,697.1045,0.75,0,0.1,72.51887,0,624.9982,57115.03125,0,7946.1409301757813,0
104.75,e1008,155.295,17.8392048,697.99646,0.75,0,0.1,72.51887,1.64309981E-07,624.9982,57089.81640625,0,7948.9304809570312,0
104.80000000000001,e1008,156.187332,17.8464985,698.8888,0.75,0,0.1,72.51887,0,624.9982,57064.5703125,0,7951.719482421875,0
104.85000000000001,e1008,157.080017,17.8537884,699.7815,0.75,0,0.1,72.51887,1.60586438E-07,624.9982,57039.33203125,0,7954.5079345703125,0
104.9,e1008,157.973083,17.86107,700.674561,0.75,0,0.1,72.51887,0,624.9982,57014.12890625,0,7957.2958374023437,0
104.95,e1008,158.8665,17.86835,701.568,0.75,0,0.1,72.51887,1.56947266E-07,624.9982,56988.9140625,0,7960.0830078125,0
105,e1008,159.760284,17.8756275,702.4618,0.75,0,0.1,72.51887,0,624.9982,56963.69921875,0,7962.8693237304687,0
105.05000000000001,e1008,160.654419,17.8829021,703.355957,0.75,0,0.1,72.51887,1.53390545E-07,624.9982,56938.53125,0,7965.6548461914062,0
105.10000000000001,e1008,161.54892,17.89017,704.2505,0.75,0,0.1,72.51887,0,624.9982,56913.36328125,0,7968.4400634765625,0
105.15,e1008,162.443787,17.8974323,705.1454,0.75,0,0.1,72.51887,1.49914442E-07,624.9982,56888.21484375,0,7971.22412109375,0
105.2,e1008,163.33902,17.9046955,706.040649,0.75,0,0.1,72.51887,0,624.9982,56863.06640625,0,7974.0077514648437,0
105.25,e1008,164.234619,17.9119625,706.9362,0.75,0,0.1,72.51887,1.4651711E-07,624.9982,56837.94921875,0,7976.7909545898437,0
105.30000000000001,e1008,165.130585,17.9192257,707.832153,0.75,0,0.1,72.51887,0,624.9982,56813.9453125,0,7979.5772094726562,0
105.35000000000001,e1008,166.026917,17.9264851,708.728455,0.75,0,0.1,72.51887,1.43196786E-07,624.9982,56793.27734375,0,7982.3626098632812,0
105.4,e1008,166.9236,17.9337444,709.6251,0.75,0,0.1,72.51887,0,624.9982,56774.21875,0,7985.1477661132812,0
105.45,e1008,167.820648,17.9409962,710.522156,0.75,0,0.1,72.51887,1.3995168E-07,624.9982,56755.4765625,0,7987.9322509765625,0
105.5,e1008,168.718063,17.9482479,711.419556,0.75,0,0.1,72.51887,0,624.9982,56736.98828125,0,7990.7164306640625,0
105.55000000000001,e1008,169.615829,17.9554958,712.3173,0.75,0,0.1,72.51887,1.3678013E-07,624.9982,56718.4140625,0,7993.5004272460937,0
105.60000000000001,e1008,170.513962,17.9627552,713.215454,0.75,0,0.1,72.51887,0,624.9982,56699.984375,0,7996.2839965820312,0
105.65,e1008,171.412476,17.9700146,714.113953,0.75,0,0.1,72.51887,1.33680444E-07,624.9982,56680.4296875,0,7999.0730590820312,0
105.7,e1008,172.31134,17.9772663,715.0128,0.75,0,0.1,72.51887,0,624.9982,56661.546875,0,8001.8621215820312,0
105.75,e1008,173.210571,17.9845181,715.912048,0.75,0,0.1,72.51887,1.30651017E-07,624.9982,56643.01171875,0,8004.6502075195312,0
105.80000000000001,e1008,174.110168,17.991766,716.811646,0.75,0,0.1,72.51887,0,624.9982,56624.42578125,0,8007.4388427734375,0
105.85000000000001,e1008,175.0101,17.99901,717.7116,0.75,0,0.1,72.51887,1.27690228E-07,624.9982,56606,0,8010.226318359375,0
105.9,e1008,175.910416,18.0062542,718.611938,0.75,0,0.1,72.51887,0,624.9982,56587.44921875,0,8013.0140380859375,0
105.95,e1008,176.8111,18.0134945,719.512634,0.75,0,0.1,72.51887,1.24796543E-07,624.9982,56569.05078125,0,8015.8009033203125,0
106,e1008,177.712128,18.020731,720.4137,0.75,0,0.1,72.51887,0,624.9982,56550.52734375,0,8018.5885620117187,0
106.05000000000001,e1008,178.613541,18.0279675,721.3151,0.75,0,0.1,72.51887,1.21968412E-07,624.9982,56532.13671875,0,8021.3749389648437,0
106.10000000000001,e1008,179.515289,18.0351963,722.216858,0.75,0,0.1,72.51887,0,624.9982,56513.609375,0,8024.1612548828125,0
106.15,e1008,180.417419,18.0424252,723.118958,0.75,0,0.1,72.51887,1.19204394E-07,624.9982,56495.24609375,0,8026.9474487304687,0
106.2,e1008,181.3199,18.04965,724.0214,0.75,0,0.1,72.51887,0,624.9982,56476.74609375,0,8029.7332763671875,0
106.25,e1008,182.222748,18.0568714,724.924255,0.75,0,0.1,72.51887,1.16503024E-07,624.9982,56458.3828125,0,8032.518310546875,0
106.30000000000001,e1008,183.125946,18.0640926,725.827454,0.75,0,0.1,72.51887,0,624.9982,56439.90234375,0,8035.3035888671875,0
106.35000000000001,e1008,184.02951,18.07131,726.731,0.75,0,0.1,72.51887,1.13862853E-07,624.9982,56421.5546875,0,8038.0881958007812,0
106.4,e1008,184.933441,18.0785351,727.634949,0.75,0,0.1,72.51887,0,624.9982,56403.10546875,0,8040.8729248046875,0
106.45,e1008,185.837723,18.0857563,728.539246,0.75,0,0.1,72.51887,1.1128251E-07,624.9982,56383.8515625,0,8043.661376953125,0
106.5,e1008,186.742371,18.0929737,729.4439,0.75,0,0.1,72.51887,0,624.9982,56365.296875,0,8046.4493408203125,0
106.55000000000001,e1008,187.647385,18.1001911,730.348938,0.75,0,0.1,72.51887,1.08760652E-07,624.9982,56346.7890625,0,8049.2371826171875,0
106.60000000000001,e1008,188.55275,18.1074047,731.254333,0.75,0,0.1,72.51887,0,624.9982,56328.3828125,0,8052.024169921875,0
106.65,e1008,189.458481,18.11461,732.160034,0.75,0,0.1,72.51887,1.06295943E-07,624.9982,56309.9453125,0,8054.8116455078125,0
106.7,e1008,190.364563,18.1218166,733.0661,0.75,0,0.1,72.51887,0,624.9982,56291.78125,0,8057.5972900390625,0
106.75,e1008,191.271027,18.12903,733.972534,0.75,0,0.1,72.51887,1.03887096E-07,624.9982,56273.51953125,0,8060.3822021484375,0
106.80000000000001,e1008,192.177826,18.1362438,734.879333,0.75,0,0.1,72.51887,0,624.9982,56254.09765625,0,8063.1729125976562,0
106.85000000000001,e1008,193.085,18.1434479,735.7865,0.75,0,0.1,72.51887,1.01532827E-07,624.9982,56235.62109375,0,8065.9619750976562,0
106.9,e1008,193.992554,18.15065,736.694031,0.75,0,0.1,72.51887,0,624.9982,56217.3125,0,8068.750244140625,0
106.95,e1008,194.900421,18.1578465,737.6019,0.75,0,0.1,72.51887,9.923191E-08,624.9982,56199.01171875,0,8071.5375366210937,0
107,e1008,195.808685,18.16504,738.5102,0.75,0,0.1,72.51887,0,624.9982,56180.921875,0,8074.323974609375,0
107.05000000000001,e1008,196.7173,18.1722279,739.4188,0.75,0,0.1,72.51887,9.698314E-08,624.9982,56162.69140625,0,8077.109130859375,0
107.10000000000001,e1008,197.626266,18.1794128,740.3278,0.75,0,0.1,72.51887,0,624.9982,56144.49609375,0,8079.8941040039062,0
107.15,e1008,198.5356,18.186594,741.2371,0.75,0,0.1,72.51887,9.478533E-08,624.9982,56126.25390625,0,8082.677734375,0
107.2,e1008,199.445282,18.1937714,742.1468,0.75,0,0.1,72.51887,0,624.9982,56108.05859375,0,8085.4610595703125,0
107.25,e1008,200.355347,18.200943,743.0568,0.75,0,0.1,72.51887,9.263733E-08,624.9982,56089.88671875,0,8088.24365234375,0
107.30000000000001,e1008,201.265732,18.208107,743.9672,0.75,0,0.1,72.51887,0,624.9982,56071.80859375,0,8091.0248413085937,0
107.35000000000001,e1008,202.176514,18.21541,744.878,0.75,0,0.1,72.51887,9.0538E-08,624.9982,56053.984375,0,8093.8035888671875,0
107.4,e1008,203.087646,18.22271,745.7891,0.75,0,0.1,72.51887,0,624.9982,56024.77734375,0,8096.639404296875,0
107.45,e1008,203.999146,18.2300053,746.7006,0.75,0,0.1,72.51887,8.848624E-08,624.9982,56003.265625,0,8099.4732666015625,0
107.5,e1008,204.911011,18.2373066,747.6125,0.75,0,0.1,72.51887,0,624.9982,55983.86328125,0,8102.3074951171875,0
107.55000000000001,e1008,205.823242,18.244606,748.5247,0.75,0,0.1,72.51887,8.648098E-08,624.9982,55964.37890625,0,8105.144775390625,0
107.60000000000001,e1008,206.73584,18.2519016,749.4373,0.75,0,0.1,72.51887,0,624.9982,55945.47265625,0,8107.9822387695312,0
107.65,e1008,207.6488,18.2591934,750.3503,0.75,0,0.1,72.51887,8.45211758E-08,624.9982,55926.81640625,0,8110.818359375,0
107.7,e1008,208.5621,18.2664814,751.2636,0.75,0,0.1,72.51887,0,624.9982,55908.30078125,0,8113.6546020507812,0
107.75,e1008,209.4758,18.2737675,752.1773,0.75,0,0.1,72.51887,8.260577E-08,624.9982,55889.7890625,0,8116.4898071289062,0
107.80000000000001,e1008,210.389862,18.28105,753.0914,0.75,0,0.1,72.51887,0,624.9982,55871.1875,0,8119.3250122070312,0
107.85000000000001,e1008,211.304276,18.2883282,754.0058,0.75,0,0.1,72.51887,8.07337841E-08,624.9982,55852.65625,0,8122.1595458984375,0
107.9,e1008,212.219055,18.2956028,754.9206,0.75,0,0.1,72.51887,0,624.9982,55834.1875,0,8124.9932250976562,0
107.95,e1008,213.1342,18.3028736,755.835754,0.75,0,0.1,72.51887,7.890421E-08,624.9982,55815.71875,0,8127.8267211914062,0
108,e1008,214.049713,18.31014,756.7513,0.75,0,0.1,72.51887,0,624.9982,55797.29296875,0,8130.6593017578125,0
108.05000000000001,e1008,214.965576,18.3174038,757.6672,0.75,0,0.1,72.51887,7.71161055E-08,624.9982,55778.85546875,0,8133.4910278320312,0
108.10000000000001,e1008,215.8818,18.3246632,758.583435,0.75,0,0.1,72.51887,0,624.9982,55760.421875,0,8136.3222045898437,0
108.15,e1008,216.7984,18.3319187,759.500061,0.75,0,0.1,72.51887,7.53685043E-08,624.9982,55742.01953125,0,8139.1525268554687,0
108.2,e1008,217.715363,18.33917,760.417,0.75,0,0.1,72.51887,0,624.9982,55723.62109375,0,8141.9824829101562,0
108.25,e1008,218.632675,18.3464184,761.3343,0.75,0,0.1,72.51887,7.36605159E-08,624.9982,55705.23046875,0,8144.8113403320312,0
108.30000000000001,e1008,219.550369,18.3536625,762.251953,0.75,0,0.1,72.51887,0,624.9982,55686.84765625,0,8147.6397705078125,0
108.35000000000001,e1008,220.4684,18.3609371,763.17,0.75,0,0.1,72.51887,7.1991245E-08,624.9982,55668.45703125,0,8150.4672241210937,0
108.4,e1008,221.38681,18.3682079,764.0884,0.75,0,0.1,72.51887,0,624.9982,55647.40625,0,8153.3079833984375,0
108.45,e1008,222.305588,18.3754749,765.007141,0.75,0,0.1,72.51887,7.03597962E-08,624.9982,55628.2421875,0,8156.147705078125,0
108.5,e1008,223.224731,18.3827381,765.9263,0.75,0,0.1,72.51887,0,624.9982,55609.62109375,0,8158.9873657226562,0
108.55000000000001,e1008,224.144241,18.3899975,766.845764,0.75,0,0.1,72.51887,6.876532E-08,624.9982,55591.125,0,8161.8255615234375,0
108.60000000000001,e1008,225.064087,18.397253,767.7656,0.75,0,0.1,72.51887,0,624.9982,55572.70703125,0,8164.663330078125,0
108.65,e1008,225.984329,18.4045086,768.685852,0.75,0,0.1,72.51887,6.7206976E-08,624.9982,55554.3046875,0,8167.5007934570312,0
108.7,e1008,226.9049,18.4117565,769.606445,0.75,0,0.1,72.51887,0,624.9982,55535.73046875,0,8170.3378295898437,0
108.75,e1008,227.825867,18.4190044,770.5274,0.75,0,0.1,72.51887,6.56839347E-08,624.9982,55517.32421875,0,8173.1744995117187,0
108.80000000000001,e1008,228.747177,18.4262447,771.4487,0.75,0,0.1,72.51887,0,624.9982,55498.93359375,0,8176.01025390625,0
108.85000000000001,e1008,229.668854,18.433485,772.3704,0.75,0,0.1,72.51887,6.41954259E-08,624.9982,55480.5546875,0,8178.8453979492187,0
108.9,e1008,230.590881,18.4407177,773.2925,0.75,0,0.1,72.51887,0,624.9982,55462.171875,0,8181.6796875,0
108.95,e1008,231.51329,18.44795,774.2149,0.75,0,0.1,72.51887,6.274065E-08,624.9982,55443.859375,0,8184.5135498046875,0
109,e1008,232.436035,18.4551754,775.137634,0.75,0,0.1,72.51887,0,624.9982,55425.5234375,0,8187.3466796875,0
109.05000000000001,e1008,233.359146,18.4624,776.0607,0.75,0,0.1,72.51887,6.131883E-08,624.9982,55407.171875,0,8190.178466796875,0
109.10000000000001,e1008,234.282639,18.4696178,776.9842,0.75,0,0.1,72.51887,0,624.9982,55388.828125,0,8193.0103759765625,0
109.15,e1008,235.206467,18.4768353,777.908,0.75,0,0.1,72.51887,5.99292349E-08,624.9982,55370.58984375,0,8195.8411865234375,0
109.2,e1008,236.130676,18.484045,778.8322,0.75,0,0.1,72.51887,0,624.9982,55352.26953125,0,8198.6712646484375,0
109.25,e1008,237.055252,18.4912548,779.7568,0.75,0,0.1,72.51887,5.85711248E-08,624.9982,55333.95703125,0,8201.5005493164062,0
109.30000000000001,e1008,237.980179,18.498457,780.6817,0.75,0,0.1,72.51887,0,624.9982,55315.6640625,0,8204.3292846679687,0
109.35000000000001,e1008,238.905457,18.50566,781.607,0.75,0,0.1,72.51887,5.72438026E-08,624.9982,55297.41796875,0,8207.1573486328125,0
109.4,e1008,239.8311,18.5128536,782.532654,0.75,0,0.1,72.51887,0,624.9982,55279.171875,0,8209.9842529296875,0
109.45,e1008,240.7571,18.5200787,783.4587,0.75,0,0.1,72.51887,5.59465576E-08,624.9982,55260.91796875,0,8212.8110961914062,0
109.5,e1008,241.683456,18.5273,784.3851,0.75,0,0.1,72.51887,0,624.9982,55240.16015625,0,8215.6498413085937,0
109.55000000000001,e1008,242.610184,18.5345173,785.311768,0.75,0,0.1,72.51887,5.467871E-08,624.9982,55221.1015625,0,8218.4879150390625,0
109.60000000000001,e1008,243.537277,18.5417347,786.238831,0.75,0,0.1,72.51887,0,624.9982,55202.49609375,0,8221.3263549804687,0
109.65,e1008,244.464722,18.5489483,787.16626,0.75,0,0.1,72.51887,5.34395923E-08,624.9982,55184.0859375,0,8224.1639404296875,0
109.7,e1008,245.392517,18.5561543,788.094055,0.75,0,0.1,72.51887,0,624.9982,55165.78125,0,8227.0003662109375,0
109.75,e1008,246.3207,18.5633564,789.0222,0.75,0,0.1,72.51887,5.22285539E-08,624.9982,55147.4609375,0,8229.8364868164062,0
109.80000000000001,e1008,247.249222,18.5705585,789.950745,0.75,0,0.1,72.51887,0,624.9982,55129.22265625,0,8232.6719360351562,0
109.85000000000001,e1008,248.1781,18.5777588,790.879639,0.75,0,0.1,72.51887,5.10449638E-08,624.9982,55110.7890625,0,8235.507080078125,0
109.9,e1008,249.107361,18.5849514,791.8089,0.75,0,0.1,72.51887,0,624.9982,55092.53515625,0,8238.341552734375,0
109.95,e1008,250.036972,18.5921459,792.7385,0.75,0,0.1,72.51887,4.98881931E-08,624.9982,55074.25,0,8241.1754760742187,0
110,e1008,250.966934,18.5993328,793.6685,0.75,0,0.1,72.51887,0,624.9982,55056.04296875,0,8244.0089111328125,0
110.05000000000001,e1008,251.897064,18.60261,794.598633,0,0,0.1,72.51887,4.87576379E-08,624.9982,30005.974609375,0,8246.8410034179687,0
110.10000000000001,e1008,252.827179,18.6023121,795.528748,0,0,0.1,72.51887,0,622.0402,7063.60009765625,0,8248.0907592773437,0
110.15,e1008,253.757233,18.60118,796.4588,0,0,0.1,72.51887,4.765271E-08,619.1073,1707.2315673828125,0,8247.891845703125,0
110.2,e1008,254.687241,18.5998554,797.3888,0,0,0.1,72.51887,0,616.199463,500.3878173828125,0,8247.353515625,0
110.25,e1008,255.617157,18.59849,798.3187,0,0,0.1,72.51887,4.657281E-08,613.3168,220.26557922363281,0,8246.7398681640625,0
110.30000000000001,e1008,256.547,18.597105,799.2486,0,0,0.1,72.51887,0,610.459167,98.387321472167969,0,8246.1082763671875,0
110.35000000000001,e1008,257.4768,18.5957127,800.1784,0,0,0.1,72.51887,4.55173925E-08,607.6267,72.891075134277344,0,8245.4681396484375,0
110.4,e1008,258.406525,18.59432,801.1081,0,0,0.1,72.51887,0,604.819336,67.422622680664063,0,8244.8262939453125,0
110.45,e1008,259.336182,18.5929279,802.0377,0,0,0.1,72.51887,4.44858834E-08,602.037048,66.131393432617188,0,8244.1846923828125,0
110.5,e1008,260.265747,18.5915375,802.9673,0,0,0.1,72.51887,0,599.2799,66.15802001953125,0,8243.5426635742187,0
110.55000000000001,e1008,261.195251,18.59018,803.8968,0,0,0.1,72.51887,4.34777547E-08,596.547852,66.134918212890625,0,8242.8998413085937,0
110.60000000000001,e1008,262.1247,18.5888214,804.826233,0,0,0.1,72.51887,0,593.840942,60.429458618164063,0,8242.2716674804687,0
110.65,e1008,263.054077,18.5874634,805.7556,0,0,0.1,72.51887,4.249247E-08,591.1591,59.150295257568359,0,8241.6434326171875,0
110.7,e1008,263.983368,18.5861053,806.684937,0,0,0.1,72.51887,0,588.502441,58.741489410400391,0,8241.0148315429687,0
110.75,e1008,264.912628,18.5847473,807.6142,0,0,0.1,72.51887,4.15295176E-08,585.87085,58.680850982666016,0,8240.3865966796875,0
110.80000000000001,e1008,265.8418,18.58339,808.5434,0,0,0.1,72.51887,0,583.2644,58.682380676269531,0,8239.75830078125,0
110.85000000000001,e1008,266.770874,18.5820313,809.4725,0,0,0.1,72.51887,4.058839E-08,580.6831,58.683910369873047,0,8239.1304321289062,0
110.9,e1008,267.699921,18.5806732,810.4015,0,0,0.1,72.51887,0,578.1269,58.673000335693359,0,8238.5016479492187,0
110.95,e1008,268.628876,18.5793152,811.330444,0,0,0.1,72.51887,3.96685849E-08,575.5958,58.6620979309082,0,8237.8739624023437,0
111,e1008,269.55777,18.5779572,812.259338,0,0,0.1,72.51887,0,573.089844,58.676059722900391,0,8237.2459106445312,-76.7813720703125
111.05000000000001,e1008,270.4866,18.5765858,813.1882,0,0,0.1,72.51887,3.8769624E-08,570.609,58.665157318115234,0,8236.617919921875,-159.86265563964844
111.10000000000001,e1008,271.415375,18.575201,814.116943,0,0,0.1,72.51887,0,568.1533,60.868080139160156,0,8235.9849243164062,-242.55015563964844
111.15,e1008,272.344055,18.5738049,815.045654,0,0,0.1,72.51887,3.789103E-08,565.7228,63.655712127685547,0,8235.3458862304687,-325.23876953125
111.2,e1008,273.272675,18.5723972,815.9743,0,0,0.1,72.51887,0,563.3173,66.157440185546875,0,8234.7030029296875,-408.321533203125
111.25,e1008,274.201233,18.57097,816.902832,0,0,0.1,72.51887,3.70323576E-08,560.937,68.9951400756836,0,8234.05419921875,-491.0096435546875
111.30000000000001,e1008,275.1297,18.5695362,817.8313,0,0,0.1,72.51887,0,558.581848,71.9325180053711,0,8233.4003295898437,-573.700927734375
111.35000000000001,e1008,276.0581,18.56809,818.7597,0,0,0.1,72.51887,3.61931356E-08,556.251831,74.472030639648438,0,8232.7418212890625,-656.392333984375
111.4,e1008,276.98642,18.56663,819.688049,0,0,0.1,72.51887,0,553.9469,77.297813415527344,0,8232.0775146484375,-739.4776611328125
111.45,e1008,277.914673,18.5651646,820.616333,0,0,0.1,72.51887,3.53729419E-08,551.6671,80.198410034179687,0,8231.408447265625,-822.17071533203125
111.5,e1008,278.842865,18.5636921,821.5445,0,0,0.1,72.51887,0,549.4125,86.271354675292969,0,8230.7338256835937,-904.861328125
111.55000000000001,e1008,279.770966,18.5622139,822.4726,0,0,0.1,72.51887,3.45713254E-08,547.183,93.103599548339844,0,8230.0534057617187,-987.55426025390625
111.60000000000001,e1008,280.699,18.5607338,823.400635,0,0,0.1,72.51887,0,544.978638,99.824310302734375,0,8229.3677368164062,-1005.4429931640625
111.65,e1008,281.6269,18.5592,824.3286,0,0,0.1,72.51887,3.37878738E-08,542.799438,106.75698852539062,0,8228.6768798828125,-1005.439208984375
111.7,e1008,282.5547,18.5576687,825.256531,0,0,0.1,72.51887,0,540.6454,223.42384338378906,0,8227.8829956054687,-1005.0488891601562
111.75,e1008,283.4824,18.5561485,826.1844,0,0,0.1,72.51887,3.302218E-08,538.5165,239.4927978515625,0,8227.0989379882812,-1005.0484619140625
111.80000000000001,e1008,284.409943,18.55462,827.1121,0,0,0.1,72.51887,0,536.4127,240.38760375976562,0,8226.3173828125,-1005.0501708984375
111.85000000000001,e1008,285.337433,18.5531,828.0398,0,0,0.1,72.51887,3.227384E-08,534.3341,239.97592163085937,0,8225.5374145507812,-1005.0478515625
111.9,e1008,286.2648,18.5515785,828.9674,0,0,0.1,72.51887,0,532.28064,239.06645202636719,0,8224.7584838867188,-1005.0498657226562
111.95,e1008,287.192047,18.55006,829.894958,0,0,0.1,72.51887,3.154246E-08,530.2523,238.23779296875,0,8223.9815673828125,-934.96689272671938
112,e1008,288.1192,18.5486355,830.822449,0,0,0.1,72.51887,0,528.249146,237.39657592773437,0,8223.206298828125,-870.474100112915
112.05000000000001,e1008,289.046326,18.5472069,831.7499,0,0,0.1,72.51887,3.082765E-08,526.249146,125.84556579589844,0,8222.542236328125,-805.98356246948242
112.10000000000001,e1008,289.973328,18.5457764,832.6772,0,0,0.1,72.51887,0,524.249146,101.5679931640625,0,8221.8740844726562,-741.49508666992187
112.15,e1008,290.9003,18.544342,833.604431,0,0,0.1,72.51887,3.01290441E-08,522.249146,91.340438842773438,0,8221.2093505859375,-677.40361022949219
112.2,e1008,291.827179,18.5429115,834.5316,0,0,0.1,72.51887,0,520.249146,83.837974548339844,0,8220.548583984375,-612.90801239013672
112.25,e1008,292.753967,18.5414467,835.45874,0,0,0.1,72.51887,2.944626E-08,518.249146,76.683547973632812,0,8219.8921508789062,-548.42231750488281
112.30000000000001,e1008,293.6807,18.53999,836.3858,0,0,0.1,72.51887,0,516.249146,107.64119720458984,0,8219.2020263671875,-483.93634033203125
112.35000000000001,e1008,294.60733,18.5385284,837.3128,0,0,0.1,72.51887,2.87789543E-08,514.249146,107.05954742431641,0,8218.5181884765625,-419.45152282714844
112.4,e1008,295.5339,18.5370674,838.2397,0,0,0.1,72.51887,0,512.249146,101.19992828369141,0,8217.8389282226562,-355.36572265625
112.45,e1008,296.4604,18.5356045,839.1665,0,0,0.1,72.51887,2.8126772E-08,510.249146,94.119979858398438,0,8217.1643676757812,-290.88203430175781
112.5,e1008,297.3868,18.5341587,840.093262,0,0,0.1,72.51887,0,508.249146,87.33831787109375,0,8216.4933471679687,-226.39931678771973
112.55000000000001,e1008,298.313141,18.5327148,841.019958,0,0,0.1,72.51887,2.748937E-08,506.249146,85.784713745117188,0,8215.8255004882812,-228.65617370605469
112.60000000000001,e1008,299.2394,18.5313511,841.9466,0,0,0.1,72.51887,0,504.249146,81.878120422363281,0,8215.16259765625,-247.71253967285156
112.65,e1008,300.165619,18.52998,842.873169,0,0,0.1,72.51887,2.686641E-08,502.249146,65.1482925415039,0,8214.533203125,-266.76776123046875
112.7,e1008,301.091766,18.5286064,843.7996,0,0,0.1,72.51887,0,500.249146,62.087333679199219,0,8213.9019165039062,-285.82315063476562
112.75,e1008,302.017853,18.5272636,844.726,0,0,0.1,72.51887,2.625757E-08,498.249146,62.001827239990234,0,8213.2684936523437,-287.94915771484375
112.80000000000001,e1008,302.943848,18.5258675,845.652344,0,0,0.1,72.51887,0,496.249146,56.961006164550781,0,8212.64794921875,-288.03976440429688
112.85000000000001,e1008,303.869751,18.5244465,846.5786,0,0,0.1,72.51887,2.56625281E-08,494.249146,74.094818115234375,0,8211.9987182617187,-287.9495849609375
112.9,e1008,304.795624,18.52303,847.5048,0,0,0.1,72.51887,0,492.249146,92.424995422363281,0,8211.3317260742187,-290.10858154296875
112.95,e1008,305.7214,18.5216484,848.430969,0,0,0.1,72.51887,2.50809684E-08,490.249146,94.556953430175781,0,8210.6673583984375,-270.89593505859375
113,e1008,306.6471,18.52027,849.357056,0,0,0.1,72.51887,0,488.249146,74.175979614257813,0,8210.029052734375,-251.77406311035156
113.05000000000001,e1008,307.572754,18.5188923,850.2831,0,0,0.1,72.51887,2.45125875E-08,486.249146,68.375236511230469,0,8209.3921508789062,-234.01253461837769
113.10000000000001,e1008,308.4983,18.517519,851.209045,0,0,0.1,72.51887,0,484.249146,65.425811767578125,0,8208.7565307617187,-233.76201820373535
113.15,e1008,309.4238,18.5161438,852.1349,0,0,0.1,72.51887,2.39570923E-08,482.249146,63.073959350585938,0,8208.1239013671875,-233.69472122192383
113.2,e1008,310.349243,18.514761,853.060669,0,0,0.1,72.51887,0,480.249146,62.938648223876953,0,8207.489501953125,-233.53403472900391
113.25,e1008,311.2746,18.5133648,853.9864,0,0,0.1,72.51887,2.34141826E-08,478.249146,63.475826263427734,0,8206.8538208007812,-233.28492736816406
113.30000000000001,e1008,312.1999,18.5119648,854.912048,0,0,0.1,72.51887,0,476.249146,68.34698486328125,0,8206.209716796875,-233.21792602539062
113.35000000000001,e1008,313.125122,18.5105629,855.837646,0,0,0.1,72.51887,2.28835741E-08,474.249146,68.5979232788086,0,8205.56591796875,-232.96974182128906
113.4,e1008,314.050262,18.50916,856.7632,0,0,0.1,72.51887,0,472.249146,69.882598876953125,0,8204.9205932617187,-232.90377044677734
113.45,e1008,314.975342,18.5077572,857.68866,0,0,0.1,72.51887,2.23649916E-08,470.249146,70.507255554199219,0,8204.2750854492187,-232.74662017822266
113.5,e1008,315.90036,18.5063515,858.614,0,0,0.1,72.51887,0,468.249146,71.01983642578125,0,8203.6288452148437,-232.59151458740234
113.55000000000001,e1008,316.8253,18.5049458,859.5393,0,0,0.1,72.51887,2.18581562E-08,466.249146,71.395439147949219,0,8202.9819946289062,-232.52641296386719
113.60000000000001,e1008,317.750153,18.50354,860.464539,0,0,0.1,72.51887,0,464.249146,71.820892333984375,0,8202.3347778320312,-232.28029441833496
113.65,e1008,318.674957,18.50213,861.3897,0,0,0.1,72.51887,2.1362812E-08,462.249146,72.570236206054687,0,8201.686279296875,-232.21632242202759
113.7,e1008,319.59967,18.5007172,862.3148,0,0,0.1,72.51887,0,460.249146,73.05804443359375,0,8201.0374145507812,-248.619384765625
113.75,e1008,320.524323,18.4993172,863.239868,0,0,0.1,72.51887,2.08786943E-08,458.249146,73.520957946777344,0,8200.3876953125,-267.58416748046875
113.80000000000001,e1008,321.4489,18.4979572,864.164856,0,0,0.1,72.51887,0,456.249146,69.486824035644531,0,8199.744384765625,-286.6400146484375
113.85000000000001,e1008,322.3734,18.4965954,865.0898,0,0,0.1,72.51887,2.04055439E-08,454.249146,69.787689208984375,0,8199.1110229492187,-288.04019165039062
113.9,e1008,323.297852,18.49513,866.0146,0,0,0.1,72.51887,0,452.249146,70.487220764160156,0,8198.4771118164062,-287.94888305664062
113.95,e1008,324.222229,18.4936657,866.939331,0,0,0.1,72.51887,1.994312E-08,450.249146,60.211040496826172,0,8197.8222045898437,-288.03952026367187
114,e1008,325.146545,18.4921913,867.864,0,0,0.1,72.51887,0,448.249146,58.393646240234375,0,8197.1670532226562,-289.37606811523437
114.05000000000001,e1008,326.07077,18.4907951,868.788635,0,0,0.1,72.51887,1.94911713E-08,448.545,58.258129119873047,0,8196.50830078125,-270.25616455078125
114.10000000000001,e1008,326.994934,18.489397,869.7132,0,0,0.1,72.51887,0,448.814728,58.2596549987793,0,8195.87109375,-251.13372802734375
114.15,e1008,327.919067,18.48801,870.6377,0,0,0.1,72.51887,1.90494678E-08,449.058167,58.261180877685547,0,8195.2352905273437,-234.00751805305481
114.2,e1008,328.843079,18.4866238,871.562134,0,0,0.1,72.51887,0,449.275177,58.250244140625,0,8194.6009521484375,-233.848783493042
114.25,e1008,329.767059,18.485239,872.4865,0,0,0.1,72.51887,1.8617774E-08,449.465546,57.965190887451172,0,8193.9677734375,-233.78059005737305
114.30000000000001,e1008,330.690979,18.48385,873.4108,0,0,0.1,72.51887,0,449.629028,57.867015838623047,0,8193.3347778320312,-233.52930068969727
114.35000000000001,e1008,331.6148,18.482439,874.3351,0,0,0.1,72.51887,1.819586E-08,449.765228,57.831146240234375,0,8192.7013549804687,-233.37149810791016
114.4,e1008,332.538574,18.4810276,875.2593,0,0,0.1,72.51887,0,449.873566,57.857582092285156,0,8192.06103515625,-233.30493927001953
114.45,e1008,333.46228,18.4796143,876.1834,0,0,0.1,72.51887,1.7783508E-08,449.953064,57.821704864501953,0,8191.42041015625,-233.14815521240234
114.5,e1008,334.3859,18.4782,877.1074,0,0,0.1,72.51887,0,449.953064,57.835685729980469,0,8190.7805786132812,-232.99167633056641
114.55000000000001,e1008,335.309448,18.47679,878.0314,0,0,0.1,72.51887,1.73805041E-08,449.953064,57.837192535400391,0,8190.1400756835937,-232.83547973632812
114.60000000000001,e1008,336.232971,18.4753742,878.955261,0,0,0.1,72.51887,0,449.953064,57.851177215576172,0,8189.499755859375,-232.77059555053711
114.65,e1008,337.156372,18.4739628,879.8791,0,0,0.1,72.51887,1.6986629E-08,449.953064,57.8277587890625,0,8188.8595581054687,-232.61517333984375
114.7,e1008,338.079742,18.4725456,880.802856,0,0,0.1,72.51887,0,449.953064,57.829277038574219,0,8188.2188720703125,-232.46041870117187
114.75,e1008,339.003052,18.4711323,881.726563,0,0,0.1,72.51887,1.66016836E-08,449.953064,57.855712890625,0,8187.5780029296875,-232.30538988113403
114.80000000000001,e1008,339.92627,18.4697151,882.6502,0,0,0.1,72.51887,0,449.953064,57.832309722900391,0,8186.9375,-248.89198303222656
114.85000000000001,e1008,340.849426,18.4683228,883.5738,0,0,0.1,72.51887,1.62254619E-08,449.953064,57.833812713623047,0,8186.2965087890625,-267.85614013671875
114.9,e1008,341.7725,18.46692,884.4973,0,0,0.1,72.51887,0,449.953064,57.835334777832031,0,8185.66162109375,-286.82150268554687
114.95,e1008,342.695526,18.465519,885.4208,0,0,0.1,72.51887,1.58577631E-08,449.953064,57.836841583251953,0,8185.0254516601562,-288.03976440429688
115,e1008,343.6185,18.464035,886.3442,0,0,0.1,72.51887,0,449.953064,57.838359832763672,0,8184.3878784179687,-287.948974609375
115.05000000000001,e1008,344.541382,18.462553,887.2675,0,0,0.1,72.51887,1.54983972E-08,449.953064,57.839874267578125,0,8183.7283325195312,-287.948974609375
115.10000000000001,e1008,345.4642,18.4610577,888.190735,0,0,0.1,72.51887,0,449.953064,57.529743194580078,0,8183.0689697265625,-289.28555297851562
115.15,e1008,346.386932,18.45964,889.1139,0,0,0.1,72.51887,1.5147176E-08,449.953064,57.456451416015625,0,8182.4064331054687,-270.1641845703125
115.2,e1008,347.309631,18.4582272,890.037,0,0,0.1,72.51887,0,449.953064,57.431240081787109,0,8181.7657470703125,-251.042236328125
115.25,e1008,348.232239,18.4568214,890.96,0,0,0.1,72.51887,1.48039154E-08,449.953064,57.418491363525391,0,8181.126220703125,-234.03365516662598
115.30000000000001,e1008,349.1548,18.4554157,891.883,0,0,0.1,72.51887,0,449.953064,57.419998168945313,0,8180.4879760742187,-233.31778144836426
115.35000000000001,e1008,350.077271,18.4540119,892.8059,0,0,0.1,72.51887,1.44684327E-08,449.953064,57.421493530273438,0,8179.8507690429687,-232.60126876831055
115.4,e1008,350.9997,18.4526062,893.72876,0,0,0.1,72.51887,0,449.953064,57.422996520996094,0,8179.2137451171875,-231.97529220581055
115.45,e1008,351.922028,18.4511776,894.65155,0,0,0.1,72.51887,1.41405527E-08,449.953064,57.42449951171875,0,8178.5762939453125,-231.25918579101562
115.5,e1008,352.8443,18.4497433,895.5743,0,0,0.1,72.51887,0,449.953064,57.426010131835938,0,8177.9324340820312,-230.54415130615234
115.55000000000001,e1008,353.7665,18.4483166,896.496948,0,0,0.1,72.51887,1.38201015E-08,449.953064,57.413253784179688,0,8177.2876586914062,-229.82942199707031
115.60000000000001,e1008,354.68866,18.4468842,897.419556,0,0,0.1,72.51887,0,449.953064,57.42901611328125,0,8176.6431884765625,-229.02752685546875
115.65,e1008,355.610718,18.4454517,898.3421,0,0,0.1,72.51887,1.35069138E-08,449.953064,57.416259765625,0,8175.9989624023437,-228.40473937988281
115.7,e1008,356.532745,18.44402,899.2645,0,0,0.1,72.51887,0,449.953064,57.460521697998047,0,8175.3546142578125,-227.6916618347168
115.75,e1008,357.454681,18.4425869,900.1869,0,0,0.1,72.51887,1.32008235E-08,449.953064,57.395511627197266,0,8174.709716796875,-226.97860717773437
115.80000000000001,e1008,358.376556,18.4411564,901.1092,0,0,0.1,72.51887,0,449.953064,57.430274963378906,0,8174.0647583007812,-226.35734939575195
115.85000000000001,e1008,359.29837,18.4397221,902.031433,0,0,0.1,72.51887,1.29016682E-08,449.953064,57.431770324707031,0,8173.420166015625,-225.64474105834961
115.9,e1008,360.2201,18.4382877,902.9536,0,0,0.1,72.51887,0,449.953064,57.4000244140625,0,8172.775390625,-241.21908569335937
115.95,e1008,361.141754,18.4368763,903.875732,0,0,0.1,72.51887,1.26092941E-08,449.953064,57.118843078613281,0,8172.1304931640625,-259.62640380859375
116,e1008,362.063354,18.43546,904.7978,0,0,0.1,72.51887,0,449.953064,57.037189483642578,0,8171.491943359375,-278.03280639648437
116.05000000000001,e1008,362.9849,18.4340382,905.7198,0,0,0.1,72.51887,1.23235457E-08,449.953064,57.005416870117187,0,8170.8524169921875,-279.47958374023438
116.10000000000001,e1008,363.906372,18.432539,906.6417,0,0,0.1,72.51887,0,449.953064,57.006916046142578,0,8170.2115478515625,-279.56814575195312
116.15,e1008,364.827759,18.43104,907.5636,0,0,0.1,72.51887,1.20442714E-08,449.953064,57.008403778076172,0,8169.5487060546875,-279.56802368164062
116.2,e1008,365.749084,18.42953,908.4854,0,0,0.1,72.51887,0,449.953064,56.996597290039063,0,8168.8855590820312,-281.31005859375
116.25,e1008,366.670349,18.4280949,909.407166,0,0,0.1,72.51887,1.17713279E-08,449.953064,57.037994384765625,0,8168.2200927734375,-262.75112915039062
116.30000000000001,e1008,367.591553,18.4266624,910.328857,0,0,0.1,72.51887,0,449.953064,56.999576568603516,0,8167.5751342773437,-244.27995300292969
116.35000000000001,e1008,368.5127,18.4252357,911.2504,0,0,0.1,72.51887,1.15045689E-08,449.953064,57.001060485839844,0,8166.9314575195312,-227.17284631729126
116.4,e1008,369.433746,18.4238148,912.171936,0,0,0.1,72.51887,0,449.953064,57.002559661865234,0,8166.28955078125,-227.5759220123291
116.45,e1008,370.354736,18.4223938,913.0934,0,0,0.1,72.51887,1.1243853E-08,449.953064,57.004043579101563,0,8165.6485595703125,-227.97792053222656
116.5,e1008,371.275665,18.4209728,914.0148,0,0,0.1,72.51887,0,449.953064,57.005542755126953,0,8165.0072631835937,-228.38076019287109
116.55000000000001,e1008,372.196533,18.4195251,914.9361,0,0,0.1,72.51887,1.09890479E-08,449.953064,57.007026672363281,0,8164.3662719726562,-228.87413787841797
116.60000000000001,e1008,373.1173,18.4180756,915.857361,0,0,0.1,72.51887,0,449.953064,57.008522033691406,0,8163.718017578125,-229.18824768066406
116.65,e1008,374.038055,18.4166279,916.778564,0,0,0.1,72.51887,1.07400169E-08,449.953064,57.010009765625,0,8163.0697021484375,-229.6822509765625
116.7,e1008,374.958679,18.4151783,917.6997,0,0,0.1,72.51887,0,449.953064,56.941642761230469,0,8162.42138671875,-229.99752807617187
116.75,e1008,375.8793,18.4137268,918.6208,0,0,0.1,72.51887,1.04966285E-08,449.953064,57.017990112304688,0,8161.7728271484375,-230.49282836914062
116.80000000000001,e1008,376.7998,18.41228,919.5418,0,0,0.1,72.51887,0,449.953064,56.6950798034668,0,8161.1246948242187,-230.897705078125
116.85000000000001,e1008,377.720276,18.4108276,920.462769,0,0,0.1,72.51887,1.02587556E-08,449.953064,56.646652221679687,0,8160.4763793945312,-231.30447769165039
116.9,e1008,378.640656,18.4093761,921.383667,0,0,0.1,72.51887,0,449.953064,56.598228454589844,0,8159.827392578125,-231.70975685119629
116.95,e1008,379.560974,18.4079247,922.304443,0,0,0.1,72.51887,1.0026274E-08,449.953064,56.599704742431641,0,8159.1793212890625,-232.20629119873047
117,e1008,380.481232,18.4064732,923.225159,0,0,0.1,72.51887,0,449.953064,56.576229095458984,0,8158.5303955078125,-247.43971252441406
117.05000000000001,e1008,381.401428,18.4050426,924.1458,0,0,0.1,72.51887,9.799059E-09,449.953064,56.6026611328125,0,8157.8811645507812,-266.40481567382812
117.10000000000001,e1008,382.321533,18.4036064,925.0664,0,0,0.1,72.51887,0,449.953064,56.579193115234375,0,8157.238037109375,-285.27880859375
117.15,e1008,383.241577,18.4021645,925.986938,0,0,0.1,72.51887,9.576996E-09,449.953064,56.605621337890625,0,8156.59423828125,-287.94839477539062
117.2,e1008,384.16156,18.4006443,926.9074,0,0,0.1,72.51887,0,449.953064,56.473995208740234,0,8155.9483642578125,-288.03982543945313
117.25,e1008,385.081482,18.3991222,927.8278,0,0,0.1,72.51887,9.359964E-09,449.953064,56.575313568115234,0,8155.2799682617187,-287.94869995117187
117.30000000000001,e1008,386.001343,18.3975887,928.748169,0,0,0.1,72.51887,0,449.953064,56.576789855957031,0,8154.6124877929687,-287.94918823242187
117.35000000000001,e1008,386.9211,18.396059,929.668457,0,0,0.1,72.51887,9.14785048E-09,449.953064,56.578269958496094,0,8153.9415283203125,-272.08578491210937
117.4,e1008,387.84082,18.39461,930.5887,0,0,0.1,72.51887,0,449.953064,56.579753875732422,0,8153.2716674804687,-252.96336364746094
117.45,e1008,388.760468,18.3931675,931.50885,0,0,0.1,72.51887,8.940543E-09,449.953064,56.6145133972168,0,8152.623779296875,-234.90209096670151
117.5,e1008,389.680054,18.3917255,932.4289,0,0,0.1,72.51887,0,449.953064,56.582710266113281,0,8151.9769897460937,-234.18899726867676
117.55000000000001,e1008,390.599548,18.39031,933.3489,0,0,0.1,72.51887,8.737935E-09,449.953064,56.584194183349609,0,8151.3319091796875,-233.47252655029297
117.60000000000001,e1008,391.5189,18.38967,934.2688,0,0,0.1,72.51887,0,449.953064,69.001228332519531,0,8150.6846923828125,-232.75832748413086
117.65,e1008,392.4381,18.3883648,935.18866,0,0,0.1,72.51887,8.539918E-09,449.953064,334.471435546875,0,8149.9797973632812,-232.04611206054687
117.7,e1008,393.3573,18.38695,936.108459,0,0,0.1,72.51887,0,449.953064,192.24349975585937,0,8149.3359985351562,-231.42268371582031
117.75,e1008,394.276428,18.385519,937.0282,0,0,0.1,72.51887,8.346388E-09,449.953064,99.919876098632813,0,8148.689697265625,-230.71103668212891
117.80000000000001,e1008,395.195435,18.3840885,937.9479,0,0,0.1,72.51887,0,449.953064,80.197761535644531,0,8148.0374755859375,-229.908935546875
117.85000000000001,e1008,396.1144,18.3826561,938.867432,0,0,0.1,72.51887,8.157244E-09,449.953064,76.155036926269531,0,8147.3840942382812,-229.19852447509766
117.9,e1008,397.0333,18.3812218,939.7869,0,0,0.1,72.51887,0,449.953064,75.158370971679688,0,8146.7307739257812,-228.57639694213867
117.95,e1008,397.952118,18.3797874,940.70636,0,0,0.1,72.51887,7.972386E-09,449.953064,75.260345458984375,0,8146.0771484375,-227.86627578735352
118,e1008,398.87085,18.3783531,941.625732,0,0,0.1,72.51887,0,449.953064,75.262443542480469,0,8145.4232788085937,-227.15747261047363
118.05000000000001,e1008,399.78952,18.3769188,942.545044,0,0,0.1,72.51887,7.79171749E-09,449.953064,75.264533996582031,0,8144.76953125,-226.4478440284729
118.10000000000001,e1008,400.70813,18.3754845,943.4643,0,0,0.1,72.51887,0,449.953064,75.316581726074219,0,8144.1156005859375,-239.36933898925781
118.15,e1008,401.626648,18.3740673,944.3834,0,0,0.1,72.51887,7.615144E-09,449.953064,75.268722534179688,0,8143.4617309570312,-257.689208984375
118.2,e1008,402.5451,18.37264,945.3025,0,0,0.1,72.51887,0,449.953064,56.140949249267578,0,8142.8150634765625,-276.0072021484375
118.25,e1008,403.4635,18.37122,946.2215,0,0,0.1,72.51887,7.442571E-09,449.953064,85.512405395507813,0,8142.1651611328125,-279.48004150390625
118.30000000000001,e1008,404.381836,18.3697376,947.140442,0,0,0.1,72.51887,0,449.953064,75.774497985839844,0,8141.515869140625,-279.48013305664062
118.35000000000001,e1008,405.300079,18.3682575,948.0593,0,0,0.1,72.51887,7.27390859E-09,449.953064,83.369224548339844,0,8140.8432006835937,-279.48004150390625
118.4,e1008,406.218231,18.36677,948.9781,0,0,0.1,72.51887,0,449.953064,84.820274353027344,0,8140.1714477539062,-279.47994995117187
118.45,e1008,407.136322,18.365284,949.8968,0,0,0.1,72.51887,7.109069E-09,449.953064,86.421249389648438,0,8139.4959106445312,-265.05972290039062
118.5,e1008,408.054352,18.3638515,950.8154,0,0,0.1,72.51887,0,449.953064,86.523666381835938,0,8138.8217163085937,-246.58892822265625
118.55000000000001,e1008,408.9723,18.3624249,951.734,0,0,0.1,72.51887,6.947965E-09,449.953064,77.284049987792969,0,8138.1700439453125,-228.11802673339844
118.60000000000001,e1008,409.890167,18.3609982,952.6525,0,0,0.1,72.51887,0,449.953064,74.788253784179688,0,8137.5186767578125,-209.64768981933594
118.65,e1008,410.807983,18.3595772,953.571,0,0,0.1,72.51887,6.790512E-09,449.953064,73.541328430175781,0,8136.869140625,-191.17713928222656
118.7,e1008,411.7257,18.3581581,954.4893,0,0,0.1,72.51887,0,449.953064,73.0937271118164,0,8136.2201538085937,-172.70489501953125
118.75,e1008,412.643372,18.3567219,955.4076,0,0,0.1,72.51887,6.63662725E-09,449.953064,72.1964111328125,0,8135.572998046875,-154.23539733886719
118.80000000000001,e1008,413.560974,18.35529,956.3258,0,0,0.1,72.51887,0,449.953064,74.796539306640625,0,8134.9191284179687,-135.76528930664062
118.85000000000001,e1008,414.4785,18.353857,957.243958,0,0,0.1,72.51887,6.48622933E-09,449.953064,74.848602294921875,0,8134.2661743164062,-117.29588317871094
118.9,e1008,415.395935,18.35243,958.162048,0,0,0.1,72.51887,0,449.953064,74.600860595703125,0,8133.6146240234375,-98.915206909179687
118.95,e1008,416.3133,18.3510036,959.08,0,0,0.1,72.51887,6.33923936E-09,449.953064,74.153205871582031,0,8132.9635620117187,-80.446113586425781
119,e1008,417.230621,18.3495827,959.9979,0,0,0.1,72.51887,0,449.953064,73.405723571777344,0,8132.3143310546875,-61.977222442626953
119.05000000000001,e1008,418.147858,18.3481617,960.9158,0,0,0.1,72.51887,6.195581E-09,449.953064,72.958015441894531,0,8131.6656494140625,-43.508262634277344
119.10000000000001,e1008,419.065033,18.3467445,961.833557,0,0,0.1,72.51887,0,449.953064,72.510284423828125,0,8131.017822265625,-25.128196716308594
119.15,e1008,419.982117,18.3453274,962.7513,0,0,0.1,72.51887,6.05517769E-09,449.953064,71.762680053710937,0,8130.37158203125,-6.659423828125
119.2,e1008,420.899139,18.3439083,963.668945,0,0,0.1,72.51887,0,449.953064,71.31488037109375,0,8129.7262573242187,0
119.25,e1008,421.8161,18.3425121,964.586548,0,0,0.1,72.51887,5.91795635E-09,449.953064,66.469108581542969,0,8129.0823974609375,0
119.30000000000001,e1008,422.732971,18.3411121,965.504,0,0,0.1,72.51887,0,449.953064,65.521316528320313,0,8128.4457397460937,0
119.35000000000001,e1008,423.6498,18.339716,966.421448,0,0,0.1,72.51887,5.7838454E-09,449.953064,65.423126220703125,0,8127.8080444335937,0
119.4,e1008,424.566528,18.3383141,967.3388,0,0,0.1,72.51887,0,449.953064,65.3249282836914,0,8127.171142578125,0
119.45,e1008,425.483215,18.3369122,968.2561,0,0,0.1,72.51887,5.652773E-09,449.953064,65.326698303222656,0,8126.5327758789062,0
119.5,e1008,426.399841,18.3354969,969.17334,0,0,0.1,72.51887,0,449.953064,65.328460693359375,0,8125.8946533203125,0
119.55000000000001,e1008,427.316376,18.3340855,970.0905,0,0,0.1,72.51887,5.52467139E-09,449.953064,65.330230712890625,0,8125.2532348632813,0
119.60000000000001,e1008,428.232849,18.332674,971.0076,0,0,0.1,72.51887,0,449.953064,64.932098388671875,0,8124.6127319335937,0
119.65,e1008,429.149231,18.3312664,971.9247,0,0,0.1,72.51887,5.39947242E-09,449.953064,64.9338607788086,0,8123.9723510742187,0
119.7,e1008,430.065918,18.329855,972.8416,0,0,0.1,72.51887,0,449.953064,64.935615539550781,0,8123.33203125,0
119.75,e1008,430.981934,18.3284473,973.7585,0,0,0.1,72.51887,5.27711075E-09,449.953064,64.937370300292969,0,8122.693115234375,0
119.80000000000001,e1008,431.898438,18.32704,974.6753,0,0,0.1,72.51887,0,449.953064,64.939125061035156,0,8122.05322265625,0
119.85000000000001,e1008,432.814453,18.3256283,975.592041,0,0,0.1,72.51887,5.157522E-09,449.953064,64.890876770019531,0,8121.4129638671875,0
119.9,e1008,433.730225,18.3242188,976.5087,0,0,0.1,72.51887,0,449.953064,64.892631530761719,0,8120.7733154296875,0
119.95,e1008,434.646484,18.3228054,977.425354,0,0,0.1,72.51887,5.04064346E-09,449.953064,64.844390869140625,0,8120.1333618164062,0
120,e1008,435.562256,18.3213959,978.341858,0,0,0.1,72.51887,0,449.953064,64.946136474609375,0,8119.4930419921875,0
120.05000000000001,e1008,436.478271,18.3199863,979.2583,0,0,0.1,72.51887,4.926414E-09,449.953064,64.847892761230469,0,8118.8529052734375,0
120.10000000000001,e1008,437.394043,18.318573,980.1747,0,0,0.1,72.51887,0,449.953064,64.949653625488281,0,8118.2125854492187,0
120.15,e1008,438.3098,18.3171577,981.091,0,0,0.1,72.51887,4.81477258E-09,449.953064,64.851402282714844,0,8117.5719604492187,0
120.2,e1008,439.225342,18.3157463,982.007263,0,0,0.1,72.51887,0,449.953064,64.953163146972656,0,8116.9315185546875,0
120.25,e1008,440.140869,18.3143311,982.923462,0,0,0.1,72.51887,4.705661E-09,449.953064,64.854904174804688,0,8116.2908935546875,0
120.30000000000001,e1008,441.0564,18.3129158,983.839539,0,0,0.1,72.51887,0,449.953064,64.956680297851562,0,8115.6500244140625,0
120.35000000000001,e1008,441.971924,18.3115044,984.755554,0,0,0.1,72.51887,4.599023E-09,449.953064,64.9084243774414,0,8115.0091552734375,0
120.4,e1008,442.8872,18.31009,985.6715,0,0,0.1,72.51887,0,449.953064,64.560127258300781,0,8114.3687744140625,0
120.45,e1008,443.8025,18.3086739,986.5874,0,0,0.1,72.51887,4.49480053E-09,449.953064,64.5618667602539,0,8113.728271484375,0
120.5,e1008,444.717529,18.30726,987.503235,0,0,0.1,72.51887,0,449.953064,64.41357421875,0,8113.0875244140625,0
120.55000000000001,e1008,445.6328,18.3058453,988.418945,0,0,0.1,72.51887,4.39294068E-09,449.953064,64.565345764160156,0,8112.447021484375,0
120.60000000000001,e1008,446.547852,18.30443,989.3346,0,0,0.1,72.51887,0,449.953064,64.41705322265625,0,8111.8064575195312,0
120.65,e1008,447.463135,18.3030148,990.2502,0,0,0.1,72.51887,4.29338876E-09,449.953064,64.568840026855469,0,8111.16552734375,0
120.7,e1008,448.37793,18.3016014,991.1657,0,0,0.1,72.51887,0,449.953064,64.420539855957031,0,8110.525146484375,0
120.75,e1008,449.292725,18.3001862,992.0812,0,0,0.1,72.51887,4.196093E-09,449.953064,64.472297668457031,0,8109.8846435546875,0
120.80000000000001,e1008,450.20752,18.29877,992.9965,0,0,0.1,72.51887,0,449.953064,64.524055480957031,0,8109.2442626953125,0
120.85000000000001,e1008,451.1223,18.2973576,993.9118,0,0,0.1,72.51887,4.101002E-09,449.953064,64.425765991210937,0,8108.6038818359375,0
120.9,e1008,452.036865,18.2959423,994.827,0,0,0.1,72.51887,0,449.953064,64.577552795410156,0,8107.9634399414062,0
120.95,e1008,452.951416,18.2945271,995.7422,0,0,0.1,72.51887,4.008066E-09,449.953064,64.429237365722656,0,8107.3234252929687,0
121,e1008,453.865967,18.2931118,996.6573,0,0,0.1,72.51887,0,449.953064,64.430984497070313,0,8106.6829223632812,0
121.05000000000001,e1008,454.780518,18.2916985,997.5723,0,0,0.1,72.51887,3.91723542E-09,449.953064,64.582801818847656,0,8106.0426025390625,0
121.10000000000001,e1008,455.695068,18.2902832,998.487244,0,0,0.1,72.51887,0,449.953064,64.434463500976562,0,8105.40234375,0
121.15,e1008,456.609375,18.28887,999.4021,0,0,0.1,72.51887,3.82846466E-09,449.953064,64.436203002929688,0,8104.7621459960937,0
121.2,e1008,457.523438,18.2874565,1000.31689,0,0,0.1,72.51887,0,449.953064,64.588027954101563,0,8104.1220092773437,0
121.25,e1008,458.437744,18.2860432,1001.23163,0,0,0.1,72.51887,3.741705E-09,449.953064,64.139495849609375,0,8103.4826049804687,0
121.30000000000001,e1008,459.352051,18.2846317,1002.1463,0,0,0.1,72.51887,0,449.953064,64.091201782226563,0,8102.8436279296875,0
121.35000000000001,e1008,460.2661,18.2832184,1003.06085,0,0,0.1,72.51887,3.656911E-09,449.953064,64.092933654785156,0,8102.204345703125,0
121.4,e1008,461.1797,18.281805,1003.97534,0,0,0.1,72.51887,0,449.953064,64.09466552734375,0,8101.565185546875,0
121.45,e1008,462.093536,18.2803936,1004.88977,0,0,0.1,72.51887,3.57403929E-09,449.953064,64.096405029296875,0,8100.926025390625,0
121.5,e1008,463.007355,18.27898,1005.80414,0,0,0.1,72.51887,0,449.953064,63.998054504394531,0,8100.2871704101562,0
121.55000000000001,e1008,463.921143,18.2775688,1006.71844,0,0,0.1,72.51887,3.49304519E-09,449.953064,64.099853515625,0,8099.6481323242187,0
121.60000000000001,e1008,464.834839,18.2761536,1007.63263,0,0,0.1,72.51887,0,449.953064,64.1015853881836,0,8099.0090942382812,0
121.65,e1008,465.748474,18.27474,1008.54675,0,0,0.1,72.51887,3.41388628E-09,449.953064,64.003242492675781,0,8098.3701782226562,0
121.7,e1008,466.662018,18.2733288,1009.46082,0,0,0.1,72.51887,0,449.953064,64.105049133300781,0,8097.731201171875,0
121.75,e1008,467.575531,18.2719154,1010.37482,0,0,0.1,72.51887,3.3365215E-09,449.953064,64.106781005859375,0,8097.0924072265625,0
121.80000000000001,e1008,468.488953,18.270504,1011.28876,0,0,0.1,72.51887,0,449.953064,64.0084228515625,0,8096.45361328125,0
121.85000000000001,e1008,469.402283,18.26909,1012.20264,0,0,0.1,72.51887,3.26091E-09,449.953064,64.1102523803711,0,8095.8148193359375,0
121.9,e1008,470.315582,18.26768,1013.11639,0,0,0.1,72.51887,0,449.953064,64.011878967285156,0,8095.1760864257812,0
121.95,e1008,471.2288,18.2662678,1014.03009,0,0,0.1,72.51887,3.187012E-09,449.953064,64.113716125488281,0,8094.5372314453125,0
122,e1008,472.141937,18.2648563,1014.94373,0,0,0.1,72.51887,0,449.953064,64.115440368652344,0,8093.8985595703125,0
122.05000000000001,e1008,473.055,18.2634449,1015.8573,0,0,0.1,72.51887,3.11478865E-09,449.953064,63.666709899902344,0,8093.2606201171875,0
122.10000000000001,e1008,473.968018,18.2620335,1016.77081,0,0,0.1,72.51887,0,449.953064,63.668426513671875,0,8092.6228637695312,0
122.15,e1008,474.880981,18.260622,1017.6842,0,0,0.1,72.51887,3.044202E-09,449.953064,63.670146942138672,0,8091.9852294921875,0
122.2,e1008,475.793823,18.2592125,1018.59753,0,0,0.1,72.51887,0,449.953064,63.6718635559082,0,8091.3474731445312,0
122.25,e1008,476.706635,18.2578011,1019.5108,0,0,0.1,72.51887,2.97521519E-09,449.953064,63.673587799072266,0,8090.7094116210937,0
122.30000000000001,e1008,477.619354,18.25639,1020.424,0,0,0.1,72.51887,0,449.953064,63.625247955322266,0,8090.0715942382812,0
122.35000000000001,e1008,478.532043,18.2549782,1021.33716,0,0,0.1,72.51887,2.90779134E-09,449.953064,63.677024841308594,0,8089.4337768554687,0
122.4,e1008,479.4446,18.2535686,1022.25018,0,0,0.1,72.51887,0,449.953064,63.628681182861328,0,8088.7962646484375,0
122.45,e1008,480.357147,18.2521572,1023.16315,0,0,0.1,72.51887,2.84189561E-09,449.953064,63.680465698242187,0,8088.1583862304687,0
122.5,e1008,481.2696,18.2507458,1024.076,0,0,0.1,72.51887,0,449.953064,63.632118225097656,0,8087.5208740234375,0
122.55000000000001,e1008,482.182,18.2493343,1024.98889,0,0,0.1,72.51887,2.77749357E-09,449.953064,63.683895111083984,0,8086.8829956054687,0
122.60000000000001,e1008,483.0943,18.2479267,1025.90161,0,0,0.1,72.51887,0,449.953064,63.635555267333984,0,8086.2454833984375,0
122.65,e1008,484.006561,18.2465153,1026.81433,0,0,0.1,72.51887,2.71455058E-09,449.953064,63.637271881103516,0,8085.6083374023437,0
122.7,e1008,484.918732,18.2451038,1027.72693,0,0,0.1,72.51887,0,449.953064,63.689064025878906,0,8084.9708251953125,0
122.75,e1008,485.830841,18.2436943,1028.63953,0,0,0.1,72.51887,2.65303379E-09,449.953064,63.640708923339844,0,8084.3334350585937,0
122.80000000000001,e1008,486.7429,18.2422829,1029.552,0,0,0.1,72.51887,0,449.953064,63.642433166503906,0,8083.696044921875,0
122.85000000000001,e1008,487.654846,18.2408752,1030.46436,0,0,0.1,72.51887,2.59291144E-09,449.953064,63.644149780273437,0,8083.0588989257812,0
122.9,e1008,488.566742,18.2394657,1031.37671,0,0,0.1,72.51887,0,449.953064,63.3954963684082,0,8082.4220581054687,0
122.95,e1008,489.478577,18.2380562,1032.289,0,0,0.1,72.51887,2.53415156E-09,449.953064,63.246978759765625,0,8081.7854614257812,0
123,e1008,490.39035,18.2366486,1033.20117,0,0,0.1,72.51887,0,449.953064,63.248683929443359,0,8081.1489868164062,0
123.05000000000001,e1008,491.302063,18.235239,1034.11328,0,0,0.1,72.51887,2.47672283E-09,449.953064,63.250392913818359,0,8080.51220703125,0
123.10000000000001,e1008,492.213684,18.23383,1035.02527,0,0,0.1,72.51887,0,449.953064,63.252101898193359,0,8079.8759155273437,0
123.15,e1008,493.125244,18.23242,1035.93726,0,0,0.1,72.51887,2.42059617E-09,449.953064,63.253814697265625,0,8079.239501953125,0
123.2,e1008,494.0367,18.2310123,1036.84912,0,0,0.1,72.51887,0,449.953064,63.255527496337891,0,8078.6025390625,0
123.25,e1008,494.948151,18.2296,1037.761,0,0,0.1,72.51887,2.365741E-09,449.953064,47.079788208007813,0,8077.9661865234375,0
123.30000000000001,e1008,495.8595,18.2281933,1038.67273,0,0,0.1,72.51887,0,449.953064,76.131103515625,0,8077.3290405273437,0
123.35000000000001,e1008,496.7708,18.22679,1039.58435,0,0,0.1,72.51887,2.312129E-09,449.953064,65.66485595703125,0,8076.6934814453125,0
123.4,e1008,497.682,18.2255421,1040.496,0,0,0.1,72.51887,0,449.953064,65.466262817382813,0,8076.05712890625,0
123.45,e1008,498.59314,18.2241459,1041.40747,0,0,0.1,72.51887,2.25973218E-09,449.953064,133.54075622558594,0,8075.4116821289062,0
123.5,e1008,499.50415,18.222744,1042.319,0,0,0.1,72.51887,0,449.953064,79.1955795288086,0,8074.7798461914062,0
123.55000000000001,e1008,500.415161,18.2213421,1043.23035,0,0,0.1,72.51887,2.2085227E-09,449.953064,68.0268783569336,0,8074.1448364257812,0
123.60000000000001,e1008,501.32605,18.2199383,1044.1416,0,0,0.1,72.51887,0,449.953064,65.624183654785156,0,8073.50927734375,0
123.65,e1008,502.2369,18.2185345,1045.05286,0,0,0.1,72.51887,2.15847362E-09,449.953064,64.9747085571289,0,8072.8736572265625,0
123.7,e1008,503.1477,18.21713,1045.964,0,0,0.1,72.51887,0,449.953064,64.926376342773438,0,8072.238037109375,0
123.75,e1008,504.0584,18.2157288,1046.87512,0,0,0.1,72.51887,2.10955875E-09,449.953064,64.928146362304688,0,8071.602783203125,0
123.80000000000001,e1008,504.969055,18.214325,1047.78613,0,0,0.1,72.51887,0,449.953064,64.9299087524414,0,8070.9672241210937,0
123.85000000000001,e1008,505.8796,18.2129211,1048.697,0,0,0.1,72.51887,2.06175232E-09,449.953064,64.931671142578125,0,8070.3319702148437,0
123.9,e1008,506.790131,18.21152,1049.60791,0,0,0.1,72.51887,0,449.953064,64.833236694335938,0,8069.6964111328125,0
123.95,e1008,507.700562,18.2101154,1050.51868,0,0,0.1,72.51887,2.01502948E-09,449.953064,64.9352035522461,0,8069.0610961914062,0
124,e1008,508.6109,18.2087135,1051.42944,0,0,0.1,72.51887,0,449.953064,64.936965942382812,0,8068.4257202148437,0
124.05000000000001,e1008,509.5212,18.20731,1052.34009,0,0,0.1,72.51887,1.96936534E-09,449.953064,64.8385238647461,0,8067.7904663085937,0
124.10000000000001,e1008,510.431427,18.2059059,1053.25061,0,0,0.1,72.51887,0,449.953064,64.940498352050781,0,8067.1552734375,0
124.15,e1008,511.341583,18.2045059,1054.16113,0,0,0.1,72.51887,1.924736E-09,449.953064,64.842048645019531,0,8066.5200805664062,0
124.2,e1008,512.251648,18.2031,1055.07153,0,0,0.1,72.51887,0,449.953064,64.944038391113281,0,8065.8851318359375,0
124.25,e1008,513.1617,18.2016983,1055.98193,0,0,0.1,72.51887,1.88111815E-09,449.953064,64.845573425292969,0,8065.2499389648437,0
124.30000000000001,e1008,514.071655,18.2002964,1056.89221,0,0,0.1,72.51887,0,449.953064,64.947563171386719,0,8064.6149291992187,0
124.35000000000001,e1008,514.9815,18.1988945,1057.80237,0,0,0.1,72.51887,1.83848847E-09,449.953064,64.949325561523437,0,8063.9799194335937,0
124.4,e1008,515.8913,18.19749,1058.71252,0,0,0.1,72.51887,0,449.953064,64.850860595703125,0,8063.3448486328125,0
124.45,e1008,516.801,18.1960888,1059.62256,0,0,0.1,72.51887,1.79682491E-09,449.953064,64.952865600585937,0,8062.7098999023437,0
124.5,e1008,517.7107,18.1946888,1060.53259,0,0,0.1,72.51887,0,449.953064,64.553680419921875,0,8062.0757446289062,0
124.55000000000001,e1008,518.6203,18.1932869,1061.4425,0,0,0.1,72.51887,1.75610582E-09,449.953064,64.555435180664063,0,8061.4413452148437,0
124.60000000000001,e1008,519.529846,18.191885,1062.35242,0,0,0.1,72.51887,0,449.953064,64.406822204589844,0,8060.807373046875,0
124.65,e1008,520.4393,18.190485,1063.26221,0,0,0.1,72.51887,1.71630943E-09,449.953064,64.558944702148438,0,8060.1729736328125,0
124.7,e1008,521.3487,18.1890831,1064.17188,0,0,0.1,72.51887,0,449.953064,64.46044921875,0,8059.5391845703125,0
124.75,e1008,522.258,18.1876812,1065.08154,0,0,0.1,72.51887,1.67741465E-09,449.953064,64.5123291015625,0,8058.9047241210937,0
124.80000000000001,e1008,523.167236,18.1862812,1065.99109,0,0,0.1,72.51887,0,449.953064,64.413818359375,0,8058.2709350585937,0
124.85000000000001,e1008,524.0765,18.18488,1066.90063,0,0,0.1,72.51887,1.6394015E-09,449.953064,64.565963745117187,0,8057.6372680664062,0
124.9,e1008,524.985535,18.18348,1067.81,0,0,0.1,72.51887,0,449.953064,64.417327880859375,0,8057.0032958984375,0
124.95,e1008,525.8946,18.18208,1068.71936,0,0,0.1,72.51887,1.60224978E-09,449.953064,64.519340515136719,0,8056.369384765625,0
125,e1008,526.8036,18.1806774,1069.62866,0,0,0.1,72.51887,0,449.953064,64.5210952758789,0,8055.7356567382812,0
125.05000000000001,e1008,527.7125,18.1792774,1070.53784,0,0,0.1,72.51887,1.56593971E-09,449.953064,64.4225845336914,0,8055.1021118164062,0
125.10000000000001,e1008,528.621338,18.1778755,1071.447,0,0,0.1,72.51887,0,449.953064,64.52459716796875,0,8054.46875,0
125.15,e1008,529.5301,18.1764736,1072.35608,0,0,0.1,72.51887,1.53045288E-09,449.953064,64.476226806640625,0,8053.8351440429687,0
125.2,e1008,530.4388,18.1750755,1073.265,0,0,0.1,72.51887,0,449.953064,64.477973937988281,0,8053.2017822265625,0
125.25,e1008,531.3474,18.1736774,1074.174,0,0,0.1,72.51887,1.49577029E-09,449.953064,64.529869079589844,0,8052.568359375,0
125.30000000000001,e1008,532.256,18.1722755,1075.08276,0,0,0.1,72.51887,0,449.953064,64.1304931640625,0,8051.9353637695312,0
125.35000000000001,e1008,533.1645,18.1708775,1075.99158,0,0,0.1,72.51887,1.4618734E-09,449.953064,64.132247924804687,0,8051.3028564453125,0
125.4,e1008,534.0729,18.1694775,1076.90027,0,0,0.1,72.51887,0,449.953064,64.133979797363281,0,8050.6697387695312,0
125.45,e1008,534.981262,18.16808,1077.80884,0,0,0.1,72.51887,1.42874479E-09,449.953064,64.035430908203125,0,8050.0370483398437,0
125.5,e1008,535.8895,18.1666775,1078.71741,0,0,0.1,72.51887,0,449.953064,64.037178039550781,0,8049.4046020507812,0
125.55000000000001,e1008,536.7977,18.16528,1079.62585,0,0,0.1,72.51887,1.3963668E-09,449.953064,64.139205932617188,0,8048.77197265625,0
125.60000000000001,e1008,537.7059,18.1638813,1080.5343,0,0,0.1,72.51887,0,449.953064,64.040657043457031,0,8048.139404296875,0
125.65,e1008,538.614,18.1624832,1081.44263,0,0,0.1,72.51887,1.36472267E-09,449.953064,64.042396545410156,0,8047.5068359375,0
125.7,e1008,539.522,18.1610813,1082.35083,0,0,0.1,72.51887,0,449.953064,64.044136047363281,0,8046.8742065429687,0
125.75,e1008,540.429932,18.1596832,1083.259,0,0,0.1,72.51887,1.33379574E-09,449.953064,64.14617919921875,0,8046.2420043945312,0
125.80000000000001,e1008,541.337769,18.1582832,1084.16711,0,0,0.1,72.51887,0,449.953064,64.047622680664063,0,8045.609375,0
125.85000000000001,e1008,542.2456,18.1568871,1085.0752,0,0,0.1,72.51887,1.30356959E-09,449.953064,64.049369812011719,0,8044.9771728515625,0
125.9,e1008,543.1533,18.1554852,1085.98315,0,0,0.1,72.51887,0,449.953064,64.051101684570313,0,8044.3447265625,0
125.95,e1008,544.061,18.1540871,1086.891,0,0,0.1,72.51887,1.27402833E-09,449.953064,64.052848815917969,0,8043.712646484375,0
126,e1008,544.968567,18.152689,1087.79883,0,0,0.1,72.51887,0,449.953064,64.1549072265625,0,8043.0799560546875,0
126.05000000000001,e1008,545.8761,18.1512928,1088.70654,0,0,0.1,72.51887,1.24515653E-09,449.953064,64.006172180175781,0,8042.4479370117187,0
126.10000000000001,e1008,546.783569,18.1498928,1089.61426,0,0,0.1,72.51887,0,449.953064,64.058074951171875,0,8041.8156127929687,0
126.15,e1008,547.6909,18.1484966,1090.52185,0,0,0.1,72.51887,1.216939E-09,449.953064,63.758819580078125,0,8041.18408203125,0
126.2,e1008,548.5982,18.1470985,1091.42944,0,0,0.1,72.51887,0,449.953064,63.660232543945313,0,8040.552490234375,0
126.25,e1008,549.5055,18.1457024,1092.33691,0,0,0.1,72.51887,1.18936094E-09,449.953064,63.661960601806641,0,8039.9212646484375,0
126.30000000000001,e1008,550.412659,18.1443043,1093.24426,0,0,0.1,72.51887,0,449.953064,63.6636848449707,0,8039.289794921875,0
126.35000000000001,e1008,551.319763,18.1429081,1094.15161,0,0,0.1,72.51887,1.16240784E-09,449.953064,63.665420532226563,0,8038.658447265625,0
126.4,e1008,552.2268,18.14151,1095.05884,0,0,0.1,72.51887,0,449.953064,63.667156219482422,0,8038.0272216796875,0
126.45,e1008,553.1338,18.1401119,1095.96606,0,0,0.1,72.51887,1.13606557E-09,449.953064,63.668880462646484,0,8037.3959350585937,0
126.5,e1008,554.0407,18.1387138,1096.87317,0,0,0.1,72.51887,0,449.953064,63.670604705810547,0,8036.7645874023437,0
126.55000000000001,e1008,554.9475,18.13732,1097.78015,0,0,0.1,72.51887,1.11032039E-09,449.953064,63.672344207763672,0,8036.1334838867187,0
126.60000000000001,e1008,555.8543,18.1359215,1098.68713,0,0,0.1,72.51887,0,449.953064,63.674072265625,0,8035.5023803710938,0
126.65,e1008,556.761,18.1345253,1099.594,0,0,0.1,72.51887,1.08515863E-09,449.953064,63.675800323486328,0,8034.8709716796875,0
126.7,e1008,557.6676,18.1331272,1100.50085,0,0,0.1,72.51887,0,449.953064,63.577178955078125,0,8034.2398681640625,0
126.75,e1008,558.574158,18.131731,1101.40759,0,0,0.1,72.51887,1.06056686E-09,449.953064,63.679275512695313,0,8033.6089477539062,0
126.80000000000001,e1008,559.480652,18.1303329,1102.31421,0,0,0.1,72.51887,0,449.953064,63.680995941162109,0,8032.9779663085937,0
126.85000000000001,e1008,560.3871,18.1289368,1103.22083,0,0,0.1,72.51887,1.03653253E-09,449.953064,63.6827278137207,0,8032.3470458984375,0
126.9,e1008,561.293457,18.1275387,1104.12732,0,0,0.1,72.51887,0,449.953064,63.584087371826172,0,8031.7162475585937,0
126.95,e1008,562.1997,18.1261444,1105.03381,0,0,0.1,72.51887,1.013043E-09,449.953064,63.385078430175781,0,8031.0856323242187,0
127,e1008,563.105957,18.1247482,1105.94019,0,0,0.1,72.51887,0,449.953064,63.236236572265625,0,8030.4555053710937,0
127.05000000000001,e1008,564.0121,18.123354,1106.84644,0,0,0.1,72.51887,9.900856E-10,449.953064,63.237957000732422,0,8029.8253173828125,0
127.10000000000001,e1008,564.918152,18.1219578,1107.75269,0,0,0.1,72.51887,0,449.953064,63.239673614501953,0,8029.195068359375,0
127.15,e1008,565.824158,18.1205635,1108.65881,0,0,0.1,72.51887,9.676484E-10,449.953064,63.24139404296875,0,8028.5648803710937,0
127.2,e1008,566.7301,18.1191673,1109.565,0,0,0.1,72.51887,0,449.953064,63.243106842041016,0,8027.9351196289062,0
127.25,e1008,567.636,18.1177731,1110.471,0,0,0.1,72.51887,9.457197E-10,449.953064,63.244834899902344,0,8027.3048706054687,0
127.30000000000001,e1008,568.541748,18.1163769,1111.37683,0,0,0.1,72.51887,0,449.953064,63.246543884277344,0,8026.6749877929687,0
127.35000000000001,e1008,569.4475,18.11498,1112.28271,0,0,0.1,72.51887,9.242881E-10,449.953064,63.248264312744141,0,8026.0448608398437,0
127.4,e1008,570.353149,18.1135864,1113.18848,0,0,0.1,72.51887,0,449.953064,63.249980926513672,0,8025.4152221679687,0
127.45,e1008,571.2587,18.1121922,1114.09424,0,0,0.1,72.51887,9.03342E-10,449.953064,63.251712799072266,0,8024.785400390625,0
127.5,e1008,572.164246,18.110796,1114.99988,0,0,0.1,72.51887,0,449.953064,63.253425598144531,0,8024.1553955078125,0
127.55000000000001,e1008,573.0697,18.1094017,1115.90552,0,0,0.1,72.51887,8.82870665E-10,449.953064,63.154731750488281,0,8023.5255737304687,0
127.60000000000001,e1008,573.9751,18.1080055,1116.811,0,0,0.1,72.51887,0,449.953064,63.256858825683594,0,8022.8956909179687,0
127.65,e1008,574.880432,18.1066132,1117.71643,0,0,0.1,72.51887,8.628634E-10,449.953064,63.258583068847656,0,8022.26611328125,0
127.7,e1008,575.785645,18.1052151,1118.62183,0,0,0.1,72.51887,0,449.953064,63.260299682617188,0,8021.6364135742187,0
127.75,e1008,576.690857,18.1038227,1119.5271,0,0,0.1,72.51887,8.43309367E-10,449.953064,63.262027740478516,0,8021.0067749023437,0
127.80000000000001,e1008,577.595947,18.10243,1120.43237,0,0,0.1,72.51887,0,449.953064,62.862060546875,0,8020.3778076171875,0
127.85000000000001,e1008,578.501,18.1010361,1121.33752,0,0,0.1,72.51887,8.241984E-10,449.953064,62.813568115234375,0,8019.7489013671875,0
127.9,e1008,579.405945,18.0996418,1122.24255,0,0,0.1,72.51887,0,449.953064,62.865482330322266,0,8019.1199340820312,0
127.95,e1008,580.310852,18.09825,1123.14758,0,0,0.1,72.51887,8.055206E-10,449.953064,62.816967010498047,0,8018.4910278320312,0
128,e1008,581.2157,18.0968571,1124.05249,0,0,0.1,72.51887,0,449.953064,62.818683624267578,0,8017.8621826171875,0
128.05,e1008,582.1205,18.0954628,1124.9574,0,0,0.1,72.51887,7.87266E-10,449.953064,62.820384979248047,0,8017.233154296875,0
128.1,e1008,583.025146,18.0940685,1125.86218,0,0,0.1,72.51887,0,449.953064,62.822090148925781,0,8016.6044921875,0
128.15,e1008,583.9298,18.0926762,1126.76685,0,0,0.1,72.51887,7.69425135E-10,449.953064,62.823799133300781,0,8015.9759521484375,0
128.20000000000002,e1008,584.834351,18.0912838,1127.67151,0,0,0.1,72.51887,0,449.953064,62.825515747070313,0,8015.3473510742187,0
128.25,e1008,585.738831,18.08989,1128.576,0,0,0.1,72.51887,7.519886E-10,449.953064,62.827228546142578,0,8014.7184448242187,0
128.3,e1008,586.64325,18.0884933,1129.48059,0,0,0.1,72.51887,0,449.953064,46.5064582824707,0,8014.0899047851562,0
128.35,e1008,587.5476,18.0871029,1130.385,0,0,0.1,72.51887,7.349472E-10,449.953064,75.9894027709961,0,8013.4605102539062,0
128.4,e1008,588.4519,18.0857124,1131.28931,0,0,0.1,72.51887,0,449.953064,65.243179321289062,0,8012.8331909179687,0
128.45000000000002,e1008,589.3561,18.08432,1132.1936,0,0,0.1,72.51887,7.18292037E-10,449.953064,63.0851936340332,0,8012.2055053710937,0
128.5,e1008,590.260254,18.0829258,1133.09778,0,0,0.1,72.51887,0,449.953064,62.885986328125,0,8011.5772094726562,0
128.55,e1008,591.1643,18.0815334,1134.002,0,0,0.1,72.51887,7.020142E-10,449.953064,62.83746337890625,0,8010.9489135742187,0
128.6,e1008,592.068359,18.0801411,1134.906,0,0,0.1,72.51887,0,449.953064,62.788944244384766,0,8010.3209838867187,0
128.65,e1008,592.9723,18.0787487,1135.81,0,0,0.1,72.51887,6.86105339E-10,449.953064,62.53948974609375,0,8009.693359375,0
128.70000000000002,e1008,593.87616,18.0773582,1136.714,0,0,0.1,72.51887,0,449.953064,62.4909553527832,0,8009.066162109375,0
128.75,e1008,594.779968,18.0759678,1137.6178,0,0,0.1,72.51887,6.705569E-10,449.953064,62.392185211181641,0,8008.4384155273437,0
128.8,e1008,595.6837,18.0745735,1138.52161,0,0,0.1,72.51887,0,449.953064,62.393882751464844,0,8007.8115234375,0
128.85,e1008,596.587341,18.0731831,1139.42529,0,0,0.1,72.51887,6.553609E-10,449.953064,62.395580291748047,0,8007.1842041015625,0
128.9,e1008,597.490967,18.07179,1140.329,0,0,0.1,72.51887,0,449.953064,62.397274017333984,0,8006.5565185546875,0
128.95000000000002,e1008,598.3945,18.0704021,1141.23254,0,0,0.1,72.51887,6.40509257E-10,449.953064,62.398963928222656,0,8005.9293212890625,0
129,e1008,599.2979,18.06901,1142.136,0,0,0.1,72.51887,0,449.953064,62.400661468505859,0,8005.3020629882812,0
129.05,e1008,600.2013,18.0676174,1143.03943,0,0,0.1,72.51887,6.25994145E-10,449.953064,62.4023551940918,0,8004.6754760742187,0
129.1,e1008,601.1046,18.066227,1143.94275,0,0,0.1,72.51887,0,449.953064,62.404045104980469,0,8004.0481567382812,0
129.15,e1008,602.0079,18.0648365,1144.84607,0,0,0.1,72.51887,6.11807938E-10,449.953064,62.5062370300293,0,8003.4208374023437,0
129.20000000000002,e1008,602.9111,18.0634441,1145.74927,0,0,0.1,72.51887,0,449.953064,62.407444000244141,0,8002.7936401367187,0
129.25,e1008,603.8142,18.0620537,1146.65234,0,0,0.1,72.51887,5.979433E-10,449.953064,62.409149169921875,0,8002.1666870117187,0
129.3,e1008,604.7173,18.0606613,1147.55542,0,0,0.1,72.51887,0,449.953064,62.410835266113281,0,8001.5398559570312,0
129.35,e1008,605.6201,18.05927,1148.45837,0,0,0.1,72.51887,5.843928E-10,449.953064,62.412525177001953,0,8000.9130859375,0
129.4,e1008,606.523254,18.0578823,1149.36133,0,0,0.1,72.51887,0,449.953064,62.414230346679688,0,8000.2860717773437,0
129.45000000000002,e1008,607.4261,18.0564919,1150.26416,0,0,0.1,72.51887,5.71149461E-10,449.953064,62.064151763916016,0,7999.6597290039062,0
129.5,e1008,608.3289,18.0551014,1151.167,0,0,0.1,72.51887,0,449.953064,61.965324401855469,0,7999.0333251953125,0
129.55,e1008,609.2315,18.0537128,1152.0697,0,0,0.1,72.51887,5.582062E-10,449.953064,61.967002868652344,0,7998.4075317382812,0
129.6,e1008,610.1341,18.0523243,1152.97229,0,0,0.1,72.51887,0,449.953064,61.968681335449219,0,7997.781005859375,0
129.65,e1008,611.0367,18.0509338,1153.87488,0,0,0.1,72.51887,5.45556267E-10,449.953064,62.070896148681641,0,7997.155029296875,0
129.70000000000002,e1008,611.939,18.0495434,1154.77734,0,0,0.1,72.51887,0,449.953064,61.972053527832031,0,7996.5288696289062,0
129.75,e1008,612.8416,18.0481548,1155.67981,0,0,0.1,72.51887,5.33193045E-10,449.953064,61.973731994628906,0,7995.9027709960937,0
129.8,e1008,613.743958,18.0467663,1156.58215,0,0,0.1,72.51887,0,449.953064,61.975421905517578,0,7995.277099609375,0
129.85,e1008,614.6463,18.0453758,1157.48438,0,0,0.1,72.51887,5.21109933E-10,449.953064,61.977108001708984,0,7994.6507568359375,0
129.9,e1008,615.5484,18.0439873,1158.3866,0,0,0.1,72.51887,0,449.953064,62.079322814941406,0,7994.0252075195312,0
129.95000000000002,e1008,616.450745,18.0425968,1159.2887,0,0,0.1,72.51887,5.093006E-10,449.953064,61.980476379394531,0,7993.3994140625,0
130,e1008,617.3526,18.0412083,1160.1908,0,0,0.1,72.51887,0,449.953064,61.982158660888672,0,7992.7735595703125,0
130.05,e1008,618.2547,18.03982,1161.09277,0,0,0.1,72.51887,4.977589E-10,449.953064,61.983844757080078,0,7992.1478881835937,0
130.1,e1008,619.1568,18.03843,1161.99463,0,0,0.1,72.51887,0,449.953064,61.98553466796875,0,7991.5217895507812,0
130.15,e1008,620.058655,18.0370388,1162.89648,0,0,0.1,72.51887,4.864788E-10,449.953064,61.987216949462891,0,7990.8959350585937,0
130.20000000000002,e1008,620.9605,18.03565,1163.79822,0,0,0.1,72.51887,0,449.953064,61.988899230957031,0,7990.2703857421875,0
130.25,e1008,621.8621,18.0342617,1164.7,0,0,0.1,72.51887,4.75454454E-10,449.953064,61.990573883056641,0,7989.644775390625,0
130.3,e1008,622.764,18.0328751,1165.60156,0,0,0.1,72.51887,0,449.953064,61.740879058837891,0,7989.0199584960937,0
130.35,e1008,623.665344,18.0314865,1166.503,0,0,0.1,72.51887,4.64679767E-10,449.953064,61.642005920410156,0,7988.3948364257812,0
130.4,e1008,624.566956,18.0301018,1167.40454,0,0,0.1,72.51887,0,449.953064,61.543109893798828,0,7987.7700805664062,0
130.45000000000002,e1008,625.4683,18.0287132,1168.30591,0,0,0.1,72.51887,4.541493E-10,449.953064,61.595066070556641,0,7987.1449584960937,0
130.5,e1008,626.3697,18.0273247,1169.20728,0,0,0.1,72.51887,0,449.953064,61.546459197998047,0,7986.5201416015625,0
130.55,e1008,627.2712,18.0259361,1170.10852,0,0,0.1,72.51887,4.43857451E-10,449.953064,61.598419189453125,0,7985.8953857421875,0
130.6,e1008,628.172546,18.02455,1171.00977,0,0,0.1,72.51887,0,449.953064,61.600090026855469,0,7985.270751953125,0
130.65,e1008,629.073669,18.0231628,1171.91089,0,0,0.1,72.51887,4.3379883E-10,449.953064,61.551471710205078,0,7984.6460571289062,0
130.70000000000002,e1008,629.9748,18.0217743,1172.81189,0,0,0.1,72.51887,0,449.953064,61.603435516357422,0,7984.021484375,0
130.75,e1008,630.8759,18.0203876,1173.71289,0,0,0.1,72.51887,4.23968166E-10,449.953064,61.554817199707031,0,7983.3966674804687,0
130.8,e1008,631.7768,18.019001,1174.61377,0,0,0.1,72.51887,0,449.953064,61.556495666503906,0,7982.77197265625,0
130.85,e1008,632.6779,18.0176125,1175.51465,0,0,0.1,72.51887,4.14360352E-10,449.953064,61.608455657958984,0,7982.1477661132812,0
130.9,e1008,633.578552,18.0162239,1176.41541,0,0,0.1,72.51887,0,449.953064,61.559829711914063,0,7981.5230102539062,0
130.95000000000002,e1008,634.479431,18.0148373,1177.316,0,0,0.1,72.51887,4.049702E-10,449.953064,61.561500549316406,0,7980.898681640625,0
131,e1008,635.380066,18.01345,1178.21667,0,0,0.1,72.51887,0,449.953064,61.613479614257812,0,7980.2742309570312,0
131.05,e1008,636.2807,18.012064,1179.11719,0,0,0.1,72.51887,3.95792871E-10,449.953064,61.564861297607422,0,7979.649658203125,0
131.1,e1008,637.181152,18.0106773,1180.0177,0,0,0.1,72.51887,0,449.953064,61.5665283203125,0,7979.025634765625,0
131.15,e1008,638.081665,18.00929,1180.91809,0,0,0.1,72.51887,3.86823462E-10,449.953064,61.216102600097656,0,7978.40185546875,0
131.20000000000002,e1008,638.9821,18.0079041,1181.81836,0,0,0.1,72.51887,0,449.953064,61.2177619934082,0,7977.7778930664062,0
131.25,e1008,639.882446,18.0065174,1182.71863,0,0,0.1,72.51887,3.78057335E-10,449.953064,61.521240234375,0,7977.1539916992187,0
131.3,e1008,640.7828,18.005127,1183.61877,0,0,0.1,72.51887,0,449.953064,61.875049591064453,0,7976.529052734375,0
131.35,e1008,641.683,18.0037346,1184.51892,0,0,0.1,72.51887,3.69489939E-10,449.953064,62.279182434082031,0,7975.9033813476562,-148.0343017578125
131.4,e1008,642.5831,18.0023746,1185.419,0,0,0.1,72.51887,0,449.953064,62.733650207519531,0,7975.2777709960937,-333.077392578125
131.45000000000002,e1008,643.4833,18.000988,1186.319,0,0,0.1,72.51887,3.611166E-10,449.953064,55.742404937744141,0,7974.665283203125,-517.7283935546875
131.5,e1008,644.38324,17.9995747,1187.21887,0,0,0.1,72.51887,0,449.953064,60.171195983886719,0,7974.041015625,-702.77044677734375
131.55,e1008,645.2832,17.9981461,1188.11865,0,0,0.1,72.51887,3.529331E-10,449.953064,67.317108154296875,0,7973.4056396484375,-887.42059326171875
131.6,e1008,646.1831,17.9967079,1189.01843,0,0,0.1,72.51887,0,449.953064,78.790367126464844,0,7972.7582397460937,-1072.4658203125
131.65,e1008,647.0829,17.9952583,1189.91809,0,0,0.1,72.51887,3.44934969E-10,449.953064,93.585159301757813,0,7972.0995483398437,-1257.11572265625
131.70000000000002,e1008,647.9826,17.9938,1190.81775,0,0,0.1,72.51887,0,449.953064,108.88410186767578,0,7971.4292602539062,-1441.7626953125
131.75,e1008,648.8822,17.9923286,1191.71729,0,0,0.1,72.51887,3.37118139E-10,449.953064,124.53641510009766,0,7970.7468872070312,-1626.4130859375
131.8,e1008,649.781738,17.9908485,1192.6167,0,0,0.1,72.51887,0,449.953064,139.93829345703125,0,7970.053466796875,-1811.4559326171875
131.85,e1008,650.6812,17.9893589,1193.51611,0,0,0.1,72.51887,3.29478472E-10,449.953064,155.34144592285156,0,7969.3489990234375,-1996.1014404296875
131.9,e1008,651.5805,17.98786,1194.41541,0,0,0.1,72.51887,0,449.953064,170.99749755859375,0,7968.6326904296875,-2180.75146484375
131.95000000000002,e1008,652.479736,17.98635,1195.3147,0,0,0.1,72.51887,3.22011917E-10,449.953064,186.45367431640625,0,7967.9048461914062,-2315.510498046875
132,e1008,653.3789,17.98483,1196.21387,0,0,0.1,72.51887,0,449.953064,201.81062316894531,0,7967.1654663085937,-2315.51513671875
132.05,e1008,654.277954,17.9833145,1197.11292,0,0,0.1,72.51887,3.14714532E-10,449.953064,213.69638061523438,0,7966.418701171875,-2315.90869140625
132.1,e1008,655.1769,17.9818,1198.012,0,0,0.1,72.51887,0,449.953064,215.97015380859375,0,7965.6718139648437,-2315.51513671875
132.15,e1008,656.0757,17.9802837,1198.91089,0,0,0.1,72.51887,3.07582515E-10,449.953064,216.13008117675781,0,7964.9258422851562,-2315.51513671875
132.20000000000002,e1008,656.974365,17.9787655,1199.80981,0,0,0.1,72.51887,0,449.953064,216.18934631347656,0,7964.1798095703125,-2315.51513671875
132.25,e1008,657.873,17.9772511,1200.70862,0,0,0.1,72.51887,3.00612146E-10,449.953064,216.14794921875,0,7963.4337158203125,-2315.510498046875
132.3,e1008,658.7715,17.9757347,1201.60742,0,0,0.1,72.51887,0,449.953064,216.10653686523437,0,7962.6879272460937,-2315.509033203125
132.35,e1008,659.6699,17.9742165,1202.5061,0,0,0.1,72.51887,2.93799762E-10,449.953064,216.16584777832031,0,7961.9415283203125,-2326.4883184432983
132.4,e1008,660.568237,17.9727154,1203.40466,0,0,0.1,72.51887,0,449.953064,216.12440490722656,0,7961.1954956054687,-2369.4369010925293
132.45000000000002,e1008,661.466431,17.9712048,1204.30322,0,0,0.1,72.51887,2.871417E-10,449.953064,216.1837158203125,0,7960.45361328125,-2411.5029907226562
132.5,e1008,662.3645,17.9696846,1205.20166,0,0,0.1,72.51887,0,449.953064,216.04158020019531,0,7959.7094116210937,-2454.0486450195312
132.55,e1008,663.2625,17.9681568,1206.1001,0,0,0.1,72.51887,2.806346E-10,449.953064,216.25193786621094,0,7958.9627075195312,-2496.6035003662109
132.6,e1008,664.1604,17.96662,1206.99841,0,0,0.1,72.51887,0,449.953064,215.75735473632812,0,7958.2139892578125,-2539.0634155273437
132.65,e1008,665.058167,17.9650745,1207.89661,0,0,0.1,72.51887,2.74274881E-10,449.953064,215.71592712402344,0,7957.4627685546875,-2581.608642578125
132.70000000000002,e1008,665.9559,17.96352,1208.7948,0,0,0.1,72.51887,0,449.953064,215.77520751953125,0,7956.709228515625,-2624.4619140625
132.75,e1008,666.8534,17.961956,1209.69287,0,0,0.1,72.51887,2.68059325E-10,449.953064,215.68339538574219,0,7955.9534301757812,-2666.618896484375
132.8,e1008,667.750854,17.9603844,1210.591,0,0,0.1,72.51887,0,449.953064,215.79304504394531,0,7955.1953735351562,-2709.0825805664062
132.85,e1008,668.648254,17.9588051,1211.48889,0,0,0.1,72.51887,2.619846E-10,449.953064,215.70124816894531,0,7954.4349365234375,-2751.6331481933594
132.9,e1008,669.5455,17.9572144,1212.38684,0,0,0.1,72.51887,0,449.953064,215.76054382324219,0,7953.6721801757812,-2794.0876770019531
132.95000000000002,e1008,670.4427,17.955616,1213.28467,0,0,0.1,72.51887,2.560476E-10,449.953064,215.66874694824219,0,7952.9071044921875,-2836.5525512695312
133,e1008,671.3397,17.95401,1214.18237,0,0,0.1,72.51887,0,449.953064,215.72801208496094,0,7952.1395874023437,-2879.0988159179687
133.05,e1008,672.2367,17.9523945,1215.08008,0,0,0.1,72.51887,2.5024513E-10,449.953064,215.73692321777344,0,7951.3699340820312,-2921.950439453125
133.1,e1008,673.133545,17.95077,1215.97766,0,0,0.1,72.51887,0,449.953064,215.74588012695312,0,7950.5978393554687,-2964.0172729492187
133.15,e1008,674.0303,17.9491348,1216.87524,0,0,0.1,72.51887,2.44574083E-10,449.953064,215.75480651855469,0,7949.823486328125,-2978.9210815429687
133.20000000000002,e1008,674.9269,17.9475,1217.77271,0,0,0.1,72.51887,0,449.953064,215.71336364746094,0,7949.0464477539062,-2978.9257202148437
133.25,e1008,675.8234,17.9458637,1218.67,0,0,0.1,72.51887,2.390316E-10,449.953064,215.520751953125,0,7948.2691650390625,-2978.9257202148437
133.3,e1008,676.719849,17.9442253,1219.56738,0,0,0.1,72.51887,0,449.953064,215.3785400390625,0,7947.491455078125,-2978.9210815429687
133.35,e1008,677.6162,17.9425869,1220.4646,0,0,0.1,72.51887,2.336147E-10,449.953064,190.34696960449219,0,7946.7142944335937,-2978.830078125
133.4,e1008,678.5124,17.9409523,1221.36182,0,0,0.1,72.51887,0,449.953064,236.25579833984375,0,7945.9352416992187,-2978.9210815429687
133.45000000000002,e1008,679.4085,17.9393158,1222.25891,0,0,0.1,72.51887,2.28320612E-10,449.953064,218.98281860351562,0,7945.1589965820312,-2978.9197387695312
133.5,e1008,680.304565,17.9376774,1223.15588,0,0,0.1,72.51887,0,449.953064,215.81730651855469,0,7944.3822021484375,-3005.806770324707
133.55,e1008,681.200439,17.9360523,1224.05286,0,0,0.1,72.51887,2.2314646E-10,449.953064,215.52391052246094,0,7943.6046142578125,-3047.87841796875
133.6,e1008,682.096252,17.9344177,1224.94971,0,0,0.1,72.51887,0,449.953064,215.43202209472656,0,7942.8306884765625,-3090.3333282470703
133.65,e1008,682.991943,17.9327755,1225.84656,0,0,0.1,72.51887,2.1808956E-10,449.953064,215.23933410644531,0,7942.0540161132812,-3132.7920074462891
133.70000000000002,e1008,683.8875,17.9311218,1226.74329,0,0,0.1,72.51887,0,449.953064,215.29867553710937,0,7941.2756958007812,-3175.2498016357422
133.75,e1008,684.783,17.9294624,1227.64,0,0,0.1,72.51887,2.13147278E-10,449.953064,215.30758666992187,0,7940.4944458007812,-3217.7096405029297
133.8,e1008,685.6784,17.9277935,1228.53662,0,0,0.1,72.51887,0,449.953064,215.31651306152344,0,7939.711181640625,-3260.0798645019531
133.85,e1008,686.5737,17.926115,1229.43311,0,0,0.1,72.51887,2.08316975E-10,449.953064,215.32542419433594,0,7938.9253540039062,-3302.5424194335937
133.9,e1008,687.4689,17.9244289,1230.32959,0,0,0.1,72.51887,0,449.953064,214.98150634765625,0,7938.1377563476562,-3344.9972839355469
133.95000000000002,e1008,688.363953,17.9227314,1231.226,0,0,0.1,72.51887,2.03596154E-10,449.953064,214.99041748046875,0,7937.3474731445312,-3387.373291015625
134,e1008,689.2589,17.9210262,1232.12231,0,0,0.1,72.51887,0,449.953064,214.89848327636719,0,7936.5547485351562,-3429.8164367675781
134.05,e1008,690.1538,17.9193134,1233.01855,0,0,0.1,72.51887,1.989823E-10,449.953064,214.90736389160156,0,7935.7599487304688,-3472.1914978027344
134.1,e1008,691.0486,17.91759,1233.91467,0,0,0.1,72.51887,0,449.953064,214.91627502441406,0,7934.9627075195312,-3514.6544799804687
134.15,e1008,691.943237,17.9158611,1234.81079,0,0,0.1,72.51887,1.94473021E-10,449.953064,214.874755859375,0,7934.1630249023437,-3557.0199584960937
134.20000000000002,e1008,692.8378,17.9141216,1235.70679,0,0,0.1,72.51887,0,449.953064,214.93408203125,0,7933.3613891601562,-3599.38134765625
134.25,e1008,693.7323,17.9123726,1236.60278,0,0,0.1,72.51887,1.90065921E-10,449.953064,214.89256286621094,0,7932.556884765625,-3641.840087890625
134.3,e1008,694.6266,17.9106159,1237.49866,0,0,0.1,72.51887,0,449.953064,214.90145874023437,0,7931.7504272460937,-3642.331298828125
134.35,e1008,695.5209,17.90886,1238.39453,0,0,0.1,72.51887,1.85758672E-10,449.953064,214.85993957519531,0,7930.9415893554687,-3642.3260498046875
134.4,e1008,696.415039,17.9071,1239.29028,0,0,0.1,72.51887,0,449.953064,214.91926574707031,0,7930.1329956054687,-3642.33740234375
134.45000000000002,e1008,697.3091,17.905344,1240.18591,0,0,0.1,72.51887,1.81549067E-10,449.953064,214.92817687988281,0,7929.3240966796875,-3642.24169921875
134.5,e1008,698.203,17.9035854,1241.08154,0,0,0.1,72.51887,0,449.953064,214.88665771484375,0,7928.5156860351562,-3642.3316650390625
134.55,e1008,699.0968,17.9018288,1241.977,0,0,0.1,72.51887,1.77434831E-10,449.953064,214.64338684082031,0,7927.707275390625,-3642.3218994140625
134.6,e1008,699.99054,17.9000721,1242.87256,0,0,0.1,72.51887,0,449.953064,214.50096130371094,0,7926.8987426757812,-3642.3232421875
134.65,e1008,700.8842,17.8983135,1243.768,0,0,0.1,72.51887,1.734138E-10,449.953064,214.50984191894531,0,7926.0902709960937,-3683.7416381835937
134.70000000000002,e1008,701.7777,17.8965645,1244.66321,0,0,0.1,72.51887,0,449.953064,214.46830749511719,0,7925.2817993164062,-3726.0961227416992
134.75,e1008,702.671143,17.8948059,1245.55847,0,0,0.1,72.51887,1.69483941E-10,449.953064,214.4771728515625,0,7924.4758911132812,-3768.4697723388672
134.8,e1008,703.564453,17.89304,1246.45361,0,0,0.1,72.51887,0,449.953064,214.486083984375,0,7923.6673583984375,-3810.4416198730469
134.85,e1008,704.457642,17.891264,1247.34875,0,0,0.1,72.51887,1.65643138E-10,449.953064,214.49496459960937,0,7922.8567504882812,-3852.8208465576172
134.9,e1008,705.350769,17.88948,1248.24377,0,0,0.1,72.51887,0,449.953064,214.50382995605469,0,7922.0438842773437,-3895.1025848388672
134.95000000000002,e1008,706.2438,17.8876858,1249.13879,0,0,0.1,72.51887,1.61889363E-10,449.953064,214.4622802734375,0,7921.2286376953125,-3937.4573669433594
135,e1008,707.136658,17.8858852,1250.03369,0,0,0.1,72.51887,0,449.953064,214.47119140625,0,7920.410888671875,-3979.8252868652344
135.05,e1008,708.0295,17.8840733,1250.92847,0,0,0.1,72.51887,1.58220687E-10,449.953064,214.48008728027344,0,7919.5906982421875,-4022.1976318359375
135.1,e1008,708.9222,17.8822536,1251.82324,0,0,0.1,72.51887,0,449.953064,214.48895263671875,0,7918.768798828125,-4064.5647583007812
135.15,e1008,709.814758,17.8804283,1252.7179,0,0,0.1,72.51887,1.5463511E-10,449.953064,214.49786376953125,0,7917.9440307617187,-4107.2342834472656
135.20000000000002,e1008,710.7072,17.8785915,1253.61255,0,0,0.1,72.51887,0,449.953064,214.50674438476562,0,7917.1171875,-4149.2255859375
135.25,e1008,711.5996,17.8767452,1254.50708,0,0,0.1,72.51887,1.511308E-10,449.953064,214.46517944335937,0,7916.2875366210937,-4191.5830688476562
135.3,e1008,712.4919,17.87489,1255.40149,0,0,0.1,72.51887,0,449.953064,214.22178649902344,0,7915.45654296875,-4233.8682250976562
135.35,e1008,713.3841,17.8730259,1256.2959,0,0,0.1,72.51887,1.47705917E-10,449.953064,214.12974548339844,0,7914.6234130859375,-4276.2278442382812
135.4,e1008,714.2761,17.8711567,1257.19019,0,0,0.1,72.51887,0,449.953064,214.088134765625,0,7913.7872924804687,-4305.7339477539062
135.45000000000002,e1008,715.1681,17.869278,1258.08447,0,0,0.1,72.51887,1.4435865E-10,449.953064,214.04652404785156,0,7912.9495239257812,-4305.7402954101562
135.5,e1008,716.06,17.8674,1258.97864,0,0,0.1,72.51887,0,449.953064,214.10586547851563,0,7912.1094970703125,-4305.7500610351562
135.55,e1008,716.9517,17.8655224,1259.8728,0,0,0.1,72.51887,1.41087225E-10,449.953064,214.06428527832031,0,7911.2701416015625,-4305.752197265625
135.6,e1008,717.8434,17.8636436,1260.76685,0,0,0.1,72.51887,0,449.953064,214.07318115234375,0,7910.4306030273437,-4305.7391357421875
135.65,e1008,718.735,17.8617668,1261.66077,0,0,0.1,72.51887,1.37889936E-10,449.953064,213.9810791015625,0,7909.5910034179687,-4305.7486572265625
135.70000000000002,e1008,719.6264,17.8598862,1262.55469,0,0,0.1,72.51887,0,449.953064,214.14137268066406,0,7908.7515869140625,-4305.73583984375
135.75,e1008,720.517761,17.8580055,1263.44849,0,0,0.1,72.51887,1.347651E-10,449.953064,214.04930114746094,0,7907.9120483398437,-4317.109167098999
135.8,e1008,721.409,17.856144,1264.34229,0,0,0.1,72.51887,0,449.953064,214.05819702148437,0,7907.0724487304687,-4358.1280288696289
135.85,e1008,722.3002,17.8542728,1265.236,0,0,0.1,72.51887,1.31711086E-10,449.953064,214.06704711914062,0,7906.237060546875,-4399.6487808227539
135.9,e1008,723.191162,17.85239,1266.12952,0,0,0.1,72.51887,0,449.953064,213.67202758789062,0,7905.3995971679687,-4440.2881774902344
135.95000000000002,e1008,724.0821,17.8505,1267.02307,0,0,0.1,72.51887,1.2872628E-10,449.953064,214.0848388671875,0,7904.5596313476562,-4481.34245300293
136,e1008,724.972961,17.8486023,1267.9165,0,0,0.1,72.51887,0,449.953064,213.68975830078125,0,7903.717529296875,-4522.3713684082031
136.05,e1008,725.863647,17.8466949,1268.80994,0,0,0.1,72.51887,1.25809113E-10,449.953064,213.64813232421875,0,7902.873046875,-4563.4080505371094
136.1,e1008,726.754333,17.8447781,1269.70325,0,0,0.1,72.51887,0,449.953064,213.65701293945313,0,7902.0264282226562,-4604.4256896972656
136.15,e1008,727.644836,17.8428535,1270.59656,0,0,0.1,72.51887,1.22958047E-10,449.953064,213.66586303710937,0,7901.1774291992187,-4645.4721984863281
136.20000000000002,e1008,728.5352,17.8409214,1271.48975,0,0,0.1,72.51887,0,449.953064,213.67474365234375,0,7900.3263549804687,-4686.5064697265625
136.25,e1008,729.425537,17.8389778,1272.38281,0,0,0.1,72.51887,1.201716E-10,449.953064,213.68360900878906,0,7899.47314453125,-4727.453369140625
136.3,e1008,730.315735,17.8370266,1273.27588,0,0,0.1,72.51887,0,449.953064,213.69245910644531,0,7898.6171264648437,-4768.5712280273437
136.35,e1008,731.2059,17.8350658,1274.16882,0,0,0.1,72.51887,1.17448287E-10,449.953064,213.65083312988281,0,7897.7589111328125,-4809.5248107910156
136.4,e1008,732.0959,17.8330975,1275.06177,0,0,0.1,72.51887,0,449.953064,213.65968322753906,0,7896.8987426757812,-4850.5502319335937
136.45000000000002,e1008,732.9858,17.8311214,1275.95459,0,0,0.1,72.51887,1.14786715E-10,449.953064,213.6685791015625,0,7896.0362548828125,-4891.5933837890625
136.5,e1008,733.875549,17.829134,1276.84729,0,0,0.1,72.51887,0,449.953064,213.67742919921875,0,7895.1712036132812,-4932.5275268554687
136.55,e1008,734.765259,17.82714,1277.74,0,0,0.1,72.51887,1.12185441E-10,449.953064,213.33271789550781,0,7894.3042602539062,-4949.6447143554687
136.6,e1008,735.654846,17.8251419,1278.63257,0,0,0.1,72.51887,0,449.953064,213.291015625,0,7893.4349365234375,-4949.6448364257812
136.65,e1008,736.5443,17.823143,1279.52515,0,0,0.1,72.51887,1.09643121E-10,449.953064,213.24935913085937,0,7892.56494140625,-4949.653076171875
136.70000000000002,e1008,737.4337,17.821146,1280.4176,0,0,0.1,72.51887,0,449.953064,213.20768737792969,0,7891.6946411132812,-4949.6486206054687
136.75,e1008,738.323,17.8191452,1281.31,0,0,0.1,72.51887,1.07158414E-10,449.953064,213.26702880859375,0,7890.82470703125,-4949.5619506835937
136.8,e1008,739.212158,17.8171482,1282.20239,0,0,0.1,72.51887,0,449.953064,213.17486572265625,0,7889.9546508789062,-4950.0296630859375
136.85,e1008,740.1012,17.81515,1283.0946,0,0,0.1,72.51887,1.04730009E-10,449.953064,213.28474426269531,0,7889.084716796875,-4949.6347045898437
136.9,e1008,740.9902,17.8131485,1283.98682,0,0,0.1,72.51887,0,449.953064,213.19256591796875,0,7888.2149047851562,-4965.6565189361572
136.95000000000002,e1008,741.8798,17.811161,1284.87891,0,0,0.1,72.51887,1.02356644E-10,449.953064,213.30247497558594,0,7887.3446044921875,-5007.8465194702148
137,e1008,742.768555,17.80917,1285.771,0,0,0.1,72.51887,0,449.953064,212.60383605957031,0,7886.4789428710937,-5050.3228302001953
137.05,e1008,743.6572,17.8071632,1286.663,0,0,0.1,72.51887,1.00037055E-10,449.953064,212.51156616210937,0,7885.6107177734375,-5092.3123626708984
137.1,e1008,744.5458,17.8051529,1287.55481,0,0,0.1,72.51887,0,449.953064,212.3687744140625,0,7884.7401123046875,-5134.7994689941406
137.15,e1008,745.4342,17.8031311,1288.44666,0,0,0.1,72.51887,9.77700351E-11,449.953064,212.42813110351562,0,7883.8673706054687,-5176.6748352050781
137.20000000000002,e1008,746.3226,17.8011017,1289.33838,0,0,0.1,72.51887,0,449.953064,212.38636779785156,0,7882.9923706054687,-5218.8629455566406
137.25,e1008,747.212158,17.79906,1290.2301,0,0,0.1,72.51887,9.555439E-11,449.953064,212.39518737792969,0,7882.1146850585937,-5261.0548706054687
137.3,e1008,748.1011,17.7970142,1291.1217,0,0,0.1,72.51887,0,449.953064,212.40399169921875,0,7881.23486328125,-5303.2349548339844
137.35,e1008,748.989441,17.7949562,1292.01318,0,0,0.1,72.51887,9.338896E-11,449.953064,212.41279602050781,0,7880.3522338867187,-5345.4261169433594
137.4,e1008,749.8774,17.79289,1292.90466,0,0,0.1,72.51887,0,449.953064,212.42164611816406,0,7879.4676513671875,-5387.6220703125
137.45000000000002,e1008,750.765259,17.7908154,1293.796,0,0,0.1,72.51887,9.12726E-11,449.953064,212.43043518066406,0,7878.5805053710937,-5429.803955078125
137.5,e1008,751.652954,17.78873,1294.68726,0,0,0.1,72.51887,0,449.953064,212.38871765136719,0,7877.6915893554687,-5472.3781127929688
137.55,e1008,752.5406,17.7866383,1295.57837,0,0,0.1,72.51887,8.920419E-11,449.953064,212.44810485839844,0,7876.8004150390625,-5521.2099609375
137.6,e1008,753.4281,17.7845364,1296.46948,0,0,0.1,72.51887,0,449.953064,212.35578918457031,0,7875.9063720703125,-5563.4037475585937
137.65,e1008,754.3155,17.7824268,1297.36047,0,0,0.1,72.51887,8.718268E-11,449.953064,212.76910400390625,0,7875.0100708007812,-5605.401123046875
137.70000000000002,e1008,755.2034,17.7803078,1298.25134,0,0,0.1,72.51887,0,449.953064,212.77793884277344,0,7874.1109008789062,-5613.0565185546875
137.75,e1008,756.091248,17.77808,1299.14209,0,0,0.1,72.51887,8.520696E-11,449.953064,212.88792419433594,0,7873.2099609375,-5613.0565185546875
137.8,e1008,756.9786,17.775959,1300.03284,0,0,0.1,72.51887,0,449.953064,212.795654296875,0,7872.289306640625,-5613.0477905273437
137.85,e1008,757.865662,17.7738285,1300.92346,0,0,0.1,72.51887,8.3276025E-11,449.953064,212.80447387695312,0,7871.3880004882812,-5613.0503540039062
137.9,e1008,758.752563,17.7717075,1301.814,0,0,0.1,72.51887,0,449.953064,212.50987243652344,0,7870.4850463867187,-5613.451904296875
137.95000000000002,e1008,759.6394,17.7695866,1302.70435,0,0,0.1,72.51887,8.138885E-11,449.953064,212.41757202148437,0,7869.5842895507812,-5611.429931640625
138,e1008,760.526062,17.7675056,1303.5946,0,0,0.1,72.51887,0,449.953064,212.42637634277344,0,7868.6830444335937,-5611.7440185546875
138.05,e1008,761.414063,17.7652721,1304.48315,0,0,0.1,72.51887,7.954443E-11,449.953064,212.38461303710937,0,7867.7881469726562,-5646.2066040039062
138.1,e1008,762.3025,17.7567558,1305.37158,0,0,0.1,72.51887,0,449.953064,212.44403076171875,0,7866.8660888671875,-5686.8893737792969
138.15,e1008,763.190552,17.7543736,1306.25964,0,0,0.1,72.51887,7.774181E-11,449.953064,-1280.3380126953125,0,7866.4332275390625,-5727.6765594482422
138.20000000000002,e1008,764.078247,17.7521667,1307.14734,0,0,0.1,72.51887,0,449.953064,-101.38191223144531,0,7865.4322509765625,-5768.4435119628906
138.25,e1008,764.9658,17.7492027,1308.03491,0,0,0.1,72.51887,7.598004E-11,449.953064,77.242355346679688,0,7864.5009765625,-5809.2890472412109
138.3,e1008,765.8532,17.7470379,1308.92236,0,0,0.1,72.51887,0,449.953064,0,0,7863.6461791992187,-5850.0596466064453
138.35,e1008,766.7405,17.744051,1309.80969,0,0,0.1,72.51887,7.42582038E-11,449.953064,133.17829895019531,0,7862.7232666015625,-5890.8338623046875
138.4,e1008,767.627563,17.7418671,1310.6969,0,0,0.1,72.51887,0,449.953064,0,0,7861.8682250976562,-5932.0075378417969
138.45000000000002,e1008,768.5146,17.73942,1311.584,0,0,0.1,72.51887,7.25753763E-11,449.953064,134.4093017578125,0,7860.9406127929687,-5972.2975463867187
138.5,e1008,769.4015,17.7372246,1312.47083,0,0,0.1,72.51887,0,449.953064,71.801589965820312,0,7860.0413818359375,-6013.0547180175781
138.55,e1008,770.2882,17.7347546,1313.35754,0,0,0.1,72.51887,7.093069E-11,449.953064,189.63270568847656,0,7859.1149291992187,-6053.6511535644531
138.6,e1008,771.174866,17.73255,1314.24414,0,0,0.1,72.51887,0,449.953064,78.263954162597656,0,7858.2149658203125,-6094.5068969726562
138.65,e1008,772.06134,17.7303429,1315.13062,0,0,0.1,72.51887,6.932327E-11,449.953064,190.80909729003906,0,7857.284912109375,-6135.1895751953125
138.70000000000002,e1008,772.947754,17.7281284,1316.017,0,0,0.1,72.51887,0,449.953064,209.02728271484375,0,7856.3610229492187,-6175.9747314453125
138.75,e1008,773.8341,17.7259064,1316.90332,0,0,0.1,72.51887,6.775228E-11,449.953064,211.95307922363281,0,7855.4359130859375,-6218.2691040039062
138.8,e1008,774.720337,17.7236786,1317.78955,0,0,0.1,72.51887,0,449.953064,212.28228759765625,0,7854.5087280273437,-6256.9414672851562
138.85,e1008,775.606445,17.72144,1318.67566,0,0,0.1,72.51887,6.621689E-11,449.953064,212.40916442871094,0,7853.5794067382812,-6256.853271484375
138.9,e1008,776.492432,17.7192,1319.56165,0,0,0.1,72.51887,0,449.953064,212.36404418945312,0,7852.6484985351562,-6256.9421997070312
138.95000000000002,e1008,777.378357,17.71696,1320.44751,0,0,0.1,72.51887,6.47163E-11,449.953064,212.41334533691406,0,7851.71728515625,-6256.9423217773437
139,e1008,778.26416,17.7147217,1321.33325,0,0,0.1,72.51887,0,449.953064,212.42219543457031,0,7850.7861938476562,-6256.945068359375
139.05,e1008,779.149841,17.7124844,1322.21887,0,0,0.1,72.51887,6.324972E-11,449.953064,212.39056396484375,0,7849.855224609375,-6256.86669921875
139.1,e1008,780.035461,17.7102451,1323.10437,0,0,0.1,72.51887,0,449.953064,212.0755615234375,0,7848.9246215820312,-6255.3385620117187
139.15,e1008,780.920959,17.7080078,1323.98975,0,0,0.1,72.51887,6.181637E-11,449.953064,212.02360534667969,0,7847.9942626953125,-6255.3263549804687
139.20000000000002,e1008,781.806335,17.7057686,1324.875,0,0,0.1,72.51887,0,449.953064,212.01217651367187,0,7847.0641479492187,-6255.3226318359375
139.25,e1008,782.6916,17.7035332,1325.76013,0,0,0.1,72.51887,6.04155E-11,449.953064,212.02101135253906,0,7846.1341552734375,-6255.720947265625
139.3,e1008,783.5768,17.7012959,1326.64514,0,0,0.1,72.51887,0,449.953064,211.98934936523437,0,7845.203857421875,-6255.319091796875
139.35,e1008,784.461853,17.69906,1327.53,0,0,0.1,72.51887,5.904638E-11,449.953064,211.9981689453125,0,7844.2742309570312,-6255.328125
139.4,e1008,785.346863,17.6968212,1328.41479,0,0,0.1,72.51887,0,449.953064,211.99180603027344,0,7843.3450317382812,-6255.724365234375
139.45000000000002,e1008,786.2317,17.6945858,1329.29956,0,0,0.1,72.51887,5.77082826E-11,449.953064,212.00062561035156,0,7842.4152221679687,-6255.3341674804687
139.5,e1008,787.1165,17.69235,1330.1842,0,0,0.1,72.51887,0,449.953064,211.98414611816406,0,7841.48583984375,-6255.6414794921875
139.55,e1008,788.00116,17.6901131,1331.06873,0,0,0.1,72.51887,5.640051E-11,449.953064,211.99296569824219,0,7840.5562744140625,-6255.3374633789062
139.6,e1008,788.885742,17.6878777,1331.95313,0,0,0.1,72.51887,0,449.953064,212.00178527832031,0,7839.6273193359375,-6255.3226928710937
139.65,e1008,789.7702,17.6856422,1332.8374,0,0,0.1,72.51887,5.512238E-11,449.953064,211.98529052734375,0,7838.6982421875,-6255.3422241210937
139.70000000000002,e1008,790.654541,17.6834068,1333.72156,0,0,0.1,72.51887,0,449.953064,211.99411010742187,0,7837.7691040039062,-6255.3201904296875
139.75,e1008,791.5388,17.68117,1334.60559,0,0,0.1,72.51887,5.38732045E-11,449.953064,211.97761535644531,0,7836.8400268554687,-6255.3260498046875
139.8,e1008,792.423,17.6789341,1335.4895,0,0,0.1,72.51887,0,449.953064,211.68266296386719,0,7835.91162109375,-6255.3309326171875
139.85,e1008,793.307,17.6766987,1336.37329,0,0,0.1,72.51887,5.26523443E-11,449.953064,211.56488037109375,0,7834.9832763671875,-6255.327392578125
139.9,e1008,794.1909,17.6744633,1337.257,0,0,0.1,72.51887,0,449.953064,211.48086547851562,0,7834.054443359375,-6256.9588623046875
139.95000000000002,e1008,795.074768,17.6722279,1338.1405,0,0,0.1,72.51887,5.145915E-11,449.953064,211.5909423828125,0,7833.1265258789062,-6256.9484252929687
140,e1008,795.958557,17.6699924,1339.02393,0,0,0.1,72.51887,0,449.953064,211.56597900390625,0,7832.1983032226562,-6256.9539794921875
140.05,e1008,796.842163,17.6677589,1339.90723,0,0,0.1,72.51887,5.0293E-11,449.953064,211.60853576660156,0,7831.2702026367187,-6256.8665161132812
140.1,e1008,797.7257,17.6655235,1340.79041,0,0,0.1,72.51887,0,449.953064,211.54981994628906,0,7830.3424072265625,-6256.9439697265625
140.15,e1008,798.609131,17.6632881,1341.67346,0,0,0.1,72.51887,4.91532683E-11,449.953064,211.59242248535156,0,7829.4144897460937,-6256.9501953125
140.20000000000002,e1008,799.492432,17.6610527,1342.55652,0,0,0.1,72.51887,0,449.953064,211.56744384765625,0,7828.4866333007812,-6257.34619140625
140.25,e1008,800.3757,17.6588173,1343.43945,0,0,0.1,72.51887,4.80393676E-11,449.953064,211.61004638671875,0,7827.5592041015625,-6255.3367919921875
140.3,e1008,801.2588,17.6565838,1344.32227,0,0,0.1,72.51887,0,449.953064,211.5850830078125,0,7826.6315307617187,-6255.3375244140625
140.35,e1008,802.141846,17.6543484,1345.205,0,0,0.1,72.51887,4.69507072E-11,449.953064,211.56010437011719,0,7825.7041625976562,-6255.3338012695312
140.4,e1008,803.0247,17.652113,1346.08752,0,0,0.1,72.51887,0,449.953064,210.82597351074219,0,7824.7767944335937,-6255.25341796875
140.45000000000002,e1008,803.907532,17.6498814,1346.97,0,0,0.1,72.51887,4.5886718E-11,449.953064,211.4932861328125,0,7823.8497924804687,-6255.3235473632812
140.5,e1008,804.7903,17.647646,1347.85229,0,0,0.1,72.51887,0,449.953064,211.19818115234375,0,7822.9227905273437,-6255.2276611328125
140.55,e1008,805.672852,17.6454144,1348.7345,0,0,0.1,72.51887,4.484684E-11,449.953064,211.15629577636719,0,7821.9959716796875,-6255.3378295898437
140.6,e1008,806.555359,17.6431789,1349.61658,0,0,0.1,72.51887,0,449.953064,211.16506958007812,0,7821.0698852539062,-6255.3316040039062
140.65,e1008,807.437744,17.6409473,1350.49854,0,0,0.1,72.51887,4.38305364E-11,449.953064,211.17385864257812,0,7820.1435546875,-6255.330810546875
140.70000000000002,e1008,808.320068,17.6387138,1351.38037,0,0,0.1,72.51887,0,449.953064,211.18267822265625,0,7819.21728515625,-6255.336669921875
140.75,e1008,809.2023,17.63648,1352.26208,0,0,0.1,72.51887,4.2837258E-11,449.953064,211.14079284667969,0,7818.2908935546875,-6255.3367919921875
140.8,e1008,810.084351,17.6342487,1353.14368,0,0,0.1,72.51887,0,449.953064,211.14958190917969,0,7817.3646850585937,-6255.246826171875
140.85,e1008,810.9664,17.6320171,1354.02515,0,0,0.1,72.51887,4.186649E-11,449.953064,211.15837097167969,0,7816.43896484375,-6255.3214111328125
140.9,e1008,811.848267,17.6297817,1354.90649,0,0,0.1,72.51887,0,449.953064,185.87971496582031,0,7815.5132446289062,-6255.3333129882812
140.95000000000002,e1008,812.730042,17.62755,1355.78784,0,0,0.1,72.51887,4.091772E-11,449.953064,232.2073974609375,0,7814.5858764648437,-6255.3399047851562
141,e1008,813.6117,17.6253185,1356.66907,0,0,0.1,72.51887,0,449.953064,214.47904968261719,0,7813.6619262695312,-6255.3198852539062
141.05,e1008,814.4933,17.6230869,1357.55017,0,0,0.1,72.51887,3.99904519E-11,449.953064,211.59904479980469,0,7812.7365112304687,-6256.8676147460937
141.1,e1008,815.374756,17.6208534,1358.43115,0,0,0.1,72.51887,0,449.953064,210.84759521484375,0,7811.8111572265625,-6257.3353271484375
141.15,e1008,816.256165,17.6186218,1359.312,0,0,0.1,72.51887,3.90841977E-11,449.953064,211.10978698730469,0,7810.8857421875,-6256.9540405273437
141.20000000000002,e1008,817.1374,17.61639,1360.19275,0,0,0.1,72.51887,0,449.953064,210.86517333984375,0,7809.9608764648437,-6256.951904296875
141.25,e1008,818.018555,17.6141586,1361.07336,0,0,0.1,72.51887,3.819848E-11,449.953064,210.77255249023437,0,7809.0362548828125,-6256.9484252929687
141.3,e1008,818.899658,17.611927,1361.95386,0,0,0.1,72.51887,0,449.953064,210.78134155273437,0,7808.1116943359375,-6256.9486694335937
141.35,e1008,819.78064,17.6096973,1362.83423,0,0,0.1,72.51887,3.733283E-11,449.953064,210.73944091796875,0,7807.186767578125,-6257.268798828125
141.4,e1008,820.661438,17.6074657,1363.71448,0,0,0.1,72.51887,0,449.953064,210.74821472167969,0,7806.2623291015625,-6255.3880615234375
141.45000000000002,e1008,821.542236,17.6052341,1364.5946,0,0,0.1,72.51887,3.64868066E-11,449.953064,210.75698852539062,0,7805.3380126953125,-6255.3887939453125
141.5,e1008,822.422852,17.6030025,1365.47461,0,0,0.1,72.51887,0,449.953064,210.76576232910156,0,7804.4137573242187,-6255.7719116210937
141.55,e1008,823.3034,17.6007729,1366.35449,0,0,0.1,72.51887,3.56599472E-11,449.953064,210.77456665039062,0,7803.4898071289062,-6255.3861083984375
141.6,e1008,824.1839,17.5985432,1367.23425,0,0,0.1,72.51887,0,449.953064,210.78335571289062,0,7802.5655517578125,-6255.382568359375
141.65,e1008,825.0642,17.59631,1368.114,0,0,0.1,72.51887,3.485183E-11,449.953064,210.79214477539062,0,7801.6414794921875,-6255.3975219726562
141.70000000000002,e1008,825.944458,17.5940819,1368.99365,0,0,0.1,72.51887,0,449.953064,210.69953918457031,0,7800.7174072265625,-6255.3771362304687
141.75,e1008,826.8246,17.59185,1369.87317,0,0,0.1,72.51887,3.40620275E-11,449.953064,210.70829772949219,0,7799.7937622070312,-6255.7813720703125
141.8,e1008,827.704651,17.58962,1370.75256,0,0,0.1,72.51887,0,449.953064,210.81854248046875,0,7798.8698120117187,-6255.7744140625
141.85,e1008,828.5846,17.58739,1371.63184,0,0,0.1,72.51887,3.329012E-11,449.953064,210.42158508300781,0,7797.9470825195312,-6255.3037719726562
141.9,e1008,829.4644,17.5851612,1372.511,0,0,0.1,72.51887,0,449.953064,210.27822875976562,0,7797.02392578125,-6255.3936157226562
141.95000000000002,e1008,830.3441,17.5829334,1373.39,0,0,0.1,72.51887,3.25357068E-11,449.953064,210.33767700195312,0,7796.1011352539062,-6255.38623046875
142,e1008,831.223755,17.5807056,1374.26892,0,0,0.1,72.51887,0,449.953064,210.34648132324219,0,7795.178466796875,-6255.3743896484375
142.05,e1008,832.1033,17.578476,1375.14771,0,0,0.1,72.51887,3.179839E-11,449.953064,210.30450439453125,0,7794.2554321289062,-6255.3814697265625
142.1,e1008,832.9827,17.57625,1376.02637,0,0,0.1,72.51887,0,449.953064,210.364013671875,0,7793.3330078125,-6255.2877807617187
142.15,e1008,833.862,17.5740223,1376.90491,0,0,0.1,72.51887,3.10777827E-11,449.953064,210.32203674316406,0,7792.4114990234375,-6255.3681640625
142.20000000000002,e1008,834.7412,17.5717945,1377.78333,0,0,0.1,72.51887,0,449.953064,210.33084106445312,0,7791.4887084960937,-6257.349609375
142.25,e1008,835.620361,17.5695629,1378.66162,0,0,0.1,72.51887,3.03735E-11,449.953064,210.33958435058594,0,7790.566162109375,-6256.95947265625
142.3,e1008,836.4993,17.5673332,1379.53979,0,0,0.1,72.51887,0,449.953064,210.29763793945312,0,7789.6439819335937,-6257.3311157226562
142.35,e1008,837.378235,17.5651054,1380.41785,0,0,0.1,72.51887,2.968518E-11,449.953064,210.357177734375,0,7788.7217407226562,-6256.8663330078125
142.4,e1008,838.2571,17.5628777,1381.2959,0,0,0.1,72.51887,0,449.953064,210.315185546875,0,7787.7994995117187,-6256.9459228515625
142.45000000000002,e1008,839.135742,17.5606518,1382.17383,0,0,0.1,72.51887,2.90124643E-11,449.953064,210.323974609375,0,7786.8779907226562,-6256.9474487304687
142.5,e1008,840.014343,17.5584221,1383.05164,0,0,0.1,72.51887,0,449.953064,210.07904052734375,0,7785.9566040039062,-6256.8605346679687
142.55,e1008,840.8929,17.5561962,1383.92932,0,0,0.1,72.51887,2.835499E-11,449.953064,209.93556213378906,0,7785.0357055664062,-6255.3355102539062
142.6,e1008,841.77124,17.5539684,1384.80688,0,0,0.1,72.51887,0,449.953064,209.89356994628906,0,7784.1145629882812,-6255.3287353515625
142.65,e1008,842.649536,17.55174,1385.68433,0,0,0.1,72.51887,2.77124157E-11,449.953064,209.90231323242187,0,7783.193603515625,-6255.338623046875
142.70000000000002,e1008,843.5277,17.5495148,1386.56165,0,0,0.1,72.51887,0,449.953064,209.96182250976563,0,7782.2730712890625,-6255.7183227539062
142.75,e1008,844.4058,17.547287,1387.43884,0,0,0.1,72.51887,2.70844E-11,449.953064,209.91984558105469,0,7781.3519897460937,-6255.6323852539062
142.8,e1008,845.2838,17.5450611,1388.31592,0,0,0.1,72.51887,0,449.953064,209.87786865234375,0,7780.4314575195312,-6255.239013671875
142.85,e1008,846.1617,17.5428333,1389.19287,0,0,0.1,72.51887,2.647062E-11,449.953064,209.93734741210937,0,7779.510986328125,-6255.3475341796875
142.9,e1008,847.0394,17.5406075,1390.0697,0,0,0.1,72.51887,0,449.953064,209.89537048339844,0,7778.5906372070312,-6255.32421875
142.95000000000002,e1008,847.9171,17.53838,1390.94641,0,0,0.1,72.51887,2.58707483E-11,449.953064,209.90412902832031,0,7777.6704711914062,-6255.3471069335937
143,e1008,848.7947,17.5361519,1391.823,0,0,0.1,72.51887,0,449.953064,209.96365356445312,0,7776.7500610351562,-6255.7255859375
143.05,e1008,849.6722,17.533926,1392.69946,0,0,0.1,72.51887,2.528447E-11,449.953064,209.92166137695312,0,7775.8297119140625,-6255.3328247070312
143.1,e1008,850.549561,17.5316982,1393.57593,0,0,0.1,72.51887,0,449.953064,209.93040466308594,0,7774.9095458984375,-6255.3250122070312
143.15,e1008,851.4268,17.5294743,1394.45227,0,0,0.1,72.51887,2.47114829E-11,449.953064,209.93919372558594,0,7773.989990234375,-6255.7215576171875
143.20000000000002,e1008,852.303955,17.52725,1395.32849,0,0,0.1,72.51887,0,449.953064,209.59254455566406,0,7773.0706787109375,-6255.3448486328125
143.25,e1008,853.181,17.5250244,1396.20459,0,0,0.1,72.51887,2.41514742E-11,449.953064,209.85520935058594,0,7772.1512451171875,-6255.3168334960937
143.3,e1008,854.058,17.5227985,1397.08057,0,0,0.1,72.51887,0,449.953064,209.61004638671875,0,7771.2322998046875,-6255.3303833007812
143.35,e1008,854.9348,17.5205727,1397.95642,0,0,0.1,72.51887,2.36041586E-11,449.953064,209.51724243164062,0,7770.3133544921875,-6256.8604736328125
143.4,e1008,855.8116,17.5183468,1398.83215,0,0,0.1,72.51887,0,449.953064,209.47518920898437,0,7769.3941650390625,-6257.3546142578125
143.45000000000002,e1008,856.688232,17.5161228,1399.70776,0,0,0.1,72.51887,2.306925E-11,449.953064,209.48396301269531,0,7768.4749145507812,-6256.9431762695312
143.5,e1008,857.5648,17.5138988,1400.58325,0,0,0.1,72.51887,0,449.953064,209.54350280761719,0,7767.5562744140625,-6256.9462890625
143.55,e1008,858.4412,17.5116882,1401.45862,0,0,0.1,72.51887,2.254646E-11,449.953064,209.50146484375,0,7766.63720703125,-6256.96533203125
143.6,e1008,859.3174,17.5110149,1402.33386,0,0,0.1,72.51887,0,449.953064,216.82403564453125,0,7765.717529296875,-6256.9555053710937
143.65,e1008,860.193359,17.5088425,1403.209,0,0,0.1,72.51887,2.20355158E-11,449.953064,588.93463134765625,0,7764.6874389648437,-6256.8630981445312
143.70000000000002,e1008,861.0693,17.5066414,1404.084,0,0,0.1,72.51887,0,449.953064,302.09335327148437,0,7763.7923583984375,-6255.38671875
143.75,e1008,861.9451,17.5044365,1404.959,0,0,0.1,72.51887,2.15361513E-11,449.953064,242.73114013671875,0,7762.8787231445312,-6255.7691040039062
143.8,e1008,862.8208,17.50223,1405.83386,0,0,0.1,72.51887,0,449.953064,223.80560302734375,0,7761.9618530273437,-6255.3784790039062
143.85,e1008,863.6964,17.5000229,1406.70862,0,0,0.1,72.51887,2.10481042E-11,449.953064,219.27651977539062,0,7761.0437622070312,-6255.3777465820312
143.9,e1008,864.57196,17.4978161,1407.58325,0,0,0.1,72.51887,0,449.953064,218.40519714355469,0,7760.1257934570312,-6255.3784790039062
143.95000000000002,e1008,865.4473,17.49561,1408.45776,0,0,0.1,72.51887,2.05711177E-11,449.953064,218.2451171875,0,7759.2075805664062,-6255.3841552734375
144,e1008,866.322632,17.4934025,1409.33215,0,0,0.1,72.51887,0,449.953064,218.25442504882812,0,7758.28955078125,-6255.396240234375
144.05,e1008,867.1978,17.4911938,1410.20642,0,0,0.1,72.51887,2.01049385E-11,449.953064,218.22987365722656,0,7757.3715209960937,-6255.3655395507812
144.1,e1008,868.0729,17.4889889,1411.08057,0,0,0.1,72.51887,0,449.953064,218.23916625976562,0,7756.4535522460937,-6255.3871459960937
144.15,e1008,868.9479,17.4867821,1411.95459,0,0,0.1,72.51887,1.96493256E-11,449.953064,218.214599609375,0,7755.5358276367187,-6255.3753051757813
144.20000000000002,e1008,869.822754,17.4845772,1412.82849,0,0,0.1,72.51887,0,449.953064,218.22392272949219,0,7754.6182250976562,-6255.3887939453125
144.25,e1008,870.6975,17.48237,1413.70227,0,0,0.1,72.51887,1.92040359E-11,449.953064,217.92826843261719,0,7753.7010498046875,-6255.2982177734375
144.3,e1008,871.5722,17.4801636,1414.57593,0,0,0.1,72.51887,0,449.953064,217.83592224121094,0,7752.783935546875,-6255.390869140625
144.35,e1008,872.4468,17.4779568,1415.44946,0,0,0.1,72.51887,1.87688389E-11,449.953064,217.81134033203125,0,7751.8668212890625,-6255.3873291015625
144.4,e1008,873.3212,17.4757519,1416.32288,0,0,0.1,72.51887,0,449.953064,217.82060241699219,0,7750.9497680664062,-6255.2063598632812
144.45000000000002,e1008,874.195557,17.473547,1417.19629,0,0,0.1,72.51887,1.83435038E-11,449.953064,217.82992553710937,0,7750.0328979492187,-6255.3851928710937
144.5,e1008,875.0698,17.4713421,1418.06958,0,0,0.1,72.51887,0,449.953064,217.77142333984375,0,7749.116455078125,-6256.9620361328125
144.55,e1008,875.944,17.4691372,1418.94275,0,0,0.1,72.51887,1.79278085E-11,449.953064,217.84849548339844,0,7748.1998291015625,-6256.9562377929687
144.6,e1008,876.818,17.46693,1419.8158,0,0,0.1,72.51887,0,449.953064,217.79000854492188,0,7747.2833251953125,-6256.9317626953125
144.65,e1008,877.691956,17.4647274,1420.68872,0,0,0.1,72.51887,1.75215328E-11,449.953064,217.79927062988281,0,7746.366943359375,-6256.94140625
144.70000000000002,e1008,878.5658,17.4625225,1421.56152,0,0,0.1,72.51887,0,449.953064,217.80859375,0,7745.4506225585937,-6257.35302734375
144.75,e1008,879.439758,17.4603157,1422.4342,0,0,0.1,72.51887,1.71244633E-11,449.953064,217.81787109375,0,7744.5340576171875,-6256.96630859375
144.8,e1008,880.3133,17.45811,1423.30676,0,0,0.1,72.51887,0,449.953064,217.82717895507812,0,7743.618408203125,-6256.9511108398437
144.85,e1008,881.1868,17.4559059,1424.1792,0,0,0.1,72.51887,1.67363935E-11,449.953064,217.83645629882812,0,7742.7022705078125,-6257.3497924804687
144.9,e1008,882.0602,17.453701,1425.05151,0,0,0.1,72.51887,0,449.953064,217.81187438964844,0,7741.785888671875,-6256.9554443359375
144.95000000000002,e1008,882.933533,17.4514961,1425.92371,0,0,0.1,72.51887,1.6357117E-11,449.953064,217.75337219238281,0,7740.8703002929687,-6256.94287109375
145,e1008,883.8068,17.4492931,1426.79578,0,0,0.1,72.51887,0,449.953064,217.52534484863281,0,7739.9547119140625,-6256.9459838867187
145.05,e1008,884.6799,17.44709,1427.66772,0,0,0.1,72.51887,1.59864344E-11,449.953064,217.46682739257812,0,7739.0396118164062,-6257.3412475585937
145.1,e1008,885.552856,17.4448872,1428.53955,0,0,0.1,72.51887,0,449.953064,217.44219970703125,0,7738.1243286132812,-6256.94970703125
145.15,e1008,886.4257,17.4426823,1429.41138,0,0,0.1,72.51887,1.5624153E-11,449.953064,217.38368225097656,0,7737.2095336914062,-6256.8621215820312
145.20000000000002,e1008,887.2985,17.4404774,1430.28308,0,0,0.1,72.51887,0,449.953064,217.39292907714844,0,7736.2945556640625,-6256.9452514648437
145.25,e1008,888.1712,17.4382763,1431.15466,0,0,0.1,72.51887,1.52700821E-11,449.953064,217.40223693847656,0,7735.3795166015625,-6257.3456420898437
145.3,e1008,889.0438,17.43607,1432.02612,0,0,0.1,72.51887,0,449.953064,217.41151428222656,0,7734.4647216796875,-6256.9693603515625
145.35,e1008,889.9163,17.4338684,1432.89746,0,0,0.1,72.51887,1.49240325E-11,449.953064,217.38687133789062,0,7733.5499267578125,-6256.9673461914062
145.4,e1008,890.7887,17.4316654,1433.76868,0,0,0.1,72.51887,0,449.953064,217.39614868164062,0,7732.635498046875,-6256.8489379882812
145.45000000000002,e1008,891.6609,17.4294624,1434.63977,0,0,0.1,72.51887,1.45858273E-11,449.953064,217.40542602539062,0,7731.7210083007812,-6256.9577026367187
145.5,e1008,892.5331,17.4272575,1435.51074,0,0,0.1,72.51887,0,449.953064,217.41471862792969,0,7730.8067626953125,-6257.356689453125
145.55,e1008,893.405151,17.4250565,1436.38159,0,0,0.1,72.51887,1.42552871E-11,449.953064,217.39012145996094,0,7729.8922729492187,-6256.9522094726562
145.6,e1008,894.277039,17.4228535,1437.25232,0,0,0.1,72.51887,0,449.953064,217.39938354492187,0,7728.9781494140625,-6256.958984375
145.65,e1008,895.1489,17.42065,1438.12292,0,0,0.1,72.51887,1.39322364E-11,449.953064,217.06944274902344,0,7728.0643310546875,-6256.9558715820312
145.70000000000002,e1008,896.0207,17.4184475,1438.99341,0,0,0.1,72.51887,0,449.953064,216.97695922851562,0,7727.1507568359375,-6256.8673095703125
145.75,e1008,896.892334,17.4162464,1439.86377,0,0,0.1,72.51887,1.36165072E-11,449.953064,216.9862060546875,0,7726.2371215820312,-6256.9409790039062
145.8,e1008,897.7639,17.4140453,1440.73413,0,0,0.1,72.51887,0,449.953064,216.99546813964844,0,7725.323974609375,-6256.8701171875
145.85,e1008,898.6353,17.4118443,1441.60437,0,0,0.1,72.51887,1.33079329E-11,449.953064,217.00474548339844,0,7724.4107666015625,-6256.86376953125
145.9,e1008,899.5066,17.4096413,1442.47449,0,0,0.1,72.51887,0,449.953064,216.94615173339844,0,7723.49755859375,-6256.9490356445312
145.95000000000002,e1008,900.3778,17.40744,1443.34448,0,0,0.1,72.51887,1.300635E-11,449.953064,216.98936462402344,0,7722.5845336914062,-6256.9525146484375
146,e1008,901.248962,17.40524,1444.21436,0,0,0.1,72.51887,0,449.953064,216.99861145019531,0,7721.671630859375,-6257.3427124023437
146.05,e1008,902.12,17.4030476,1445.08411,0,0,0.1,72.51887,1.27116052E-11,449.953064,216.97395324707031,0,7720.759033203125,-6256.95068359375
146.1,e1008,902.990662,17.4023533,1445.95374,0,0,0.1,72.51887,0,449.953064,221.76814270019531,0,7719.8457641601562,-6256.9512939453125
146.15,e1008,903.861267,17.4002037,1446.82324,0,0,0.1,72.51887,1.24235362E-11,449.953064,582.33538818359375,0,7718.825927734375,-6256.8631591796875
146.20000000000002,e1008,904.73175,17.3980236,1447.69263,0,0,0.1,72.51887,0,449.953064,303.03945922851562,0,7717.9356079101562,-6256.9501342773437
146.25,e1008,905.6021,17.3958359,1448.56189,0,0,0.1,72.51887,1.21419966E-11,449.953064,244.95425415039062,0,7717.0286865234375,-6256.8787841796875
146.3,e1008,906.4725,17.3936443,1449.431,0,0,0.1,72.51887,0,449.953064,228.63941955566406,0,7716.117431640625,-6256.9500122070312
146.35,e1008,907.342651,17.3914585,1450.3,0,0,0.1,72.51887,1.18668382E-11,449.953064,223.83747863769531,0,7715.2053833007812,-6256.8619384765625
146.4,e1008,908.2127,17.3892689,1451.169,0,0,0.1,72.51887,0,449.953064,222.67601013183594,0,7714.2938232421875,-6256.966796875
146.45000000000002,e1008,909.082642,17.38708,1452.03784,0,0,0.1,72.51887,1.15979136E-11,449.953064,222.48194885253906,0,7713.382080078125,-6257.339599609375
146.5,e1008,909.952454,17.38489,1452.90662,0,0,0.1,72.51887,0,449.953064,222.38970947265625,0,7712.470458984375,-6256.8778076171875
146.55,e1008,910.822266,17.3827019,1453.77527,0,0,0.1,72.51887,1.13350848E-11,449.953064,222.39935302734375,0,7711.5586547851562,-6256.9537963867187
146.6,e1008,911.6919,17.3805141,1454.6438,0,0,0.1,72.51887,0,449.953064,222.383544921875,0,7710.6475830078125,-6256.9598999023437
146.65,e1008,912.561462,17.3783245,1455.51221,0,0,0.1,72.51887,1.10782113E-11,449.953064,222.36770629882812,0,7709.7362060546875,-6256.957275390625
146.70000000000002,e1008,913.4309,17.3761368,1456.38049,0,0,0.1,72.51887,0,449.953064,222.37733459472656,0,7708.8248291015625,-6257.340576171875
146.75,e1008,914.3002,17.3739471,1457.24866,0,0,0.1,72.51887,1.08271595E-11,449.953064,222.38694763183594,0,7707.9136352539062,-6256.9502563476562
146.8,e1008,915.1694,17.37176,1458.1167,0,0,0.1,72.51887,0,449.953064,222.39659118652344,0,7707.0026245117187,-6256.9619750976562
146.85,e1008,916.0386,17.3695717,1458.98462,0,0,0.1,72.51887,1.05817976E-11,449.953064,222.40621948242187,0,7706.0914916992187,-6257.34375
146.9,e1008,916.907532,17.367382,1459.85242,0,0,0.1,72.51887,0,449.953064,222.39039611816406,0,7705.1807250976562,-6256.9616088867187
146.95000000000002,e1008,917.7764,17.3651943,1460.72009,0,0,0.1,72.51887,1.03419946E-11,449.953064,222.37457275390625,0,7704.2696533203125,-6256.95947265625
147,e1008,918.645264,17.3630066,1461.58765,0,0,0.1,72.51887,0,449.953064,222.38420104980469,0,7703.3587646484375,-6256.938232421875
147.05,e1008,919.514038,17.36082,1462.45508,0,0,0.1,72.51887,1.01076257E-11,449.953064,222.39385986328125,0,7702.4482421875,-6256.9647216796875
147.1,e1008,920.382568,17.3586311,1463.32251,0,0,0.1,72.51887,0,449.953064,222.07232666015625,0,7701.538818359375,-6256.9652099609375
147.15,e1008,921.251038,17.3564453,1464.18982,0,0,0.1,72.51887,9.878569E-12,449.953064,221.98002624511719,0,7700.6286010742187,-6256.948974609375
147.20000000000002,e1008,922.119446,17.35426,1465.057,0,0,0.1,72.51887,0,449.953064,221.96415710449219,0,7699.7188720703125,-6256.8572387695312
147.25,e1008,922.9877,17.3520718,1465.92407,0,0,0.1,72.51887,9.654704E-12,449.953064,221.9737548828125,0,7698.8088989257812,-6256.9625244140625
147.3,e1008,923.855835,17.3498859,1466.791,0,0,0.1,72.51887,0,449.953064,221.98341369628906,0,7697.8993530273437,-6256.9509887695312
147.35,e1008,924.7239,17.3477,1467.65784,0,0,0.1,72.51887,9.435911E-12,449.953064,221.96754455566406,0,7696.989990234375,-6256.9434814453125
147.4,e1008,925.5919,17.3455143,1468.52454,0,0,0.1,72.51887,0,449.953064,221.97715759277344,0,7696.0802001953125,-6256.9517822265625
147.45000000000002,e1008,926.459839,17.3433266,1469.39111,0,0,0.1,72.51887,9.222078E-12,449.953064,221.9613037109375,0,7695.1707153320312,-6256.86572265625
147.5,e1008,927.3275,17.34114,1470.25757,0,0,0.1,72.51887,0,449.953064,221.97093200683594,0,7694.2618408203125,-6256.9562377929687
147.55,e1008,928.1951,17.3389549,1471.1239,0,0,0.1,72.51887,9.013089E-12,449.953064,221.98054504394531,0,7693.3526000976562,-6256.9500732421875
147.6,e1008,929.0627,17.3367672,1471.99011,0,0,0.1,72.51887,0,449.953064,221.96469116210937,0,7692.4434814453125,-6256.9403686523437
147.65,e1008,929.9301,17.3345814,1472.8562,0,0,0.1,72.51887,8.808836E-12,449.953064,221.92333984375,0,7691.5343627929687,-6256.8567504882812
147.70000000000002,e1008,930.7975,17.3323975,1473.72217,0,0,0.1,72.51887,0,449.953064,221.98397827148437,0,7690.6254272460937,-6257.3546142578125
147.75,e1008,931.664734,17.3302116,1474.58813,0,0,0.1,72.51887,8.60921143E-12,449.953064,221.66221618652344,0,7689.7171630859375,-6256.966796875
147.8,e1008,932.5318,17.3280258,1475.454,0,0,0.1,72.51887,0,449.953064,221.59536743164062,0,7688.8089599609375,-6256.9423828125
147.85,e1008,933.3988,17.3258419,1476.3197,0,0,0.1,72.51887,8.414112E-12,449.953064,221.55400085449219,0,7687.9006958007812,-6256.9500122070312
147.9,e1008,934.2657,17.3236561,1477.1853,0,0,0.1,72.51887,0,449.953064,221.56358337402344,0,7686.9925537109375,-6257.3386840820312
147.95000000000002,e1008,935.132568,17.3214722,1478.05078,0,0,0.1,72.51887,8.223433E-12,449.953064,221.57319641113281,0,7686.0845947265625,-6257.3474731445312
148,e1008,935.999268,17.3192883,1478.91614,0,0,0.1,72.51887,0,449.953064,221.58280944824219,0,7685.176513671875,-6256.954833984375
148.05,e1008,936.865845,17.3171024,1479.78137,0,0,0.1,72.51887,8.037075E-12,449.953064,221.51593017578125,0,7684.2686767578125,-6256.9668579101562
148.1,e1008,937.7322,17.31492,1480.64648,0,0,0.1,72.51887,0,449.953064,221.55104064941406,0,7683.3611450195312,-6257.2493896484375
148.15,e1008,938.5986,17.3127327,1481.51147,0,0,0.1,72.51887,7.854941E-12,449.953064,221.53515625,0,7682.4535522460937,-6257.355224609375
148.20000000000002,e1008,939.464844,17.31055,1482.37634,0,0,0.1,72.51887,0,449.953064,221.57026672363281,0,7681.5462646484375,-6256.9478149414062
148.25,e1008,940.331,17.30837,1483.24109,0,0,0.1,72.51887,7.676934E-12,449.953064,221.55438232421875,0,7680.6389770507812,-6256.9532470703125
148.3,e1008,941.1969,17.3075485,1484.10571,0,0,0.1,72.51887,0,449.953064,224.72625732421875,0,7679.731201171875,-6242.9360961914062
148.35,e1008,942.0627,17.305418,1484.97021,0,0,0.1,72.51887,7.502961E-12,449.953064,551.044921875,0,7678.7267456054687,-6242.9327392578125
148.4,e1008,942.928345,17.3032513,1485.83472,0,0,0.1,72.51887,0,449.953064,298.22781372070312,0,7677.84033203125,-6242.941162109375
148.45000000000002,e1008,943.7939,17.30108,1486.6991,0,0,0.1,72.51887,7.332931E-12,449.953064,245.03936767578125,0,7676.9386596679687,-6242.9417114257812
148.5,e1008,944.659363,17.2989082,1487.56335,0,0,0.1,72.51887,0,449.953064,230.31825256347656,0,7676.0343017578125,-6242.8468017578125
148.55,e1008,945.5247,17.2967358,1488.42749,0,0,0.1,72.51887,7.16675374E-12,449.953064,225.81306457519531,0,7675.1287231445312,-6242.9417724609375
148.6,e1008,946.389954,17.29456,1489.2915,0,0,0.1,72.51887,0,449.953064,225.0831298828125,0,7674.2227783203125,-6242.9353637695312
148.65,e1008,947.255066,17.292387,1490.1554,0,0,0.1,72.51887,7.00434242E-12,449.953064,224.99089050292969,0,7673.3170166015625,-6242.9403076171875
148.70000000000002,e1008,948.1201,17.2902145,1491.01917,0,0,0.1,72.51887,0,449.953064,224.51602172851562,0,7672.4114990234375,-6242.5458984375
148.75,e1008,948.985046,17.2880421,1491.88281,0,0,0.1,72.51887,6.84561175E-12,449.953064,224.47479248046875,0,7671.5057983398437,-6242.5584106445312
148.8,e1008,949.849854,17.2858677,1492.74634,0,0,0.1,72.51887,0,449.953064,224.484619140625,0,7670.6011352539062,-6242.9444580078125
148.85,e1008,950.7146,17.2836952,1493.60974,0,0,0.1,72.51887,6.69047847E-12,449.953064,224.44340515136719,0,7669.6959838867187,-6242.5597534179687
148.9,e1008,951.579163,17.2815247,1494.473,0,0,0.1,72.51887,0,449.953064,224.45323181152344,0,7668.7908935546875,-6242.4591674804687
148.95000000000002,e1008,952.4437,17.2793522,1495.33618,0,0,0.1,72.51887,6.53886E-12,449.953064,224.46304321289062,0,7667.8860473632812,-6256.5687255859375
149,e1008,953.3081,17.277132,1496.19922,0,0,0.1,72.51887,0,449.953064,224.47286987304687,0,7666.9812622070312,-6256.5623168945312
149.05,e1008,954.172363,17.27492,1497.06226,0,0,0.1,72.51887,6.39067748E-12,449.953064,237.65351867675781,0,7666.054931640625,-6256.947509765625
149.1,e1008,955.0365,17.2727051,1497.92517,0,0,0.1,72.51887,0,449.953064,238.67984008789062,0,7665.1302490234375,-6256.95458984375
149.15,e1008,955.9006,17.27049,1498.788,0,0,0.1,72.51887,6.24585366E-12,449.953064,238.80010986328125,0,7664.2061767578125,-6256.5723266601562
149.20000000000002,e1008,956.7645,17.2682781,1499.65063,0,0,0.1,72.51887,0,449.953064,238.60136413574219,0,7663.2823486328125,-6256.9468994140625
149.25,e1008,957.628357,17.2660675,1500.51318,0,0,0.1,72.51887,6.10431063E-12,449.953064,238.45364379882812,0,7662.359375,-6256.5557250976562
149.3,e1008,958.4921,17.2638569,1501.37561,0,0,0.1,72.51887,0,449.953064,238.40800476074219,0,7661.4364624023437,-6256.9611206054687
149.35,e1008,959.3558,17.2616444,1502.23792,0,0,0.1,72.51887,5.96597641E-12,449.953064,238.38787841796875,0,7660.5135498046875,-6256.5623779296875
149.4,e1008,960.219238,17.2594337,1503.1001,0,0,0.1,72.51887,0,449.953064,238.393310546875,0,7659.591064453125,-6253.732421875
149.45000000000002,e1008,961.0827,17.2572231,1503.96216,0,0,0.1,72.51887,5.8307764E-12,449.953064,238.37319946289062,0,7658.66845703125,-6253.7127075195312
149.5,e1008,961.946,17.2550144,1504.8241,0,0,0.1,72.51887,0,449.953064,238.212646484375,0,7657.7463989257812,-6253.6321411132812
149.55,e1008,962.809143,17.2528038,1505.68591,0,0,0.1,72.51887,5.69864078E-12,449.953064,238.1925048828125,0,7656.8248291015625,-6253.332275390625
149.6,e1008,963.672241,17.2505951,1506.54761,0,0,0.1,72.51887,0,449.953064,238.17239379882813,0,7655.9033813476562,-6253.73486328125
149.65,e1008,964.5352,17.2483845,1507.40918,0,0,0.1,72.51887,5.56949972E-12,449.953064,238.17779541015625,0,7654.98193359375,-6253.7142944335937
149.70000000000002,e1008,965.3981,17.2461758,1508.27075,0,0,0.1,72.51887,0,449.953064,238.18319702148437,0,7654.0604248046875,-6253.7334594726562
149.75,e1008,966.2608,17.2439632,1509.1322,0,0,0.1,72.51887,5.44328471E-12,449.953064,238.17582702636719,0,7653.1390380859375,-6253.6343383789063
149.8,e1008,967.1235,17.2417564,1509.99353,0,0,0.1,72.51887,0,449.953064,238.18124389648437,0,7652.2179565429687,-6253.71533203125
149.85,e1008,967.985962,17.2395458,1510.85474,0,0,0.1,72.51887,5.31993E-12,449.953064,238.1866455078125,0,7651.2969970703125,-6253.6273803710937
149.9,e1008,968.84845,17.23734,1511.71582,0,0,0.1,72.51887,0,449.953064,238.02604675292969,0,7650.3763427734375,-6253.6373291015625
149.95000000000002,e1008,969.7106,17.2363987,1512.57678,0,0,0.1,72.51887,5.199371E-12,449.953064,238.77214050292969,0,7649.455078125,-6253.7337646484375
150,e1008,970.572632,17.2342319,1513.43762,0,0,0.1,72.51887,0,449.953064,515.82781982421875,0,7648.4661865234375,-6253.7254028320312
150.05,e1008,971.4346,17.2320366,1514.29834,0,0.6,0.525,72.30306,5.081544E-12,449.953064,297.69989013671875,0,7647.562744140625,-6253.6387329101562
150.1,e1008,972.2963,17.2298317,1515.15894,0,0.6,0.525,72.07531,0,449.953064,251.3145751953125,0,7646.6461181640625,-6253.7310791015625
150.15,e1008,973.1581,17.2276268,1516.01941,0,0.6,0.525,71.82834,4.966387E-12,449.953064,241.51008605957031,0,7645.7265014648437,-6253.6376342773437
150.20000000000002,e1008,974.019653,17.22542,1516.87976,0,0.6,0.525,71.56871,0,449.953064,239.42062377929687,0,7644.8067016601562,-6256.7911376953125
150.25,e1008,974.881165,17.2232018,1517.74,0,0.6,0.525,71.30067,4.85383955E-12,449.953064,239.10675048828125,0,7643.8861694335937,-6256.9588623046875
150.3,e1008,975.742554,17.2209835,1518.60022,0,0.6,0.525,71.02692,0,449.953064,240.49197387695312,0,7642.9605102539062,-6256.8699340820312
150.35,e1008,976.60376,17.2187634,1519.46033,0,0.6,0.525,70.7492752,4.743843E-12,449.953064,240.93197631835937,0,7642.0341796875,-6250.2655639648437
150.4,e1008,977.464966,17.2165947,1520.32031,0,0.6,0.525,70.4689255,0,449.953064,241.05258178710937,0,7641.1083984375,-6250.1830444335937
150.45000000000002,e1008,978.326,17.2144222,1521.18018,0,0.6,0.525,70.18533,1.791216,449.953064,233.24174499511719,0,7640.203369140625,-6249.8854370117187
150.5,e1008,979.186951,17.2122517,1522.03992,0,0.6,0.525,69.89744,3.53329563,449.953064,230.97760009765625,0,7639.2981567382812,-6249.7868041992187
150.55,e1008,980.0478,17.21008,1522.89954,0,0.6,0.525,69.60893,4.0911684,449.953064,230.42562866210937,0,7638.392822265625,-6246.6451416015625
150.6,e1008,980.908569,17.2079067,1523.759,0,0.6,0.525,69.32088,4.499091,449.953064,230.33364868164062,0,7637.48779296875,-6246.6475219726562
150.65,e1008,981.769165,17.2057381,1524.61841,0,0.6,0.525,69.03318,4.73562145,449.953064,229.98605346679687,0,7636.5836181640625,-6247.0398559570312
150.70000000000002,e1008,982.6297,17.2035675,1525.47766,0,0.6,0.525,68.74574,4.89002562,449.953064,229.84292602539062,0,7635.6790161132812,-6247.13427734375
150.75,e1008,983.4901,17.2013969,1526.33679,0,0.6,0.525,68.45849,4.998747,449.953064,229.90426635742187,0,7634.7745971679687,-6246.7445678710937
150.8,e1008,984.3502,17.1986523,1527.1958,0,0.6,0.525,68.17137,7.73023558,449.953064,229.86337280273437,8790.3125,7633.8703002929687,-6246.6478271484375
150.85,e1008,985.2099,17.1954556,1528.05469,0,0.6,0.525,67.88441,10.44221,449.953064,0,16067.7509765625,7632.3872680664062,-6247.1246337890625
150.9,e1008,986.069031,17.1918888,1528.91345,0,0.6,0.525,67.5975342,13.0997009,449.953064,0,22200.52734375,7630.4080200195312,-6247.0379028320312
150.95000000000002,e1008,986.9274,17.1880035,1529.77222,0,0.6,0.525,67.31073,15.7043324,449.953064,0,27502.978515625,7628.02392578125,-6246.7473754882812
151,e1008,987.7851,17.18388,1530.63086,0,0.6,0.525,67.024,17.8610973,449.953064,0,31485.365234375,7625.2904052734375,-6253.63623046875
151.05,e1008,988.641968,17.1796627,1531.48938,0,0.6,0.525,66.7373352,18.7540665,449.953064,0,33050.64453125,7622.2947998046875,-6254.1133422851562
151.1,e1008,989.498,17.1733875,1532.34778,0,0.6,0.525,66.4507446,19.6793175,449.953064,0,43899.920776367188,7619.1981201171875,-6253.639404296875
151.15,e1008,990.353149,17.1644955,1533.20593,0,0.6,0.525,66.1642,20.6038837,449.953064,0,57333.349243164063,7615.4819946289062,-6253.5447998046875
151.20000000000002,e1008,991.2074,17.1541576,1534.0636,0,0.6,0.525,65.87959,21.5221786,449.953064,0,65201.95703125,7611.0021362304687,-6253.6345825195312
151.25,e1008,992.0607,17.1426239,1534.9209,0,0.6,0.525,65.59973,22.425312,449.953064,0,71833.59814453125,7606.0703125,-6253.64697265625
151.3,e1008,992.9131,17.1299171,1535.77759,0,0.6,0.525,65.32618,23.3083382,449.953064,0,78332.7900390625,7600.7566528320312,-6253.7228393554687
151.35,e1008,993.7646,17.1155376,1536.63367,0,0.6,0.525,65.0600357,24.1677818,449.953064,0,84697.87548828125,7595.0701293945312,-6256.8709106445312
151.4,e1008,994.6162,17.09197,1537.48914,0,0.6,0.525,64.80207,25.0011883,449.953064,0,90929.890625,7589.0559692382812,-6255.6378173828125
151.45000000000002,e1008,995.466858,17.0755329,1538.34387,0,0.6,0.525,64.55272,25.807148,449.953064,0,96561.90771484375,7583.23681640625,-6255.2571411132812
151.5,e1008,996.3166,17.0584831,1539.19775,0,0.6,0.525,64.31227,26.584734,449.953064,0,100250.634765625,7576.5391235351562,-6255.740478515625
151.55,e1008,997.1652,17.040884,1540.05078,0,0.6,0.525,64.08083,27.3335648,449.953064,0,103602.2978515625,7569.62939453125,-6255.2537231445312
151.6,e1008,998.0128,17.02281,1540.903,0,0.6,0.525,63.8584137,28.0536118,449.953064,0,106598.9345703125,7562.5288696289062,-6255.3493041992187
151.65,e1008,998.8594,17.0042763,1541.75427,0,0.6,0.525,63.6448975,28.7451782,449.953064,0,109465.4267578125,7555.2573852539062,-6255.260498046875
151.70000000000002,e1008,999.7049,16.98506,1542.60474,0,0.6,0.525,63.4401245,29.4087734,449.953064,0,112206.3642578125,7547.8231811523437,-6255.2562255859375
151.75,e1008,1000.55035,16.9583282,1543.45422,0,0.6,0.525,63.243866,30.0451031,449.953064,0,114825.607421875,7540.2505493164062,-6252.0250854492187
151.8,e1008,1001.39471,16.9382973,1544.30273,0,0.6,0.525,63.05588,30.6549,449.953064,0,117308.1806640625,7533.0160522460937,-6252.0100708007813
151.85,e1008,1002.238,16.9178886,1545.15027,0,0.6,0.525,62.87588,31.2390575,449.953064,0,119699.6328125,7525.156494140625,-6252.10693359375
151.9,e1008,1003.08008,16.8971138,1545.99683,0,0.6,0.525,62.70357,31.798521,449.953064,0,121984.900390625,7517.1636352539062,-6252.1012573242187
151.95000000000002,e1008,1003.92108,16.8759918,1546.84241,0,0.6,0.525,62.538662,32.33419,449.953064,0,124168.751953125,7509.0439453125,-6252.0230712890625
152,e1008,1004.761,16.854538,1547.687,0,0.6,0.525,62.38083,32.84707,449.953064,0,126256.1845703125,7500.803955078125,-6252.1197509765625
152.05,e1008,1005.59967,16.8326054,1548.53052,0,0.6,0.525,62.22979,33.3380775,449.953064,0,128251.7333984375,7492.4495239257812,-6252.0296630859375
152.1,e1008,1006.43805,16.8043919,1549.37292,0,0.6,0.525,62.08524,33.8081627,449.953064,0,130159.4755859375,7483.9962158203125,-6252.0145874023437
152.15,e1008,1007.27533,16.7818718,1550.21423,0,0.6,0.525,61.9469,34.2582054,449.953064,0,131965.1611328125,7475.8444213867187,-6252.0117797851563
152.20000000000002,e1008,1008.11133,16.7590771,1551.05444,0,0.6,0.525,61.81449,34.68911,449.953064,0,133710.546875,7467.1905517578125,-6252.0250854492187
152.25,e1008,1008.94623,16.7360172,1551.89355,0,0.6,0.525,61.68775,35.1017036,449.953064,0,135380.798828125,7458.443115234375,-6253.732421875
152.3,e1008,1009.77985,16.7127056,1552.73157,0,0.6,0.525,61.5664177,35.49681,449.953064,0,136979.630859375,7449.60693359375,-6253.6393432617188
152.35,e1008,1010.6123,16.6891537,1553.56848,0,0.6,0.525,61.45025,35.8752136,449.953064,0,138510.49609375,7440.6868286132812,-6253.6358032226562
152.4,e1008,1011.44348,16.6652889,1554.40417,0,0.6,0.525,61.3390236,36.2376328,449.953064,0,139976.705078125,7431.6868896484375,-6253.5457763671875
152.45000000000002,e1008,1012.27417,16.63599,1555.23877,0,0.6,0.525,61.2325058,36.58479,449.953064,0,141381.0830078125,7422.6149291992187,-6253.6240234375
152.5,e1008,1013.10364,16.6116982,1556.07214,0,0.6,0.525,61.1304855,36.91739,449.953064,0,142710.7783203125,7413.73095703125,-6253.7125854492187
152.55,e1008,1013.93182,16.5871773,1556.90442,0,0.6,0.525,61.03277,37.23604,449.953064,0,144194.6748046875,7404.5181884765625,-6253.7282104492187
152.6,e1008,1014.75873,16.5624332,1557.73547,0,0.6,0.525,60.9391632,37.54134,449.953064,0,145642.59375,7395.2293090820312,-6255.6390991210937
152.65,e1008,1015.58435,16.5374737,1558.56531,0,0.6,0.525,60.84949,37.8338966,449.953064,0,147032.66015625,7385.8660888671875,-6255.3448486328125
152.70000000000002,e1008,1016.40869,16.51231,1559.39392,0,0.6,0.525,60.7635765,38.114254,449.953064,0,148367.4453125,7376.4321899414062,-6255.2478637695312
152.75,e1008,1017.23181,16.486948,1560.22131,0,0.6,0.525,60.68125,38.38296,449.953064,0,149649.3740234375,7366.9312744140625,-6255.3486938476562
152.8,e1008,1018.05359,16.4614,1561.04749,0,0.6,0.525,60.60236,38.6405029,449.953064,0,150880.720703125,7357.36669921875,-6255.262451171875
152.85,e1008,1018.874,16.435667,1561.87244,0,0.6,0.525,60.5267525,38.8873825,449.953064,0,152063.7177734375,7347.7423095703125,-6255.3316040039062
152.9,e1008,1019.69318,16.4097614,1562.696,0,0.6,0.525,60.4542923,39.1240273,449.953064,0,153200.3671875,7338.0598754882812,-6255.247314453125
152.95000000000002,e1008,1020.511,16.383688,1563.51843,0,0.6,0.525,60.3848343,39.35091,449.953064,0,154292.787109375,7328.3231201171875,-6252.1198120117187
153,e1008,1021.32745,16.3573647,1564.3396,0,0.6,0.525,60.31825,39.5684433,449.953064,0,155342.857421875,7318.5347290039062,-6252.2019653320312
153.05,e1008,1022.14325,16.3267326,1565.15942,0,0.6,0.525,60.2544174,39.7770157,449.953064,0,156352.0166015625,7308.7026977539062,-6252.1249389648437
153.1,e1008,1022.95764,16.30006,1565.97791,0,0.6,0.525,60.19321,39.977047,449.953064,0,157306.498046875,7299.1072998046875,-6252.216796875
153.15,e1008,1023.77075,16.2731266,1566.79236,0,0.6,0.525,60.1345329,40.16884,449.953064,0,158239.4111328125,7289.1876831054687,-6252.2160034179687
153.20000000000002,e1008,1024.58289,16.2429981,1567.60449,0,0.6,0.525,60.0782623,40.35279,449.953064,0,159136.845703125,7279.2037353515625,-6252.6091918945312
153.25,e1008,1025.39368,16.2159138,1568.41528,0,0.6,0.525,60.0243034,40.52922,449.953064,0,159988.494140625,7269.3779907226562,-6252.5164184570312
153.3,e1008,1026.20313,16.1887035,1569.22473,0,0.6,0.525,59.9725533,40.6984329,449.953064,0,160819.09375,7259.3399658203125,-6252.1170654296875
153.35,e1008,1027.01123,16.1613636,1570.03284,0,0.6,0.525,59.92292,40.86076,449.953064,0,161618.5224609375,7249.2661743164062,-6252.2146606445312
153.4,e1008,1027.81787,16.1339111,1570.83948,0,0.6,0.525,59.8753166,41.0164642,449.953064,0,162388.0107421875,7239.1591796875,-6252.3034057617187
153.45000000000002,e1008,1028.62317,16.1063442,1571.64478,0,0.6,0.525,59.82965,41.165844,449.953064,0,163128.90234375,7229.0204467773437,-6252.2167358398437
153.5,e1008,1029.42712,16.0786667,1572.44873,0,0.6,0.525,59.7858429,41.309166,449.953064,0,163842.3642578125,7218.85205078125,-6253.8280029296875
153.55,e1008,1030.22974,16.0508862,1573.25122,0,0.6,0.525,59.7438278,41.44665,449.953064,0,164529.490234375,7208.6553344726562,-6253.624267578125
153.60000000000002,e1008,1031.03088,16.023,1574.05237,0,0.6,0.525,59.70351,41.57857,449.953064,0,165191.4453125,7198.4324951171875,-6253.7240600585937
153.65,e1008,1031.83057,15.995019,1574.85217,0,0.6,0.525,59.6648331,41.705162,449.953064,0,165829.32421875,7188.1851806640625,-6253.6433715820312
153.70000000000002,e1008,1032.62891,15.9669428,1575.65051,0,0.6,0.525,59.62775,41.82653,449.953064,0,166443.8046875,7177.9139404296875,-6253.8258056640625
153.75,e1008,1033.4259,15.9387751,1576.44751,0,0.6,0.525,59.59221,41.9429054,449.953064,0,167035.8974609375,7167.6207885742187,-6253.7369995117187
153.8,e1008,1034.22144,15.9105206,1577.243,0,0.6,0.525,59.5581,42.05457,449.953064,0,167606.65625,7157.306640625,-6253.7328491210937
153.85000000000002,e1008,1035.0155,15.88218,1578.03711,0,0.6,0.525,59.5253677,42.16172,449.953064,0,168157.029296875,7146.9732666015625,-6255.4251708984375
153.9,e1008,1035.80823,15.85376,1578.82983,0,0.6,0.525,59.4939346,42.264637,449.953064,0,168688.134765625,7136.621826171875,-6255.6556396484375
153.95000000000002,e1008,1036.59949,15.8252649,1579.62109,0,0.6,0.525,59.4663,42.35657,449.953064,0,169173.615234375,7126.25390625,-6255.3507080078125
154,e1008,1037.38928,15.7967463,1580.41089,0,0.6,0.525,59.4655838,42.3740768,449.953064,0,169348.625,7115.872314453125,-6255.3482666015625
154.05,e1008,1038.17773,15.7682171,1581.19934,0,0.6,0.525,59.4654846,42.3773,449.953064,0,169430.455078125,7105.4935913085937,-6255.253662109375
154.10000000000002,e1008,1038.9646,15.7396784,1581.98633,0,0.6,0.525,59.4654732,42.3778877,449.953064,0,169490.958984375,7095.124267578125,-6255.2548217773437
154.15,e1008,1039.75024,15.7111349,1582.77185,0,0.6,0.525,59.46547,42.3779945,449.953064,0,169547.333984375,7084.7649536132812,-6255.7413330078125
154.20000000000002,e1008,1040.5343,15.6825809,1583.556,0,0.6,0.525,59.46547,42.3780174,449.953064,0,169603.158203125,7074.416259765625,-6252.516357421875
154.25,e1008,1041.317,15.6540232,1584.33875,0,0.6,0.525,59.46547,42.3780174,449.953064,0,169658.955078125,7064.0773315429687,-6252.0152587890625
154.3,e1008,1042.09839,15.6254578,1585.12,0,0.6,0.525,59.46547,42.3780174,449.953064,0,169714.935546875,7053.7492065429687,-6252.0216674804687
154.35000000000002,e1008,1042.87817,15.5968857,1585.89978,0,0.6,0.525,59.46547,42.3780174,449.953064,0,169771.05078125,7043.4307861328125,-6252.1226806640625
154.4,e1008,1043.65662,15.568306,1586.67822,0,0.6,0.525,59.46547,42.3780174,449.953064,0,169827.33203125,7033.12353515625,-6252.1189575195312
154.45000000000002,e1008,1044.43359,15.53972,1587.4552,0,0.6,0.525,59.46547,42.3780174,449.953064,0,169883.779296875,7022.8259887695312,-6252.0294189453125
154.5,e1008,1045.20911,15.5111256,1588.23071,0,0.6,0.525,59.46547,42.3780174,449.953064,0,169940.400390625,7012.5386962890625,-6252.113037109375
154.55,e1008,1045.98328,15.4825268,1589.00488,0,0.6,0.525,59.46547,42.3780174,449.953064,0,169997.173828125,7002.2622680664062,-6252.3988647460937
154.60000000000002,e1008,1046.756,15.4539175,1589.77759,0,0.6,0.525,59.46547,42.3780174,449.953064,0,170054.11328125,6991.9960327148437,-6252.0215454101562
154.65,e1008,1047.52722,15.4253016,1590.54883,0,0.6,0.525,59.46547,42.3780174,449.953064,0,170111.21875,6981.73974609375,-6252.2161865234375
154.70000000000002,e1008,1048.29712,15.3966808,1591.3186,0,0.6,0.525,59.46547,42.3780174,449.953064,0,170168.498046875,6971.4939575195312,-6252.0137939453125
154.75,e1008,1049.06543,15.3680506,1592.087,0,0.6,0.525,59.46547,42.3780174,449.953064,0,170225.939453125,6961.2583618164062,-6253.7318725585937
154.8,e1008,1049.8324,15.3394146,1592.854,0,0.6,0.525,59.46547,42.3780174,449.953064,0,170283.544921875,6951.0333251953125,-6253.7066650390625
154.85000000000002,e1008,1050.598,15.3107691,1593.61951,0,0.6,0.525,59.46547,42.3780174,449.953064,0,170341.3359375,6940.8182983398437,-6254.0318603515625
154.9,e1008,1051.362,15.2821178,1594.38367,0,0.6,0.525,59.46547,42.3780174,449.953064,0,170399.294921875,6930.6137084960937,-6253.6350708007812
154.95000000000002,e1008,1052.12476,15.2534571,1595.14636,0,0.6,0.525,59.46547,42.3780174,449.953064,0,170457.41015625,6920.419189453125,-6253.466552734375
155,e1008,1052.886,15.2247915,1595.90759,0,0.6,0.525,59.46547,42.3780174,449.953064,0,170515.708984375,6910.2354125976562,-6253.7130126953125
155.05,e1008,1053.64575,15.1961193,1596.66736,0,0.6,0.525,59.46547,42.3780174,449.953064,0,170574.173828125,6900.0615234375,-6253.7294311523437
155.10000000000002,e1008,1054.40417,15.1674347,1597.42578,0,0.6,0.525,59.46547,42.3780174,449.953064,0,170632.81640625,6889.89794921875,-6253.6368408203125
155.15,e1008,1055.16113,15.1387463,1598.18274,0,0.6,0.525,59.46547,42.3780174,449.953064,0,170691.62890625,6879.7445068359375,-6257.260986328125
155.20000000000002,e1008,1055.91663,15.1100368,1598.93823,0,0.6,0.525,59.46547,42.3780174,449.953064,0,170750.615234375,6869.6012573242187,-6255.3058471679687
155.25,e1008,1056.67065,15.08133,1599.69226,0,0.6,0.525,59.46547,42.3780174,449.953064,0,170809.814453125,6859.464599609375,-6255.3843383789062
155.3,e1008,1057.42334,15.052619,1600.445,0,0.6,0.525,59.46547,42.3780174,449.953064,0,170869.173828125,6849.341552734375,-6255.6983032226562
155.35000000000002,e1008,1058.17456,15.0238972,1601.19617,0,0.6,0.525,59.46547,42.3780174,449.953064,0,170928.681640625,6839.2296142578125,-6255.4010620117187
155.4,e1008,1058.92432,14.9951706,1601.94592,0,0.6,0.525,59.46547,42.3780174,449.953064,0,170988.392578125,6829.1280517578125,-6255.3088989257812
155.45000000000002,e1008,1059.67261,14.9664364,1602.69421,0,0.6,0.525,59.46547,42.3780174,449.953064,0,171048.263671875,6819.0362548828125,-6255.29052734375
155.5,e1008,1060.41943,14.9376917,1603.441,0,0.6,0.525,59.46547,42.3780174,449.953064,0,171108.333984375,6808.9548950195312,-6255.3970947265625
155.55,e1008,1061.16492,14.9089422,1604.18652,0,0.6,0.525,59.46547,42.3780174,449.953064,0,171168.5703125,6798.8842163085937,-6252.2598876953125
155.60000000000002,e1008,1061.90894,14.8801861,1604.93054,0,0.6,0.525,59.46547,42.3780174,449.953064,0,171228.982421875,6788.8233032226562,-6252.3526611328125
155.65,e1008,1062.65149,14.8514185,1605.6731,0,0.6,0.525,59.46547,42.3780174,449.953064,0,171289.607421875,6778.7738037109375,-6252.1785278320312
155.70000000000002,e1008,1063.39258,14.8226461,1606.41418,0,0.6,0.525,59.46547,42.3780174,449.953064,0,171350.380859375,6768.733642578125,-6252.2572021484375
155.75,e1008,1064.13232,14.7938633,1607.15393,0,0.6,0.525,59.46547,42.3780174,449.953064,0,171411.36328125,6758.7039794921875,-6252.1716918945312
155.8,e1008,1064.87061,14.7650757,1607.89221,0,0.6,0.525,59.46547,42.3780174,449.953064,0,171472.521484375,6748.6849975585937,-6251.98828125
155.85000000000002,e1008,1065.60742,14.73628,1608.629,0,0.6,0.525,59.46547,42.3780174,449.953064,0,171533.87109375,6738.676513671875,-6252.2567749023437
155.9,e1008,1066.34277,14.7074738,1609.36438,0,0.6,0.525,59.46547,42.3780174,449.953064,0,171595.412109375,6728.6776733398437,-6252.2618408203125
155.95000000000002,e1008,1067.07666,14.6786633,1610.09827,0,0.6,0.525,59.46547,42.3780174,449.953064,0,171657.11328125,6718.689697265625,-6252.5504150390625
156,e1008,1067.8092,14.64984,1610.83081,0,0.6,0.525,59.46547,42.3780174,449.953064,0,171719.03515625,6708.7117919921875,-6252.5650024414062
156.05,e1008,1068.54028,14.6210108,1611.56189,0,0.6,0.525,59.46547,42.3780174,449.953064,0,171781.134765625,6698.7442016601562,-6252.0737915039062
156.10000000000002,e1008,1069.2699,14.5921764,1612.2915,0,0.6,0.525,59.46547,42.3780174,449.953064,0,171843.423828125,6688.7870483398437,-6253.718994140625
156.15,e1008,1069.998,14.5633307,1613.01965,0,0.6,0.525,59.46547,42.3780174,449.953064,0,171905.8984375,6678.8397216796875,-6253.80224609375
156.20000000000002,e1008,1070.72473,14.5344763,1613.74634,0,0.6,0.525,59.46547,42.3780174,449.953064,0,171968.58203125,6668.903076171875,-6253.8072509765625
156.25,e1008,1071.45007,14.5056152,1614.47168,0,0.6,0.525,59.46547,42.3780174,449.953064,0,172031.451171875,6658.9766845703125,-6254.1273193359375
156.3,e1008,1072.174,14.4767456,1615.19556,0,0.6,0.525,59.46547,42.3780174,449.953064,0,172094.51953125,6649.0607299804687,-6253.7236938476562
156.35000000000002,e1008,1072.89636,14.4478674,1615.918,0,0.6,0.525,59.46547,42.3780174,449.953064,0,172157.783203125,6639.155029296875,-6253.7354125976562
156.4,e1008,1073.61731,14.4189816,1616.63892,0,0.6,0.525,59.46547,42.3780174,449.953064,0,172221.25,6629.2590942382812,-6253.64404296875
156.45000000000002,e1008,1074.33679,14.3900843,1617.3584,0,0.6,0.525,59.46547,42.3780174,449.953064,0,172284.896484375,6619.3734741210937,-6253.8179321289062
156.5,e1008,1075.05481,14.3611822,1618.07642,0,0.6,0.525,59.46547,42.3780174,449.953064,0,172348.755859375,6609.4984741210937,-6256.867431640625
156.55,e1008,1075.77148,14.3322592,1618.793,0,0.6,0.525,59.46547,42.3780174,449.953064,0,172412.814453125,6599.6336059570312,-6255.6577758789062
156.60000000000002,e1008,1076.48657,14.3033381,1619.50818,0,0.6,0.525,59.46547,42.3780174,449.953064,0,172477.09375,6589.7754516601562,-6269.1497192382812
156.65,e1008,1077.20032,14.2744074,1620.22192,0,0.6,0.525,59.46547,42.3780174,449.953064,0,172541.552734375,6579.9313354492187,-6268.7559814453125
156.70000000000002,e1008,1077.9126,14.2454681,1620.9342,0,0.6,0.525,59.46547,42.3780174,449.953064,0,172606.234375,6570.0968627929687,-6268.8558959960937
156.75,e1008,1078.62341,14.2165213,1621.645,0,0.6,0.525,59.46547,42.3780174,449.953064,0,172671.10546875,6560.2725830078125,-6268.840576171875
156.8,e1008,1079.33276,14.1875668,1622.35437,0,0.6,0.525,59.46547,42.3780174,449.953064,0,172736.1796875,6550.459228515625,-6268.8423461914062
156.85000000000002,e1008,1080.04077,14.1586008,1623.06226,0,0.6,0.525,59.46547,42.3780174,449.953064,0,172801.451171875,6540.65625,-6268.8423461914062
156.9,e1008,1080.74719,14.12963,1623.76868,0,0.6,0.525,59.46547,42.3780174,449.953064,0,172866.943359375,6530.8628540039062,-6268.661376953125
156.95000000000002,e1008,1081.45227,14.1006479,1624.47375,0,0.6,0.525,59.46547,42.3780174,449.953064,0,172932.638671875,6521.0803833007812,-6269.2347412109375
157,e1008,1082.15588,14.0716572,1625.17737,0,0.6,0.525,59.46547,42.3780174,449.953064,0,172998.546875,6511.3084106445312,-6269.231689453125
157.05,e1008,1082.85791,14.0426617,1625.87952,0,0.6,0.525,59.46547,42.3780174,449.953064,0,173064.658203125,6501.5462036132812,-6268.8330688476562
157.10000000000002,e1008,1083.55859,14.0136547,1626.5802,0,0.6,0.525,59.46547,42.3780174,449.953064,0,173130.986328125,6491.7945556640625,-6268.7655639648438
157.15,e1008,1084.25793,13.9846354,1627.27942,0,0.6,0.525,59.46547,42.3780174,449.953064,0,173197.529296875,6482.0534057617187,-6268.7523193359375
157.20000000000002,e1008,1084.95569,13.9556112,1627.97717,0,0.6,0.525,59.46547,42.3780174,449.953064,0,173264.28125,6472.3220825195312,-6268.83251953125
157.25,e1008,1085.652,13.9265766,1628.67346,0,0.6,0.525,59.46547,42.3780174,449.953064,0,173331.232421875,6462.6012573242187,-6268.8560180664062
157.3,e1008,1086.34692,13.8975363,1629.36829,0,0.6,0.525,59.46547,42.3780174,449.953064,0,173398.43359375,6452.8909301757812,-6269.234375
157.35000000000002,e1008,1087.04028,13.8684835,1630.06177,0,0.6,0.525,59.46547,42.3780174,449.953064,0,173465.833984375,6443.1910400390625,-6268.8624877929687
157.4,e1008,1087.7323,13.8394232,1630.75378,0,0.6,0.525,59.46547,42.3780174,449.953064,0,173533.44921875,6433.5010986328125,-6255.346923828125
157.45000000000002,e1008,1088.42273,13.8103561,1631.44434,0,0.6,0.525,59.46547,42.3780174,449.953064,0,173601.294921875,6423.8214111328125,-6255.2594604492188
157.5,e1008,1089.11182,13.78128,1632.13342,0,0.6,0.525,59.46547,42.3780174,449.953064,0,173669.333984375,6414.1531372070312,-6255.7421264648437
157.55,e1008,1089.79944,13.7521954,1632.821,0,0.6,0.525,59.46547,42.3780174,449.953064,0,173737.607421875,6404.494873046875,-6256.8642578125
157.60000000000002,e1008,1090.4856,13.7231,1633.5072,0,0.6,0.525,59.46547,42.3780174,449.953064,0,173806.103515625,6394.8472900390625,-6256.868896484375
157.65,e1008,1091.17029,13.6939945,1634.19189,0,0.6,0.525,59.46547,42.3780174,449.953064,0,173874.822265625,6385.2098999023437,-6256.9573364257812
157.70000000000002,e1008,1091.85352,13.6648846,1634.87512,0,0.6,0.525,59.46547,42.3780174,449.953064,0,173943.779296875,6375.5819702148437,-6256.95751953125
157.75,e1008,1092.5354,13.6357594,1635.55688,0,0.6,0.525,59.46547,42.3780174,449.953064,0,174012.95703125,6365.9652709960937,-6256.86962890625
157.8,e1008,1093.2157,13.6066284,1636.23718,0,0.6,0.525,59.46547,42.3780174,449.953064,0,174082.353515625,6356.35888671875,-6256.9542846679687
157.85000000000002,e1008,1093.89453,13.577486,1636.916,0,0.6,0.525,59.46547,42.3780174,449.953064,0,174151.98828125,6346.7620849609375,-6256.8615112304687
157.9,e1008,1094.572,13.5483379,1637.59338,0,0.6,0.525,59.46547,42.3780174,449.953064,0,174221.830078125,6337.1759643554687,-6260.4601440429687
157.95000000000002,e1008,1095.24792,13.5191736,1638.26929,0,0.6,0.525,59.46547,42.3780174,449.953064,0,174291.93359375,6327.5997314453125,-6260.0689086914062
158,e1008,1095.92236,13.4900045,1638.94385,0,0.6,0.525,59.46547,42.3780174,449.953064,0,174362.240234375,6318.0337524414062,-6258.5087280273437
158.05,e1008,1096.59546,13.4608316,1639.617,0,0.6,0.525,59.46547,42.3780174,449.953064,0,174432.814453125,6308.4781494140625,-6258.3219604492187
158.10000000000002,e1008,1097.26709,13.4316492,1640.28857,0,0.6,0.525,59.46547,42.3780174,449.953064,0,174503.580078125,6298.9352416992187,-6258.5042114257813
158.15,e1008,1097.93713,13.4024591,1640.95874,0,0.6,0.525,59.46547,42.3780174,449.953064,0,174574.59375,6289.4027709960937,-6258.4998779296875
158.20000000000002,e1008,1098.60583,13.37326,1641.62744,0,0.6,0.525,59.46547,42.3780174,449.953064,0,174645.841796875,6279.8804321289062,-6258.9022827148437
158.25,e1008,1099.27307,13.3440485,1642.29468,0,0.6,0.525,59.46547,42.3780174,449.953064,0,174717.341796875,6270.36865234375,-6258.8984985351562
158.3,e1008,1099.93872,13.3148279,1642.96045,0,0.6,0.525,59.46547,42.3780174,449.953064,0,174789.05078125,6260.867431640625,-6258.5035400390625
158.35000000000002,e1008,1100.603,13.2856,1643.62476,0,0.6,0.525,59.46547,42.3780174,449.953064,0,174861.013671875,6251.3761596679687,-6258.5890502929687
158.4,e1008,1101.26587,13.256362,1644.2876,0,0.6,0.525,59.46547,42.3780174,449.953064,0,174933.228515625,6241.8953247070312,-6258.2208251953125
158.45000000000002,e1008,1101.92725,13.2271118,1644.949,0,0.6,0.525,59.46547,42.3780174,449.953064,0,175005.68359375,6232.4247436523437,-6258.5042724609375
158.5,e1008,1102.58716,13.1978531,1645.60889,0,0.6,0.525,59.46547,42.3780174,449.953064,0,175078.376953125,6222.9647216796875,-6258.5902099609375
158.55,e1008,1103.24561,13.1685858,1646.26733,0,0.6,0.525,59.46547,42.3780174,449.953064,0,175151.328125,6213.514404296875,-6258.8824462890625
158.60000000000002,e1008,1103.90247,13.1393061,1646.92432,0,0.6,0.525,59.46547,42.3780174,449.953064,0,175224.513671875,6204.0748291015625,-6258.5905151367187
158.65,e1008,1104.558,13.1100168,1647.57983,0,0.6,0.525,59.46547,42.3780174,449.953064,0,175297.951171875,6194.6458129882813,-6258.5908813476562
158.70000000000002,e1008,1105.212,13.08072,1648.23389,0,0.6,0.525,59.46547,42.3780174,449.953064,0,175371.646484375,6185.2267456054687,-6258.5880737304687
158.75,e1008,1105.86462,13.0514126,1648.88647,0,0.6,0.525,59.46547,42.3780174,449.953064,0,175445.583984375,6175.818115234375,-6258.90234375
158.8,e1008,1106.51575,13.0220938,1649.5376,0,0.6,0.525,59.46547,42.3780174,449.953064,0,175519.79296875,6166.41943359375,-6258.5897216796875
158.85000000000002,e1008,1107.16541,12.9927654,1650.18726,0,0.6,0.525,59.46547,42.3780174,449.953064,0,175594.232421875,6157.0313720703125,-6258.4951171875
158.9,e1008,1107.81348,12.9634256,1650.83545,0,0.6,0.525,59.46547,42.3780174,449.953064,0,175668.935546875,6147.6536254882812,-6258.5914916992187
158.95000000000002,e1008,1108.46021,12.9340763,1651.48218,0,0.6,0.525,59.46547,42.3780174,449.953064,0,175743.908203125,6138.2864379882812,-6255.394775390625
159,e1008,1109.10547,12.9047174,1652.12744,0,0.6,0.525,59.46547,42.3780174,449.953064,0,175819.138671875,6128.9288940429687,-6255.3038330078125
159.05,e1008,1109.74927,12.87535,1652.77124,0,0.6,0.525,59.46547,42.3780174,449.953064,0,175894.603515625,6119.5823974609375,-6256.9562377929687
159.10000000000002,e1008,1110.3916,12.8459711,1653.41357,0,0.6,0.525,59.46547,42.3780174,449.953064,0,175970.361328125,6110.2459106445312,-6256.9403686523437
159.15,e1008,1111.03235,12.8165817,1654.05444,0,0.6,0.525,59.46547,42.3780174,449.953064,0,176046.35546875,6100.9201049804687,-6256.7740478515625
159.20000000000002,e1008,1111.67175,12.7871809,1654.69385,0,0.6,0.525,59.46547,42.3780174,449.953064,0,176122.630859375,6091.6043701171875,-6257.33544921875
159.25,e1008,1112.30957,12.7577724,1655.33179,0,0.6,0.525,59.46547,42.3780174,449.953064,0,176199.16015625,6082.2987060546875,-6256.9571533203125
159.3,e1008,1112.946,12.72835,1655.96826,0,0.6,0.525,59.46547,42.3780174,449.953064,0,176275.970703125,6073.0039672851562,-6256.9545288085937
159.35000000000002,e1008,1113.58093,12.69892,1656.60315,0,0.6,0.525,59.46547,42.3780174,449.953064,0,176353.0390625,6063.7191162109375,-6256.952880859375
159.4,e1008,1114.21448,12.6694784,1657.23657,0,0.6,0.525,59.46547,42.3780174,449.953064,0,176430.37109375,6054.4444580078125,-6256.95654296875
159.45000000000002,e1008,1114.84644,12.6400242,1657.86853,0,0.6,0.525,59.46547,42.3780174,449.953064,0,176507.998046875,6045.1804809570312,-6260.063720703125
159.5,e1008,1115.477,12.61056,1658.499,0,0.6,0.525,59.46547,42.3780174,449.953064,0,176585.896484375,6035.9266357421875,-6260.0639038085937
159.55,e1008,1116.10608,12.5810862,1659.128,0,0.6,0.525,59.46547,42.3780174,449.953064,0,176664.06640625,6026.68310546875,-6260.0655517578125
159.60000000000002,e1008,1116.73364,12.5516033,1659.75562,0,0.6,0.525,59.46547,42.3780174,449.953064,0,176742.5078125,6017.4496459960937,-6260.0701293945312
159.65,e1008,1117.35974,12.5221052,1660.38171,0,0.6,0.525,59.46547,42.3780174,449.953064,0,176821.21484375,6008.2268676757812,-6260.0664672851562
159.70000000000002,e1008,1117.98438,12.4925995,1661.00635,0,0.6,0.525,59.46547,42.3780174,449.953064,0,176900.21875,5999.013916015625,-6259.9732055664062
159.75,e1008,1118.60754,12.4630823,1661.62952,0,0.6,0.525,59.46547,42.3780174,449.953064,0,176979.515625,5989.8114624023437,-6259.977783203125
159.8,e1008,1119.22913,12.4335546,1662.25122,0,0.6,0.525,59.46547,42.3780174,449.953064,0,177059.07421875,5980.6195678710937,-6260.059326171875
159.85000000000002,e1008,1119.84937,12.4040146,1662.87146,0,0.6,0.525,59.46547,42.3780174,449.953064,0,177138.93359375,5971.4380493164062,-6260.0631713867187
159.9,e1008,1120.46814,12.374465,1663.49023,0,0.6,0.525,59.46547,42.3780174,449.953064,0,177219.068359375,5962.2669067382812,-6260.4457397460937
159.95000000000002,e1008,1121.08533,12.344903,1664.10742,0,0.6,0.525,59.46547,42.3780174,449.953064,0,177299.509765625,5953.1055297851562,-6260.4569702148437
160,e1008,1121.70117,12.3153305,1664.72314,0,0.6,0.525,59.46547,42.3780174,449.953064,0,177380.224609375,5943.955322265625,-6260.4457397460937
160.05,e1008,1122.31543,12.2857456,1665.3374,0,0.6,0.525,59.46547,42.3780174,449.953064,0,177461.216796875,5934.8150024414062,-6260.0654907226562
160.10000000000002,e1008,1122.92822,12.2561512,1665.9502,0,0.6,0.525,59.46547,42.3780174,449.953064,0,177542.52734375,5925.6848754882812,-6260.0631713867187
160.15,e1008,1123.53955,12.2265463,1666.56152,0,0.6,0.525,59.46547,42.3780174,449.953064,0,177624.12109375,5916.5653076171875,-6260.4583129882812
160.20000000000002,e1008,1124.14941,12.196929,1667.17139,0,0.6,0.525,59.46547,42.3780174,449.953064,0,177706.0078125,5907.4562377929687,-6260.4592895507812
160.25,e1008,1124.75781,12.1672993,1667.77979,0,0.6,0.525,59.46547,42.3780174,449.953064,0,177788.205078125,5898.3572998046875,-6260.05615234375
160.3,e1008,1125.36462,12.1376591,1668.38672,0,0.6,0.525,59.46547,42.3780174,449.953064,0,177870.68359375,5889.2691040039062,-6260.4473876953125
160.35000000000002,e1008,1125.97009,12.1080084,1668.99207,0,0.6,0.525,59.46547,42.3780174,449.953064,0,177953.486328125,5880.1908569335937,-6260.0648803710937
160.4,e1008,1126.574,12.0783453,1669.596,0,0.6,0.525,59.46547,42.3780174,449.953064,0,178036.59765625,5871.123291015625,-6260.0664672851562
160.45000000000002,e1008,1127.17639,12.04867,1670.19836,0,0.6,0.525,59.46547,42.3780174,449.953064,0,178119.986328125,5862.065673828125,-6260.05615234375
160.5,e1008,1127.77734,12.0189838,1670.79932,0,0.6,0.525,59.46547,42.3780174,449.953064,0,178203.697265625,5853.0189819335937,-6260.0611572265625
160.55,e1008,1128.37683,11.9892874,1671.3988,0,0.6,0.525,59.46547,42.3780174,449.953064,0,178287.70703125,5843.9820556640625,-6260.458740234375
160.60000000000002,e1008,1128.97473,11.9595785,1671.99683,0,0.6,0.525,59.46547,42.3780174,449.953064,0,178372.048828125,5834.9559936523437,-6256.942138671875
160.65,e1008,1129.57129,11.9298563,1672.59326,0,0.6,0.525,59.46547,42.3780174,449.953064,0,178456.677734375,5825.9400634765625,-6257.3519897460937
160.70000000000002,e1008,1130.16626,11.9001245,1673.18823,0,0.6,0.525,59.46547,42.3780174,449.953064,0,178541.64453125,5816.9345092773437,-6256.9451904296875
160.75,e1008,1130.75977,11.8703814,1673.78174,0,0.6,0.525,59.46547,42.3780174,449.953064,0,178626.923828125,5807.9395751953125,-6257.3467407226562
160.8,e1008,1131.35181,11.8406229,1674.37378,0,0.6,0.525,59.46547,42.3780174,449.953064,0,178712.521484375,5798.9547119140625,-6256.951171875
160.85000000000002,e1008,1131.94238,11.8108568,1674.96436,0,0.6,0.525,59.46547,42.3780174,449.953064,0,178798.416015625,5789.98046875,-6256.9451904296875
160.9,e1008,1132.53137,11.7810755,1675.55347,0,0.6,0.525,59.46547,42.3780174,449.953064,0,178884.6640625,5781.016357421875,-6257.3521728515625
160.95000000000002,e1008,1133.119,11.7512827,1676.141,0,0.6,0.525,59.46547,42.3780174,449.953064,0,178971.21484375,5772.0626220703125,-6256.9591674804687
161,e1008,1133.70508,11.72148,1676.727,0,0.6,0.525,59.46547,42.3780174,449.953064,0,179058.109375,5763.1194458007812,-6256.9468994140625
161.05,e1008,1134.28967,11.6916637,1677.31165,0,0.6,0.525,59.46547,42.3780174,449.953064,0,179145.310546875,5754.1864624023437,-6257.3419799804687
161.10000000000002,e1008,1134.87268,11.6618338,1677.89478,0,0.6,0.525,59.46547,42.3780174,449.953064,0,179232.859375,5745.2636108398438,-6256.9581909179687
161.15,e1008,1135.45435,11.6319942,1678.47632,0,0.6,0.525,59.46547,42.3780174,449.953064,0,179320.7421875,5736.3514404296875,-6259.9768676757812
161.20000000000002,e1008,1136.03442,11.60214,1679.0564,0,0.6,0.525,59.46547,42.3780174,449.953064,0,179408.95703125,5727.4494018554687,-6260.4593505859375
161.25,e1008,1136.613,11.5722733,1679.635,0,0.6,0.525,59.46547,42.3780174,449.953064,0,179497.484375,5718.5580444335937,-6260.0748291015625
161.3,e1008,1137.19019,11.5423956,1680.21216,0,0.6,0.525,59.46547,42.3780174,449.953064,0,179586.3828125,5709.6768188476562,-6260.0684204101562
161.35000000000002,e1008,1137.76587,11.5125036,1680.78784,0,0.6,0.525,59.46547,42.3780174,449.953064,0,179675.591796875,5700.8057250976562,-6260.0516967773437
161.4,e1008,1138.34,11.4825993,1681.36194,0,0.6,0.525,59.46547,42.3780174,449.953064,0,179765.193359375,5691.9451293945312,-6259.978515625
161.45000000000002,e1008,1138.9126,11.4526834,1681.93457,0,0.6,0.525,59.46547,42.3780174,449.953064,0,179855.091796875,5683.094970703125,-6260.0657958984375
161.5,e1008,1139.48364,11.4227552,1682.50574,0,0.6,0.525,59.46547,42.3780174,449.953064,0,179945.3515625,5674.25537109375,-6260.0657958984375
161.55,e1008,1140.05334,11.3928146,1683.07532,0,0.6,0.525,59.46547,42.3780174,449.953064,0,180035.958984375,5665.4259643554687,-6260.06591796875
161.60000000000002,e1008,1140.62146,11.3628607,1683.64343,0,0.6,0.525,59.46547,42.3780174,449.953064,0,180126.93359375,5656.6069946289062,-6260.0675659179687
161.65,e1008,1141.18811,11.3328934,1684.21008,0,0.6,0.525,59.46547,42.3780174,449.953064,0,180218.236328125,5647.7980346679687,-6260.0610961914062
161.70000000000002,e1008,1141.7533,11.3029127,1684.77527,0,0.6,0.525,59.46547,42.3780174,449.953064,0,180309.916015625,5638.999755859375,-6260.46142578125
161.75,e1008,1142.31689,11.27292,1685.33887,0,0.6,0.525,59.46547,42.3780174,449.953064,0,180401.94921875,5630.2118530273437,-6260.4629516601562
161.8,e1008,1142.879,11.2429142,1685.901,0,0.6,0.525,59.46547,42.3780174,449.953064,0,180494.345703125,5621.4344482421875,-6260.0548095703125
161.85000000000002,e1008,1143.4397,11.2128973,1686.46167,0,0.6,0.525,59.46547,42.3780174,449.953064,0,180587.08203125,5612.6672973632812,-6259.9794921875
161.9,e1008,1143.9989,11.1828632,1687.02087,0,0.6,0.525,59.46547,42.3780174,449.953064,0,180680.205078125,5603.9104614257812,-6260.0691528320312
161.95000000000002,e1008,1144.55652,11.1528187,1687.57849,0,0.6,0.525,59.46547,42.3780174,449.953064,0,180773.689453125,5595.1640014648437,-6260.4412841796875
162,e1008,1145.11267,11.1227627,1688.13464,0,0.6,0.525,59.46547,42.3780174,449.953064,0,180867.533203125,5586.42822265625,-6260.0507202148437
162.05,e1008,1145.66724,11.09269,1688.68933,0,0.6,0.525,59.46547,42.3780174,449.953064,0,180961.76953125,5577.7027587890625,-6260.0513305664062
162.10000000000002,e1008,1146.22046,11.0626059,1689.24243,0,0.6,0.525,59.46547,42.3780174,449.953064,0,181056.3671875,5568.987548828125,-6260.4467163085937
162.15,e1008,1146.772,11.0325079,1689.79407,0,0.6,0.525,59.46547,42.3780174,449.953064,0,181151.34375,5560.28271484375,-6259.960693359375
162.20000000000002,e1008,1147.32214,11.0023966,1690.34424,0,0.6,0.525,59.46547,42.3780174,449.953064,0,181246.69140625,5551.5885009765625,-6259.9578247070312
162.25,e1008,1147.87073,10.97227,1690.89282,0,0.6,0.525,59.46547,42.3780174,449.953064,0,181342.43359375,5542.9046020507812,-6260.0701904296875
162.3,e1008,1148.41785,10.942132,1691.44,0,0.6,0.525,59.46547,42.3780174,449.953064,0,181438.5546875,5534.23095703125,-6260.44677734375
162.35000000000002,e1008,1148.9635,10.91198,1691.9856,0,0.6,0.525,59.46547,42.3780174,449.953064,0,181535.056640625,5525.5677490234375,-6256.9609375
162.4,e1008,1149.50757,10.881814,1692.52966,0,0.6,0.525,59.46547,42.3780174,449.953064,0,181631.9609375,5516.9148559570312,-6256.9528198242187
162.45000000000002,e1008,1150.05017,10.851634,1693.07227,0,0.6,0.525,59.46547,42.3780174,449.953064,0,181729.25390625,5508.2727661132812,-6256.9367065429687
162.5,e1008,1150.59119,10.8214417,1693.61328,0,0.6,0.525,59.46547,42.3780174,449.953064,0,181826.92578125,5499.6406860351562,-6256.9481811523437
162.55,e1008,1151.13074,10.791235,1694.15283,0,0.6,0.525,59.46547,42.3780174,449.953064,0,181925.01171875,5491.0194702148437,-6257.3466186523437
162.60000000000002,e1008,1151.66882,10.7610121,1694.69092,0,0.6,0.525,59.46547,42.3780174,449.953064,0,182023.4765625,5482.408203125,-6256.9508666992187
162.65,e1008,1152.20532,10.7307787,1695.22742,0,0.6,0.525,59.46547,42.3780174,449.953064,0,182122.365234375,5473.8074340820312,-6256.86279296875
162.70000000000002,e1008,1152.74036,10.7005291,1695.76245,0,0.6,0.525,59.46547,42.3780174,449.953064,0,182221.63671875,5465.2171020507812,-6256.8646850585937
162.75,e1008,1153.27393,10.6702652,1696.296,0,0.6,0.525,59.46547,42.3780174,449.953064,0,182321.330078125,5456.63720703125,-6256.9367065429687
162.8,e1008,1153.80591,10.6399889,1696.828,0,0.6,0.525,59.46547,42.3780174,449.953064,0,182421.427734375,5448.0679321289062,-6256.9581909179687
162.85000000000002,e1008,1154.33643,10.6096964,1697.35852,0,0.6,0.525,59.46547,42.3780174,449.953064,0,182521.94140625,5439.50927734375,-6257.332763671875
162.9,e1008,1154.86536,10.5793905,1697.88745,0,0.6,0.525,59.46547,42.3780174,449.953064,0,182622.869140625,5430.9606323242187,-6257.3484497070312
162.95000000000002,e1008,1155.39282,10.5490694,1698.41492,0,0.6,0.525,59.46547,42.3780174,449.953064,0,182724.2109375,5422.422607421875,-6260.3662719726562
163,e1008,1155.9187,10.518733,1698.9408,0,0.6,0.525,59.46547,42.3780174,449.953064,0,182825.974609375,5413.894775390625,-6259.9581298828125
163.05,e1008,1156.44324,10.4883833,1699.46521,0,0.6,0.525,59.46547,42.3780174,449.953064,0,182928.171875,5405.3773193359375,-6260.3651733398437
163.10000000000002,e1008,1156.96606,10.4580183,1699.98816,0,0.6,0.525,59.46547,42.3780174,449.953064,0,183030.79296875,5396.870361328125,-6259.9750366210937
163.15,e1008,1157.48743,10.42764,1700.50952,0,0.6,0.525,59.46547,42.3780174,449.953064,0,183133.8359375,5388.3738403320312,-6259.9744262695312
163.20000000000002,e1008,1158.00732,10.3972464,1701.02942,0,0.6,0.525,59.46547,42.3780174,449.953064,0,183237.326171875,5379.8878784179687,-6259.9570922851562
163.25,e1008,1158.52563,10.3668365,1701.54773,0,0.6,0.525,59.46547,42.3780174,449.953064,0,183341.23828125,5371.4119873046875,-6259.9581298828125
163.3,e1008,1159.04248,10.3364115,1702.06458,0,0.6,0.525,59.46547,42.3780174,449.953064,0,183445.599609375,5362.9466552734375,-6259.9705810546875
163.35000000000002,e1008,1159.55774,10.305974,1702.57983,0,0.6,0.525,59.46547,42.3780174,449.953064,0,183550.392578125,5354.4918823242187,-6259.97705078125
163.4,e1008,1160.07153,10.2755194,1703.09363,0,0.6,0.525,59.46547,42.3780174,449.953064,0,183655.615234375,5346.0472412109375,-6259.97509765625
163.45000000000002,e1008,1160.58374,10.2450495,1703.60583,0,0.6,0.525,59.46547,42.3780174,449.953064,0,183761.31640625,5337.6134033203125,-6259.9591064453125
163.5,e1008,1161.09448,10.2145662,1704.11658,0,0.6,0.525,59.46547,42.3780174,449.953064,0,183867.43359375,5329.18994140625,-6260.3677978515625
163.55,e1008,1161.60376,10.1840668,1704.62573,0,0.6,0.525,59.46547,42.3780174,449.953064,0,183974.03515625,5320.7767333984375,-6259.88525390625
163.60000000000002,e1008,1162.11145,10.1535521,1705.13342,0,0.6,0.525,59.46547,42.3780174,449.953064,0,184081.080078125,5312.3743286132812,-6259.9696044921875
163.65,e1008,1162.61755,10.123023,1705.63953,0,0.6,0.525,59.46547,42.3780174,449.953064,0,184188.599609375,5303.9821166992187,-6259.9570922851562
163.70000000000002,e1008,1163.12219,10.0924759,1706.14417,0,0.6,0.525,59.46547,42.3780174,449.953064,0,184296.552734375,5295.6004028320312,-6259.8863525390625
163.75,e1008,1163.62524,10.0619135,1706.64722,0,0.6,0.525,59.46547,42.3780174,449.953064,0,184405.0078125,5287.22900390625,-6260.3681030273437
163.8,e1008,1164.12683,10.0313368,1707.1488,0,0.6,0.525,59.46547,42.3780174,449.953064,0,184513.916015625,5278.8682250976562,-6259.9749755859375
163.85000000000002,e1008,1164.627,10.0007448,1707.6488,0,0.6,0.525,59.46547,42.3780174,449.953064,0,184623.294921875,5270.5180053710937,-6259.9722900390625
163.9,e1008,1165.12537,9.970138,1708.14734,0,0.6,0.525,59.46547,42.3780174,449.953064,0,184733.138671875,5262.1782836914062,-6259.97607421875
163.95000000000002,e1008,1165.62244,9.939513,1708.64429,0,0.6,0.525,59.46547,42.3780174,449.953064,0,184843.47265625,5253.8490600585937,-6259.9580688476562
164,e1008,1166.1178,9.908872,1709.13977,0,0.6,0.525,59.46547,42.3780174,449.953064,0,184954.294921875,5245.5302734375,-6260.3670043945312
164.05,e1008,1166.61169,9.878215,1709.63367,0,0.6,0.525,59.46547,42.3780174,449.953064,0,185065.603515625,5237.2218627929687,-6259.8699951171875
164.10000000000002,e1008,1167.10413,9.847543,1710.1261,0,0.6,0.525,59.46547,42.3780174,449.953064,0,185177.400390625,5228.9241943359375,-6259.9713134765625
164.15,e1008,1167.595,9.816855,1710.617,0,0.6,0.525,59.46547,42.3780174,449.953064,0,185289.67578125,5220.6367797851562,-6259.9722900390625
164.20000000000002,e1008,1168.08423,9.786151,1711.1062,0,0.6,0.525,59.46547,42.3780174,449.953064,0,185402.4609375,5212.3599243164062,-6259.97509765625
164.25,e1008,1168.572,9.755431,1711.594,0,0.6,0.525,59.46547,42.3780174,449.953064,0,185515.759765625,5204.0936279296875,-6259.9750366210937
164.3,e1008,1169.05823,9.724692,1712.0802,0,0.6,0.525,59.46547,42.3780174,449.953064,0,185629.546875,5195.8377685546875,-6259.9715576171875
164.35000000000002,e1008,1169.543,9.693938,1712.565,0,0.6,0.525,59.46547,42.3780174,449.953064,0,185743.83984375,5187.5921020507812,-6256.9528198242187
164.4,e1008,1170.02612,9.663169,1713.0481,0,0.6,0.525,59.46547,42.3780174,449.953064,0,185858.6484375,5179.357177734375,-6256.9423217773437
164.45000000000002,e1008,1170.50769,9.63238049,1713.52966,0,0.6,0.525,59.46547,42.3780174,449.953064,0,185973.97265625,5171.1326904296875,-6256.9564819335937
164.5,e1008,1170.98779,9.601578,1714.00977,0,0.6,0.525,59.46547,42.3780174,449.953064,0,186089.802734375,5162.9188232421875,-6256.9537963867187
164.55,e1008,1171.46631,9.570758,1714.48828,0,0.6,0.525,59.46547,42.3780174,449.953064,0,186206.18359375,5154.71533203125,-6256.945068359375
164.60000000000002,e1008,1171.94336,9.539922,1714.96533,0,0.6,0.525,59.46547,42.3780174,449.953064,0,186323.05859375,5146.5223388671875,-6256.9518432617187
164.65,e1008,1172.41882,9.509067,1715.4408,0,0.6,0.525,59.46547,42.3780174,449.953064,0,186440.4765625,5138.3402099609375,-6256.9367065429687
164.70000000000002,e1008,1172.8927,9.478195,1715.91467,0,0.6,0.525,59.46547,42.3780174,449.953064,0,186558.427734375,5130.1680908203125,-6256.9531860351562
164.75,e1008,1173.36511,9.447307,1716.38708,0,0.6,0.525,59.46547,42.3780174,449.953064,0,186676.92578125,5122.0067749023437,-6257.3456420898437
164.8,e1008,1173.83594,9.416402,1716.85791,0,0.6,0.525,59.46547,42.3780174,449.953064,0,186795.95703125,5113.8556518554687,-6256.95654296875
164.85000000000002,e1008,1174.30518,9.385478,1717.32715,0,0.6,0.525,59.46547,42.3780174,449.953064,0,186915.53515625,5105.71533203125,-6256.9517822265625
164.9,e1008,1174.773,9.354538,1717.79492,0,0.6,0.525,59.46547,42.3780174,449.953064,0,187035.6640625,5097.5853881835937,-6256.9573364257812
164.95000000000002,e1008,1175.23914,9.323579,1718.26111,0,0.6,0.525,59.46547,42.3780174,449.953064,0,187156.3515625,5089.4658813476562,-6256.9376831054687
165,e1008,1175.70374,9.29260349,1718.72571,0,0.6,0.525,59.46547,42.3780174,449.953064,0,187277.5859375,5081.3569946289062,-6260.0469970703125
165.05,e1008,1176.16675,9.261611,1719.18884,0,0.6,0.525,59.46547,42.3780174,449.953064,0,187399.380859375,5073.2586059570313,-6260.0560302734375
165.10000000000002,e1008,1176.6283,9.230599,1719.65039,0,0.6,0.525,59.46547,42.3780174,449.953064,0,187521.765625,5065.1707153320312,-6260.0665283203125
165.15,e1008,1177.08826,9.19957,1720.11035,0,0.6,0.525,59.46547,42.3780174,449.953064,0,187644.716796875,5057.0930786132812,-6260.454833984375
165.20000000000002,e1008,1177.54675,9.168523,1720.56873,0,0.6,0.525,59.46547,42.3780174,449.953064,0,187768.234375,5049.0259399414063,-6260.06591796875
165.25,e1008,1178.00354,9.137458,1721.02563,0,0.6,0.525,59.46547,42.3780174,449.953064,0,187892.33203125,5040.9697265625,-6260.0685424804687
165.3,e1008,1178.45886,9.106376,1721.481,0,0.6,0.525,59.46547,42.3780174,449.953064,0,188017.0234375,5032.9238891601562,-6260.4586791992187
165.35000000000002,e1008,1178.91272,9.075273,1721.93469,0,0.6,0.525,59.46547,42.3780174,449.953064,0,188142.2890625,5024.8886108398437,-6260.0574340820312
165.4,e1008,1179.36487,9.044152,1722.38684,0,0.6,0.525,59.46547,42.3780174,449.953064,0,188268.16015625,5016.8638305664062,-6260.0540161132812
165.45000000000002,e1008,1179.81555,9.013015,1722.83752,0,0.6,0.525,59.46547,42.3780174,449.953064,0,188394.625,5008.8495483398437,-6260.06396484375
165.5,e1008,1180.26465,8.981858,1723.28662,0,0.6,0.525,59.46547,42.3780174,449.953064,0,188521.68359375,5000.8455200195312,-6260.0655517578125
165.55,e1008,1180.71216,8.950683,1723.73413,0,0.6,0.525,59.46547,42.3780174,449.953064,0,188649.35546875,4992.8524780273437,-6260.0601806640625
165.60000000000002,e1008,1181.1582,8.919488,1724.18,0,0.6,0.525,59.46547,42.3780174,449.953064,0,188777.638671875,4984.8697509765625,-6260.0675659179687
165.65,e1008,1181.60254,8.888275,1724.62451,0,0.6,0.525,59.46547,42.3780174,449.953064,0,188906.541015625,4976.8974609375,-6260.0560302734375
165.70000000000002,e1008,1182.04541,8.857043,1725.06738,0,0.6,0.525,59.46547,42.3780174,449.953064,0,189036.046875,4968.9358520507812,-6260.0505981445312
165.75,e1008,1182.48669,8.825791,1725.50867,0,0.6,0.525,59.46547,42.3780174,449.953064,0,189166.21484375,4960.9849853515625,-6260.0638427734375
165.8,e1008,1182.92639,8.794522,1725.94836,0,0.6,0.525,59.46547,42.3780174,449.953064,0,189297,4953.04443359375,-6260.0656127929687
165.85000000000002,e1008,1183.36462,8.763233,1726.38647,0,0.6,0.525,59.46547,42.3780174,449.953064,0,189428.39453125,4945.1146240234375,-6260.0648803710937
165.9,e1008,1183.80115,8.731925,1726.82312,0,0.6,0.525,59.46547,42.3780174,449.953064,0,189560.45703125,4937.195068359375,-6260.0624389648437
165.95000000000002,e1008,1184.23621,8.700597,1727.25818,0,0.6,0.525,59.46547,42.3780174,449.953064,0,189693.154296875,4929.2864379882812,-6260.0594482421875
166,e1008,1184.66968,8.66925,1727.69165,0,0.6,0.525,59.46547,42.3780174,449.953064,0,189826.49609375,4921.38818359375,-6260.0665893554687
166.05,e1008,1185.10156,8.637882,1728.12354,0,0.6,0.525,59.46547,42.3780174,449.953064,0,189960.51953125,4913.5004272460937,-6260.0570678710937
166.10000000000002,e1008,1185.53186,8.606495,1728.55383,0,0.6,0.525,59.46547,42.3780174,449.953064,0,190095.177734375,4905.6233520507812,-6260.4602661132812
166.15,e1008,1185.96069,8.5750885,1728.98254,0,0.6,0.525,59.46547,42.3780174,449.953064,0,190230.515625,4897.7567138671875,-6259.9633178710937
166.20000000000002,e1008,1186.38782,8.543662,1729.40967,0,0.6,0.525,59.46547,42.3780174,449.953064,0,190366.5390625,4889.9008178710937,-6260.0702514648437
166.25,e1008,1186.81348,8.512216,1729.83533,0,0.6,0.525,59.46547,42.3780174,449.953064,0,190503.21875,4882.0553588867187,-6260.0685424804687
166.3,e1008,1187.23755,8.48075,1730.2594,0,0.6,0.525,59.46547,42.3780174,449.953064,0,190640.58984375,4874.220703125,-6259.9783935546875
166.35000000000002,e1008,1187.65991,8.449262,1730.68188,0,0.6,0.525,59.46547,42.3780174,449.953064,0,190778.6484375,4866.3966674804687,-6260.46142578125
166.4,e1008,1188.08081,8.417754,1731.10278,0,0.6,0.525,59.46547,42.3780174,449.953064,0,190917.3984375,4858.5827026367187,-6260.0550537109375
166.45000000000002,e1008,1188.50012,8.386227,1731.52209,0,0.6,0.525,59.46547,42.3780174,449.953064,0,191056.83203125,4850.7799682617187,-6260.0665893554687
166.5,e1008,1188.91785,8.354678,1731.93982,0,0.6,0.525,59.46547,42.3780174,449.953064,0,191197.001953125,4842.987548828125,-6260.0610961914062
166.55,e1008,1189.33411,8.323109,1732.356,0,0.6,0.525,59.46547,42.3780174,449.953064,0,191337.875,4835.2058715820312,-6260.0620727539062
166.60000000000002,e1008,1189.74866,8.291518,1732.77051,0,0.6,0.525,59.46547,42.3780174,449.953064,0,191479.46484375,4827.4344482421875,-6256.9545288085937
166.65,e1008,1190.16162,8.259908,1733.18347,0,0.6,0.525,59.46547,42.3780174,449.953064,0,191621.765625,4819.6737670898437,-6256.9556274414062
166.70000000000002,e1008,1190.573,8.228276,1733.59485,0,0.6,0.525,59.46547,42.3780174,449.953064,0,191764.8203125,4811.9237670898437,-6256.958251953125
166.75,e1008,1190.98291,8.196624,1734.00464,0,0.6,0.525,59.46547,42.3780174,449.953064,0,191908.5859375,4804.1846923828125,-6256.9592895507812
166.8,e1008,1191.39111,8.164948,1734.41284,0,0.6,0.525,59.46547,42.3780174,449.953064,0,192053.109375,4796.4559326171875,-6256.9529418945312
166.85000000000002,e1008,1191.79773,8.133254,1734.81946,0,0.6,0.525,59.46547,42.3780174,449.953064,0,192198.3515625,4788.738037109375,-6256.9566650390625
166.9,e1008,1192.20288,8.101537,1735.22449,0,0.6,0.525,59.46547,42.3780174,449.953064,0,192344.375,4781.0303344726562,-6256.9546508789062
166.95000000000002,e1008,1192.60632,8.069798,1735.62793,0,0.6,0.525,59.46547,42.3780174,449.953064,0,192491.1640625,4773.3336181640625,-6257.3494873046875
167,e1008,1193.0083,8.038039,1736.02979,0,0.6,0.525,59.46547,42.3780174,449.953064,0,192638.69140625,4765.6475830078125,-6256.9537963867187
167.05,e1008,1193.40857,8.006256,1736.43,0,0.6,0.525,59.46547,42.3780174,449.953064,0,192787.0234375,4757.97216796875,-6256.9566650390625
167.10000000000002,e1008,1193.80725,7.9744525,1736.82874,0,0.6,0.525,59.46547,42.3780174,449.953064,0,192936.12109375,4750.3070678710937,-6256.9556884765625
167.15,e1008,1194.20435,7.942626,1737.22583,0,0.6,0.525,59.46547,42.3780174,449.953064,0,193085.98828125,4742.6530151367187,-6256.9535522460937
167.20000000000002,e1008,1194.6,7.91077757,1737.62134,0,0.6,0.525,59.46547,42.3780174,449.953064,0,193236.671875,4735.0093383789062,-6256.943115234375
167.25,e1008,1194.9939,7.87890625,1738.01526,0,0.6,0.525,59.46547,42.3780174,449.953064,0,193388.15234375,4727.3764038085937,-6256.9508666992187
167.3,e1008,1195.38623,7.847012,1738.40759,0,0.6,0.525,59.46547,42.3780174,449.953064,0,193540.44140625,4719.754150390625,-6257.33740234375
167.35000000000002,e1008,1195.777,7.815097,1738.79834,0,0.6,0.525,59.46547,42.3780174,449.953064,0,193693.53125,4712.1423950195312,-6259.97705078125
167.4,e1008,1196.16614,7.783157,1739.1875,0,0.6,0.525,59.46547,42.3780174,449.953064,0,193847.44140625,4704.54150390625,-6259.874755859375
167.45000000000002,e1008,1196.55371,7.75119448,1739.57507,0,0.6,0.525,59.46547,42.3780174,449.953064,0,194002.19921875,4696.9512939453125,-6259.9734497070312
167.5,e1008,1196.9397,7.71920872,1739.961,0,0.6,0.525,59.46547,42.3780174,449.953064,0,194157.80078125,4689.3715209960937,-6259.9617919921875
167.55,e1008,1197.324,7.6872015,1740.34546,0,0.6,0.525,59.46547,42.3780174,449.953064,0,194314.2109375,4681.8026123046875,-6259.97607421875
167.60000000000002,e1008,1197.70679,7.65516758,1740.72827,0,0.6,0.525,59.46547,42.3780174,449.953064,0,194471.49609375,4674.244384765625,-6259.9654541015625
167.65,e1008,1198.08789,7.62311268,1741.10938,0,0.6,0.525,59.46547,42.3780174,449.953064,0,194629.640625,4666.6968383789062,-6259.9658813476562
167.70000000000002,e1008,1198.46753,7.59103441,1741.48889,0,0.6,0.525,59.46547,42.3780174,449.953064,0,194788.623046875,4659.1599731445312,-6260.3672485351562
167.75,e1008,1198.84546,7.5589323,1741.86682,0,0.6,0.525,59.46547,42.3780174,449.953064,0,194948.509765625,4651.6337280273437,-6259.9634399414062
167.8,e1008,1199.2218,7.5268054,1742.24316,0,0.6,0.525,59.46547,42.3780174,449.953064,0,195109.265625,4644.1182861328125,-6259.9733276367187
167.85000000000002,e1008,1199.59656,7.494655,1742.61792,0,0.6,0.525,59.46547,42.3780174,449.953064,0,195270.9140625,4636.6133422851562,-6260.370849609375
167.9,e1008,1199.9696,7.46247959,1742.99109,0,0.6,0.525,59.46547,42.3780174,449.953064,0,195433.451171875,4629.1192016601562,-6259.97607421875
167.95000000000002,e1008,1200.34119,7.430282,1743.36255,0,0.6,0.525,59.46547,42.3780174,449.953064,0,195596.89453125,4621.6358642578125,-6259.971435546875
168,e1008,1200.711,7.398059,1743.73242,0,0.6,0.525,59.46547,42.3780174,449.953064,0,195761.24609375,4614.1632080078125,-6260.0677490234375
168.05,e1008,1201.07935,7.36581039,1744.10071,0,0.6,0.525,59.46547,42.3780174,449.953064,0,195926.54296875,4606.7011108398437,-6259.9696655273437
168.10000000000002,e1008,1201.446,7.333538,1744.46741,0,0.6,0.525,59.46547,42.3780174,449.953064,0,196092.75390625,4599.2498168945312,-6259.9635009765625
168.15,e1008,1201.811,7.30123949,1744.83252,0,0.6,0.525,59.46547,42.3780174,449.953064,0,196259.90625,4591.8091430664062,-6260.3577880859375
168.20000000000002,e1008,1202.17456,7.26891756,1745.19592,0,0.6,0.525,59.46547,42.3780174,449.953064,0,196427.99609375,4584.3792724609375,-6259.9655151367187
168.25,e1008,1202.53638,7.2365694,1745.55774,0,0.6,0.525,59.46547,42.3780174,449.953064,0,196597.0625,4576.9599609375,-6259.9722290039062
168.3,e1008,1202.89661,7.204197,1745.918,0,0.6,0.525,59.46547,42.3780174,449.953064,0,196767.0625,4569.5514526367187,-6259.9716796875
168.35000000000002,e1008,1203.25513,7.17179871,1746.27661,0,0.6,0.525,59.46547,42.3780174,449.953064,0,196938.046875,4562.1538696289062,-6259.9634399414062
168.4,e1008,1203.61218,7.13937426,1746.63354,0,0.6,0.525,59.46547,42.3780174,449.953064,0,197110.02734375,4554.7667846679687,-6259.9597778320312
168.45000000000002,e1008,1203.96753,7.10692549,1746.98889,0,0.6,0.525,59.46547,42.3780174,449.953064,0,197283.01171875,4547.3905639648437,-6259.9696044921875
168.5,e1008,1204.32117,7.07444859,1747.34265,0,0.6,0.525,59.46547,42.3780174,449.953064,0,197456.9609375,4540.0250854492187,-6259.9715576171875
168.55,e1008,1204.67334,7.041947,1747.6947,0,0.6,0.525,59.46547,42.3780174,449.953064,0,197631.93359375,4532.6702270507812,-6260.3513793945312
168.60000000000002,e1008,1205.0238,7.009419,1748.04517,0,0.6,0.525,59.46547,42.3780174,449.953064,0,197807.9453125,4525.3262939453125,-6259.9676513671875
168.65,e1008,1205.37256,6.97686434,1748.394,0,0.6,0.525,59.46547,42.3780174,449.953064,0,197984.95703125,4517.992919921875,-6259.9697265625
168.70000000000002,e1008,1205.71985,6.944283,1748.74121,0,0.6,0.525,59.46547,42.3780174,449.953064,0,198163.037109375,4510.6703491210937,-6259.970703125
168.75,e1008,1206.06543,6.911675,1749.08679,0,0.6,0.525,59.46547,42.3780174,449.953064,0,198342.140625,4503.4364624023437,-6260.3660888671875
168.8,e1008,1206.40942,6.87904024,1749.43079,0,0.6,0.525,59.46547,42.3780174,449.953064,0,198522.33203125,4496.2130126953125,-6259.9722900390625
168.85000000000002,e1008,1206.75171,6.84637833,1749.77307,0,0.6,0.525,59.46547,42.3780174,449.953064,0,198703.568359375,4489.0004272460937,-6260.3705444335937
168.9,e1008,1207.09241,6.81368971,1750.11377,0,0.6,0.525,59.46547,42.3780174,449.953064,0,198885.88671875,4481.7984619140625,-6259.970703125
168.95000000000002,e1008,1207.4314,6.780972,1750.45276,0,0.6,0.525,59.46547,42.3780174,449.953064,0,199069.3125,4474.6075744628906,-6259.9650268554687
169,e1008,1207.7688,6.748229,1750.79016,0,0.6,0.525,59.46547,42.3780174,449.953064,0,199253.83203125,4467.4273681640625,-6259.9590454101562
169.05,e1008,1208.10461,6.715455,1751.126,0,0.6,0.525,59.46547,42.3780174,449.953064,0,199439.453125,4460.2577819824219,-6259.9739990234375
169.10000000000002,e1008,1208.43872,6.682656,1751.46008,0,0.6,0.525,59.46547,42.3780174,449.953064,0,199626.2265625,4453.0993041992187,-6259.97412109375
169.15,e1008,1208.77124,6.649827,1751.7926,0,0.6,0.525,59.46547,42.3780174,449.953064,0,199814.109375,4445.9513549804687,-6259.9722290039062
169.20000000000002,e1008,1209.102,6.61697054,1752.12341,0,0.6,0.525,59.46547,42.3780174,449.953064,0,200003.140625,4438.81396484375,-6259.9696044921875
169.25,e1008,1209.43127,6.58408642,1752.45264,0,0.6,0.525,59.46547,42.3780174,449.953064,0,200193.328125,4431.6878662109375,-6259.9749755859375
169.3,e1008,1209.75879,6.5511713,1752.78015,0,0.6,0.525,59.46547,42.3780174,449.953064,0,200384.69140625,4424.5723876953125,-6256.9534912109375
169.35000000000002,e1008,1210.08472,6.51823,1753.10608,0,0.6,0.525,59.46547,42.3780174,449.953064,0,200577.234375,4417.4678344726562,-6256.951904296875
169.4,e1008,1210.40894,6.485259,1753.4303,0,0.6,0.525,59.46547,42.3780174,449.953064,0,200770.966796875,4410.3740234375,-6256.9556884765625
169.45000000000002,e1008,1210.73157,6.45225859,1753.75293,0,0.6,0.525,59.46547,42.3780174,449.953064,0,200965.8984375,4403.2911376953125,-6256.9554443359375
169.5,e1008,1211.05261,6.419228,1754.07385,0,0.6,0.525,59.46547,42.3780174,449.953064,0,201162.041015625,4396.2191162109375,-6256.9566650390625
169.55,e1008,1211.37183,6.386169,1754.39319,0,0.6,0.525,59.46547,42.3780174,449.953064,0,201359.41796875,4389.1577453613281,-6256.9430541992187
169.60000000000002,e1008,1211.68958,6.35308,1754.71082,0,0.6,0.525,59.46547,42.3780174,449.953064,0,201558.033203125,4382.1072998046875,-6256.9501953125
169.65,e1008,1212.00549,6.31996059,1755.02686,0,0.6,0.525,59.46547,42.3780174,449.953064,0,201757.90234375,4375.0677490234375,-6256.938720703125
169.70000000000002,e1008,1212.31982,6.286811,1755.34119,0,0.6,0.525,59.46547,42.3780174,449.953064,0,201959.05078125,4368.0390625,-6256.9573364257812
169.75,e1008,1212.63257,6.25363064,1755.65381,0,0.6,0.525,59.46547,42.3780174,449.953064,0,202161.47265625,4361.0210876464844,-6256.95458984375
169.8,e1008,1212.9436,6.22042,1755.96484,0,0.6,0.525,59.46547,42.3780174,449.953064,0,202365.17578125,4354.0140075683594,-6256.9491577148437
169.85000000000002,e1008,1213.25208,6.18717861,1756.27417,0,0.6,0.525,59.46547,42.3780174,449.953064,0,202570.19921875,4347.0178833007812,-6256.9536743164062
169.9,e1008,1213.55969,6.153905,1756.58191,0,0.6,0.525,59.46547,42.3780174,449.953064,0,202776.54296875,4340.032470703125,-6256.9529418945312
169.95000000000002,e1008,1213.86584,6.12060165,1756.888,0,0.6,0.525,59.46547,42.3780174,449.953064,0,202984.2265625,4333.0581359863281,-6257.3501586914062
170,e1008,1214.17,6.087266,1757.19226,0,0.6,0.525,59.46547,42.3780174,449.953064,0,203193.25,4326.0946044921875,-6256.9467163085937
170.05,e1008,1214.47278,6.053899,1757.495,0,0.6,0.525,59.46547,42.3780174,449.953064,0,203403.634765625,4319.1418762207031,-6256.9571533203125
170.10000000000002,e1008,1214.7738,6.0205,1757.796,0,0.6,0.525,59.46547,42.3780174,449.953064,0,203615.37890625,4312.2000427246094,-6256.94921875
170.15,e1008,1215.07312,5.98706865,1758.09534,0,0.6,0.525,59.46547,42.3780174,449.953064,0,203828.560546875,4305.26904296875,-6256.9467163085937
170.20000000000002,e1008,1215.371,5.95360565,1758.39307,0,0.6,0.525,59.46547,42.3780174,449.953064,0,204043.109375,4298.3489379882812,-6257.3363647460937
170.25,e1008,1215.66687,5.92010927,1758.68909,0,0.6,0.525,59.46547,42.3780174,449.953064,0,204259.091796875,4291.4397277832031,-6256.952880859375
170.3,e1008,1215.9613,5.886581,1758.9834,0,0.6,0.525,59.46547,42.3780174,449.953064,0,204476.51171875,4284.5414123535156,-6257.3472900390625
170.35000000000002,e1008,1216.25378,5.853019,1759.276,0,0.6,0.525,59.46547,42.3780174,449.953064,0,204695.384765625,4277.6542358398437,-6256.9429931640625
170.4,e1008,1216.5448,5.819424,1759.567,0,0.6,0.525,59.46547,42.3780174,449.953064,0,204915.72265625,4270.7777709960937,-6256.9554443359375
170.45000000000002,e1008,1216.83411,5.785796,1759.85632,0,0.6,0.525,59.46547,42.3780174,449.953064,0,205137.552734375,4263.9122314453125,-6256.94140625
170.5,e1008,1217.1217,5.752133,1760.14392,0,0.6,0.525,59.46547,42.3780174,449.953064,0,205360.876953125,4257.0577392578125,-6256.9573974609375
170.55,e1008,1217.40759,5.718437,1760.42981,0,0.6,0.525,59.46547,42.3780174,449.953064,0,205585.73046875,4250.2139892578125,-6256.9529418945312
170.60000000000002,e1008,1217.69177,5.684707,1760.714,0,0.6,0.525,59.46547,42.3780174,449.953064,0,205812.11328125,4243.3812561035156,-6256.9554443359375
170.65,e1008,1217.97449,5.65094233,1760.99658,0,0.6,0.525,59.46547,42.3780174,449.953064,0,206040.056640625,4236.5595092773437,-6257.344970703125
170.70000000000002,e1008,1218.25525,5.617142,1761.27747,0,0.6,0.525,59.46547,42.3780174,449.953064,0,206269.55078125,4229.7488098144531,-6256.9536743164062
170.75,e1008,1218.53455,5.583308,1761.55664,0,0.6,0.525,59.46547,42.3780174,449.953064,0,206500.640625,4222.94873046875,-6256.9546508789062
170.8,e1008,1218.81189,5.549438,1761.83411,0,0.6,0.525,59.46547,42.3780174,449.953064,0,206733.33984375,4216.1597290039062,-6256.9583740234375
170.85000000000002,e1008,1219.08777,5.515533,1762.10986,0,0.6,0.525,59.46547,42.3780174,449.953064,0,206967.662109375,4209.3817443847656,-6256.94140625
170.9,e1008,1219.36169,5.48159266,1762.38391,0,0.6,0.525,59.46547,42.3780174,449.953064,0,207203.62109375,4202.6148071289062,-6256.9404296875
170.95000000000002,e1008,1219.63416,5.447616,1762.65625,0,0.6,0.525,59.46547,42.3780174,449.953064,0,207441.224609375,4195.8587036132812,-6256.9439697265625
171,e1008,1219.90466,5.41360235,1762.92688,0,0.6,0.525,59.46547,42.3780174,449.953064,0,207680.537109375,4189.1137084960937,-6256.9556274414062
171.05,e1008,1220.17371,5.379554,1763.1958,0,0.6,0.525,59.46547,42.3780174,449.953064,0,207921.55078125,4182.3795776367187,-6256.9451904296875
171.10000000000002,e1008,1220.441,5.345467,1763.46313,0,0.6,0.525,59.46547,42.3780174,449.953064,0,208164.23828125,4175.6565551757812,-6256.95458984375
171.15,e1008,1220.70667,5.31134367,1763.72876,0,0.6,0.525,59.46547,42.3780174,449.953064,0,208408.708984375,4168.9443054199219,-6257.3363037109375
171.20000000000002,e1008,1220.97058,5.277183,1763.99268,0,0.6,0.525,59.46547,42.3780174,449.953064,0,208654.93359375,4162.2432556152344,-6256.9554443359375
171.25,e1008,1221.23279,5.242985,1764.25488,0,0.6,0.525,59.46547,42.3780174,449.953064,0,208902.927734375,4155.5531616210937,-6256.9583740234375
171.3,e1008,1221.49329,5.20874834,1764.51538,0,0.6,0.525,59.46547,42.3780174,449.953064,0,209152.708984375,4148.8741455078125,-6256.944091796875
171.35000000000002,e1008,1221.75183,5.17447424,1764.774,0,0.6,0.525,59.46547,42.3780174,449.953064,0,209404.341796875,4142.2060546875,-6256.9535522460937
171.4,e1008,1222.00891,5.140162,1765.031,0,0.6,0.525,59.46547,42.3780174,449.953064,0,209657.806640625,4135.5490112304687,-6256.9414672851562
171.45000000000002,e1008,1222.264,5.10581064,1765.28625,0,0.6,0.525,59.46547,42.3780174,449.953064,0,209913.13671875,4128.9029235839844,-6256.9466552734375
171.5,e1008,1222.5177,5.07142,1765.53979,0,0.6,0.525,59.46547,42.3780174,449.953064,0,210170.34765625,4122.2679138183594,-6256.9564208984375
171.55,e1008,1222.76941,5.03699064,1765.79163,0,0.6,0.525,59.46547,42.3780174,449.953064,0,210429.484375,4115.6438903808594,-6257.347412109375
171.60000000000002,e1008,1223.01965,5.002521,1766.04175,0,0.6,0.525,59.46547,42.3780174,449.953064,0,210690.54296875,4109.031005859375,-6256.9420166015625
171.65,e1008,1223.268,4.96801138,1766.29016,0,0.6,0.525,59.46547,42.3780174,449.953064,0,210953.57421875,4102.42919921875,-6257.332763671875
171.70000000000002,e1008,1223.51477,4.93346167,1766.53687,0,0.6,0.525,59.46547,42.3780174,449.953064,0,211218.583984375,4095.8382568359375,-6256.9508056640625
171.75,e1008,1223.75964,4.898872,1766.78186,0,0.6,0.525,59.46547,42.3780174,449.953064,0,211485.61328125,4089.2584838867187,-6256.95361328125
171.8,e1008,1224.00281,4.86424,1767.025,0,0.6,0.525,59.46547,42.3780174,449.953064,0,211754.63671875,4082.6898193359375,-6256.9467163085937
171.85000000000002,e1008,1224.24426,4.82956743,1767.26648,0,0.6,0.525,59.46547,42.3780174,449.953064,0,212025.736328125,4076.1322021484375,-6256.9594116210937
171.9,e1008,1224.484,4.79485369,1767.50623,0,0.6,0.525,59.46547,42.3780174,449.953064,0,212298.931640625,4069.5856323242187,-6256.9546508789062
171.95000000000002,e1008,1224.722,4.760098,1767.74426,0,0.6,0.525,59.46547,42.3780174,449.953064,0,212574.224609375,4063.0502319335937,-6257.042724609375
172,e1008,1224.95837,4.72530031,1767.98047,0,0.6,0.525,59.46547,42.3780174,449.953064,0,212851.669921875,4056.5257873535156,-6256.9414672851562
172.05,e1008,1225.19275,4.69045973,1768.215,0,0.6,0.525,59.46547,42.3780174,449.953064,0,213131.26171875,4050.0125427246094,-6257.344970703125
172.10000000000002,e1008,1225.42566,4.655576,1768.44775,0,0.6,0.525,59.46547,42.3780174,449.953064,0,213413.048828125,4043.5104675292969,-6256.9556884765625
172.15,e1008,1225.65662,4.620649,1768.67883,0,0.6,0.525,59.46547,42.3780174,449.953064,0,213697.048828125,4037.0194091796875,-6257.3447265625
172.20000000000002,e1008,1225.88586,4.58567858,1768.90808,0,0.6,0.525,59.46547,42.3780174,449.953064,0,213983.314453125,4030.539306640625,-6256.9544677734375
172.25,e1008,1226.1134,4.550665,1769.13562,0,0.6,0.525,59.46547,42.3780174,449.953064,0,214271.828125,4024.0704345703125,-6256.9556274414062
172.3,e1008,1226.33923,4.5156064,1769.36145,0,0.6,0.525,59.46547,42.3780174,449.953064,0,214562.693359375,4017.6128540039062,-6257.3504638671875
172.35000000000002,e1008,1226.56335,4.480503,1769.58545,0,0.6,0.525,59.46547,42.3780174,449.953064,0,214855.86328125,4011.1664428710937,-6256.9564208984375
172.4,e1008,1226.78552,4.445355,1769.80774,0,0.6,0.525,59.46547,42.3780174,449.953064,0,215151.3984375,4004.7308349609375,-6256.95556640625
172.45000000000002,e1008,1227.006,4.41016054,1770.0282,0,0.6,0.525,59.46547,42.3780174,449.953064,0,215449.35546875,3998.3065185546875,-6256.956298828125
172.5,e1008,1227.22473,4.37492132,1770.247,0,0.6,0.525,59.46547,42.3780174,449.953064,0,215749.712890625,3991.8934936523437,-6256.9451904296875
172.55,e1008,1227.44177,4.33963537,1770.464,0,0.6,0.525,59.46547,42.3780174,449.953064,0,216052.568359375,3985.4914245605469,-6257.3372802734375
172.60000000000002,e1008,1227.6571,4.30430269,1770.6792,0,0.6,0.525,59.46547,42.3780174,449.953064,0,216357.892578125,3979.1006164550781,-6256.9536743164062
172.65,e1008,1227.87048,4.268924,1770.8927,0,0.6,0.525,59.46547,42.3780174,449.953064,0,216665.74609375,3972.7210083007812,-6256.9467163085937
172.70000000000002,e1008,1228.08215,4.233497,1771.10437,0,0.6,0.525,59.46547,42.3780174,449.953064,0,216976.181640625,3966.3524475097656,-6257.33740234375
172.75,e1008,1228.29211,4.19802237,1771.31433,0,0.6,0.525,59.46547,42.3780174,449.953064,0,217289.21484375,3959.9952087402344,-6256.9529418945312
172.8,e1008,1228.50037,4.16249943,1771.52246,0,0.6,0.525,59.46547,42.3780174,449.953064,0,217604.875,3953.6489562988281,-6257.3446044921875
172.85000000000002,e1008,1228.70667,4.126928,1771.72876,0,0.6,0.525,59.46547,42.3780174,449.953064,0,217923.228515625,3947.3141784667969,-6256.9583740234375
172.9,e1008,1228.91125,4.091308,1771.93335,0,0.6,0.525,59.46547,42.3780174,449.953064,0,218244.267578125,3940.9902954101562,-6256.9566650390625
172.95000000000002,e1008,1229.11389,4.055638,1772.13611,0,0.6,0.525,59.46547,42.3780174,449.953064,0,218568.0703125,3934.6777954101562,-6256.9566650390625
173,e1008,1229.31506,4.019918,1772.33716,0,0.6,0.525,59.46547,42.3780174,449.953064,0,218894.658203125,3928.376708984375,-6257.343994140625
173.05,e1008,1229.51428,3.98414779,1772.53638,0,0.6,0.525,59.46547,42.3780174,449.953064,0,219224.068359375,3922.086669921875,-6257.3521728515625
173.10000000000002,e1008,1229.71155,3.94832659,1772.73376,0,0.6,0.525,59.46547,42.3780174,449.953064,0,219556.330078125,3915.8076782226562,-6256.9574584960937
173.15,e1008,1229.90735,3.91245461,1772.92944,0,0.6,0.525,59.46547,42.3780174,449.953064,0,219891.51953125,3909.5401916503906,-6257.3466186523437
173.20000000000002,e1008,1230.1012,3.87653017,1773.12329,0,0.6,0.525,59.46547,42.3780174,449.953064,0,220229.642578125,3903.2838439941406,-6257.347412109375
173.25,e1008,1230.29309,3.84055471,1773.31531,0,0.6,0.525,59.46547,42.3780174,449.953064,0,220570.767578125,3897.0386962890625,-6256.9476928710937
173.3,e1008,1230.48328,3.80452561,1773.50549,0,0.6,0.525,59.46547,42.3780174,449.953064,0,220914.923828125,3890.8047790527344,-6256.952880859375
173.35000000000002,e1008,1230.67175,3.76844382,1773.694,0,0.6,0.525,59.46547,42.3780174,449.953064,0,221262.142578125,3884.5821838378906,-6256.95361328125
173.4,e1008,1230.85852,3.73230767,1773.88062,0,0.6,0.525,59.46547,42.3780174,449.953064,0,221612.498046875,3878.3708190917969,-6257.33740234375
173.45000000000002,e1008,1231.04333,3.69611788,1774.06543,0,0.6,0.525,59.46547,42.3780174,449.953064,0,221966.029296875,3872.1708679199219,-6256.944091796875
173.5,e1008,1231.2262,3.65987372,1774.24841,0,0.6,0.525,59.46547,42.3780174,449.953064,0,222322.783203125,3865.9820251464844,-6256.951904296875
173.55,e1008,1231.40735,3.62357378,1774.42957,0,0.6,0.525,59.46547,42.3780174,449.953064,0,222682.783203125,3859.8046264648437,-6256.9556884765625
173.60000000000002,e1008,1231.58679,3.587219,1774.60889,0,0.6,0.525,59.46547,42.3780174,449.953064,0,223046.111328125,3853.6383361816406,-6256.9537963867187
173.65,e1008,1231.76428,3.55080771,1774.78638,0,0.6,0.525,59.46547,42.3780174,449.953064,0,223412.814453125,3847.4834289550781,-6256.9505004882812
173.70000000000002,e1008,1231.93982,3.51433969,1774.962,0,0.6,0.525,59.46547,42.3780174,449.953064,0,223782.908203125,3841.3397827148437,-6256.958251953125
173.75,e1008,1232.11389,3.4778142,1775.136,0,0.6,0.525,59.46547,42.3780174,449.953064,0,224156.486328125,3835.2075805664062,-6256.944091796875
173.8,e1008,1232.286,3.441231,1775.30811,0,0.6,0.525,59.46547,42.3780174,449.953064,0,224533.587890625,3829.0867614746094,-6256.9556274414062
173.85000000000002,e1008,1232.45618,3.40459013,1775.47839,0,0.6,0.525,59.46547,42.3780174,449.953064,0,224914.265625,3822.9770812988281,-6256.9537963867187
173.9,e1008,1232.62463,3.36788917,1775.64673,0,0.6,0.525,59.46547,42.3780174,449.953064,0,225298.572265625,3816.878662109375,-6256.9508666992187
173.95000000000002,e1008,1232.79114,3.331129,1775.81323,0,0.6,0.525,59.46547,42.3780174,449.953064,0,225686.560546875,3810.7919006347656,-6257.3446655273437
174,e1008,1232.95569,3.29430914,1775.97791,0,0.6,0.525,59.46547,42.3780174,449.953064,0,226078.310546875,3804.7162170410156,-6257.3494873046875
174.05,e1008,1233.11853,3.25742769,1776.14075,0,0.6,0.525,59.46547,42.3780174,449.953064,0,226473.85546875,3798.6519165039062,-6257.3336791992187
174.10000000000002,e1008,1233.27966,3.22048569,1776.30176,0,0.6,0.525,59.46547,42.3780174,449.953064,0,226873.294921875,3792.5990295410156,-6257.3474731445312
174.15,e1008,1233.43884,3.18348145,1776.46094,0,0.6,0.525,59.46547,42.3780174,449.953064,0,227276.640625,3786.5576782226562,-6257.3494873046875
174.20000000000002,e1008,1233.59607,3.14641452,1776.61829,0,0.6,0.525,59.46547,42.3780174,449.953064,0,227684,3780.5274047851562,-6257.3504638671875
174.25,e1008,1233.75159,3.109285,1776.7738,0,0.6,0.525,59.46547,42.3780174,449.953064,0,228095.412109375,3774.5085754394531,-6257.3466186523437
174.3,e1008,1233.90515,3.07209134,1776.92737,0,0.6,0.525,59.46547,42.3780174,449.953064,0,228510.951171875,3768.5013122558594,-6256.9420166015625
174.35000000000002,e1008,1234.057,3.03483319,1777.0791,0,0.6,0.525,59.46547,42.3780174,449.953064,0,228930.677734375,3762.5052490234375,-6256.9491577148437
174.4,e1008,1234.20691,2.99750948,1777.229,0,0.6,0.525,59.46547,42.3780174,449.953064,0,229354.685546875,3756.5206604003906,-6256.9556274414062
174.45000000000002,e1008,1234.35486,2.96012068,1777.377,0,0.6,0.525,59.46547,42.3780174,449.953064,0,229783.009765625,3750.5474548339844,-6256.942138671875
174.5,e1008,1234.50085,2.92266464,1777.52307,0,0.6,0.525,59.46547,42.3780174,449.953064,0,230215.7578125,3744.585693359375,-6257.3446655273437
174.55,e1008,1234.64514,2.88514161,1777.66736,0,0.6,0.525,59.46547,42.3780174,449.953064,0,230652.9921875,3738.6354675292969,-6256.9410400390625
174.60000000000002,e1008,1234.78748,2.847551,1777.80969,0,0.6,0.525,59.46547,42.3780174,449.953064,0,231094.7890625,3732.696533203125,-6256.9537963867187
174.65,e1008,1234.9281,2.809891,1777.9502,0,0.6,0.525,59.46547,42.3780174,449.953064,0,231541.205078125,3726.7691650390625,-6256.9508666992187
174.70000000000002,e1008,1235.06653,2.772162,1778.08875,0,0.6,0.525,59.46547,42.3780174,449.953064,0,231992.3515625,3720.8529968261719,-6257.3482666015625
174.75,e1008,1235.20325,2.73436332,1778.22546,0,0.6,0.525,59.46547,42.3780174,449.953064,0,232448.3203125,3714.9484252929687,-6256.95654296875
174.8,e1008,1235.338,2.69649315,1778.36023,0,0.6,0.525,59.46547,42.3780174,449.953064,0,232909.134765625,3709.0553588867187,-6256.951171875
174.85000000000002,e1008,1235.47107,2.65855145,1778.49316,0,0.6,0.525,59.46547,42.3780174,449.953064,0,233374.962890625,3703.173583984375,-6257.3494262695312
174.9,e1008,1235.60193,2.620537,1778.62415,0,0.6,0.525,59.46547,42.3780174,449.953064,0,233845.833984375,3697.3035278320312,-6256.951904296875
174.95000000000002,e1008,1235.73108,2.58244967,1778.7533,0,0.6,0.525,59.46547,42.3780174,449.953064,0,234321.87890625,3691.44482421875,-6256.94921875
175,e1008,1235.85828,2.5442884,1778.88049,0,0.6,0.525,59.46547,42.3780174,449.953064,0,234803.146484375,3685.5974426269531,-6257.3456420898437
175.05,e1008,1235.98352,2.50605178,1779.00574,0,0.6,0.525,59.46547,42.3780174,449.953064,0,235289.74609375,3679.7617492675781,-6256.9594116210937
175.10000000000002,e1008,1236.107,2.467739,1779.12915,0,0.6,0.525,59.46547,42.3780174,449.953064,0,235781.826171875,3673.9375305175781,-6256.9528198242187
175.15,e1008,1236.22839,2.42935014,1779.25061,0,0.6,0.525,59.46547,42.3780174,449.953064,0,236279.419921875,3668.124755859375,-6257.3472900390625
175.20000000000002,e1008,1236.348,2.39088368,1779.37012,0,0.6,0.525,59.46547,42.3780174,449.953064,0,236782.65625,3662.3236694335937,-6256.9556274414062
175.25,e1008,1236.4657,2.35233879,1779.48779,0,0.6,0.525,59.46547,42.3780174,449.953064,0,237291.638671875,3656.5338439941406,-6256.9539184570312
175.3,e1008,1236.58142,2.3137145,1779.60352,0,0.6,0.525,59.46547,42.3780174,449.953064,0,237806.505859375,3650.7556762695312,-6256.9573364257812
175.35000000000002,e1008,1236.69519,2.27500963,1779.71729,0,0.6,0.525,59.46547,42.3780174,449.953064,0,238327.306640625,3644.9889221191406,-6256.9454956054687
175.4,e1008,1236.807,2.2362237,1779.8291,0,0.6,0.525,59.46547,42.3780174,449.953064,0,238854.22265625,3639.233642578125,-6256.9537963867187
175.45000000000002,e1008,1236.91687,2.19735551,1779.939,0,0.6,0.525,59.46547,42.3780174,449.953064,0,239387.31640625,3633.4900512695312,-6257.3446655273437
175.5,e1008,1237.02478,2.15839148,1780.04688,0,0.6,0.525,59.46547,42.3780174,449.953064,0,239926.724609375,3710.531494140625,-6256.9544677734375
175.55,e1008,1237.13074,2.11932969,1780.15283,0,0.6,0.525,59.46547,42.3780174,449.953064,0,240472.779296875,3790.0096435546875,-6256.9554443359375
175.60000000000002,e1008,1237.23474,2.08016944,1780.25684,0,0.6,0.525,59.46547,42.3780174,449.953064,0,241025.595703125,3869.687744140625,-6256.9508056640625
175.65,e1008,1237.33679,2.040909,1780.35889,0,0.6,0.525,59.46547,42.3780174,449.953064,0,241585.3203125,3949.567626953125,-6256.9554443359375
175.70000000000002,e1008,1237.43689,2.00154829,1780.459,0,0.6,0.525,59.46547,42.3780174,449.953064,0,242152.099609375,4029.6526184082031,-6256.952880859375
175.75,e1008,1237.535,1.96208513,1780.55713,0,0.6,0.525,59.46547,42.3780174,449.953064,0,242726.048828125,4109.9440612792969,-6256.945068359375
175.8,e1008,1237.631,1.92251909,1780.6532,0,0.6,0.525,59.46547,42.3780174,449.953064,0,243307.34765625,4190.4447021484375,-6256.9556884765625
175.85000000000002,e1008,1237.72522,1.88284886,1780.74731,0,0.6,0.525,59.46547,42.3780174,449.953064,0,243896.123046875,4271.156494140625,-6257.031005859375
175.9,e1008,1237.81726,1.84307277,1780.83948,0,0.6,0.525,59.46547,42.3780174,449.953064,0,244492.59765625,4352.0824890136719,-6256.943115234375
175.95000000000002,e1008,1237.90759,1.80318964,1780.92969,0,0.6,0.525,59.46547,42.3780174,449.953064,0,245096.84765625,4433.2250671386719,-6256.9468994140625
176,e1008,1237.99573,1.76319885,1781.01782,0,0.6,0.525,59.46547,42.3780174,449.953064,0,245709.107421875,4514.5866088867187,-6256.9583740234375
176.05,e1008,1238.08191,1.72309816,1781.104,0,0.6,0.525,59.46547,42.3780174,449.953064,0,246329.521484375,4596.169677734375,-6256.9584350585937
176.10000000000002,e1008,1238.16589,1.68288708,1781.18811,0,0.6,0.525,59.46547,42.3780174,449.953064,0,246958.259765625,4677.9768981933594,-6256.945068359375
176.15,e1008,1238.24817,1.6425637,1781.27026,0,0.6,0.525,59.46547,42.3780174,449.953064,0,247595.541015625,4760.0116577148437,-6256.944091796875
176.20000000000002,e1008,1238.32825,1.60212648,1781.35034,0,0.6,0.525,59.46547,42.3780174,449.953064,0,248241.517578125,4842.2760009765625,-6256.9700927734375
176.25,e1008,1238.40637,1.56157482,1781.42847,0,0.6,0.525,59.46547,42.3780174,449.953064,0,248896.404296875,4924.7730102539062,-6257.3412475585937
176.3,e1008,1238.4823,1.52090645,1781.50452,0,0.6,0.525,59.46547,42.3780174,449.953064,0,249560.41015625,5007.5054931640625,-6256.956298828125
176.35000000000002,e1008,1238.55627,1.48012006,1781.57849,0,0.6,0.525,59.46547,42.3780174,449.953064,0,250233.744140625,5090.4768676757812,-6256.9467163085937
176.4,e1008,1238.6283,1.43921447,1781.65051,0,0.6,0.525,59.46547,42.3780174,449.953064,0,250916.59375,5173.6897583007812,-6256.9424438476562
176.45000000000002,e1008,1238.69836,1.39818764,1781.72046,0,0.6,0.525,59.46547,42.3780174,449.953064,0,251609.2421875,5257.1473388671875,-6256.9645385742187
176.5,e1008,1238.76624,1.3570385,1781.78833,0,0.6,0.525,59.46547,42.3780174,449.953064,0,252311.833984375,5340.8527221679687,-6256.9546508789062
176.55,e1008,1238.83191,1.315765,1781.85413,0,0.6,0.525,59.46547,42.3780174,449.953064,0,253024.681640625,5424.8093872070312,-6257.3410034179687
176.60000000000002,e1008,1238.89563,1.27436543,1781.91785,0,0.6,0.525,59.46547,42.3780174,449.953064,0,253747.978515625,5509.0205078125,-6256.941162109375
176.65,e1008,1238.9574,1.23283851,1781.97949,0,0.6,0.525,59.46547,42.3780174,449.953064,0,254482.001953125,5593.4898071289062,-6256.9448852539062
176.70000000000002,e1008,1239.017,1.19118214,1782.03906,0,0.6,0.525,59.46547,42.3780174,449.953064,0,255227.021484375,5678.2203369140625,-6256.9479370117187
176.75,e1008,1239.07434,1.14939463,1782.09656,0,0.6,0.525,59.46547,42.3780174,449.953064,0,255983.287109375,5763.21630859375,-6256.9674072265625
176.8,e1008,1239.12976,1.10747409,1782.152,0,0.6,0.525,59.46547,42.3780174,449.953064,0,256751.107421875,5848.4800415039062,-6256.9608764648437
176.85000000000002,e1008,1239.183,1.06541848,1782.2052,0,0.6,0.525,59.46547,42.3780174,449.953064,0,257530.771484375,5934.0169677734375,-6257.3439331054687
176.9,e1008,1239.23425,1.02322614,1782.25635,0,0.6,0.525,59.46547,42.3780174,449.953064,0,258322.546875,6019.8297119140625,-6256.9458618164062
176.95000000000002,e1008,1239.28333,0.9808951,1782.30542,0,0.6,0.525,59.46547,42.3780174,449.953064,0,259126.775390625,6105.9236450195312,-6256.9546508789062
177,e1008,1239.3302,0.9384232,1782.35229,0,0.6,0.525,59.46547,42.3780174,449.953064,0,259943.755859375,6192.3011474609375,-6256.9535522460937
177.05,e1008,1239.37488,0.8958083,1782.39709,0,0.6,0.525,59.46547,42.3780174,449.953064,0,260773.849609375,6278.9678344726562,-6256.9404296875
177.10000000000002,e1008,1239.4176,0.8530484,1782.4397,0,0.6,0.525,59.46547,42.3780174,449.953064,0,261617.380859375,6365.9259033203125,-6256.9420166015625
177.15,e1008,1239.45813,0.810141146,1782.48022,0,0.6,0.525,59.46547,42.3780174,449.953064,0,262474.728515625,6453.1823120117187,-6256.9481811523437
177.20000000000002,e1008,1239.49646,0.767084241,1782.51855,0,0.6,0.525,59.46547,42.3780174,449.953064,0,263346.271484375,6540.7396240234375,-6256.9573974609375
177.25,e1008,1239.53259,0.723875642,1782.55469,0,0.6,0.525,59.46547,42.3780174,449.953064,0,264232.357421875,6628.603759765625,-6256.9476928710937
177.3,e1008,1239.56653,0.680512846,1782.58875,0,0.6,0.525,59.46547,42.3780174,449.953064,0,265133.419921875,6716.7786254882812,-6256.9449462890625
177.35000000000002,e1008,1239.59851,0.6369933,1782.62061,0,0.6,0.525,59.46547,42.3780174,449.953064,0,266049.865234375,6805.2689208984375,-6256.951904296875
177.4,e1008,1239.628,0.5933145,1782.65027,0,0.6,0.525,59.46547,42.3780174,449.953064,0,266982.173828125,6894.0806884765625,-6256.9429931640625
177.45000000000002,e1008,1239.65564,0.549473941,1782.67773,0,0.6,0.525,59.46547,42.3780174,449.953064,0,267930.732421875,6983.2173461914062,-6256.9458618164062
177.5,e1008,1239.68079,0.5054689,1782.703,0,0.6,0.525,59.46547,42.3780174,449.953064,0,268896.068359375,7072.6864624023437,-6256.9674072265625
177.55,e1008,1239.704,0.461296737,1782.72607,0,0.6,0.525,59.46547,42.3780174,449.953064,0,269878.65625,7162.4918212890625,-6256.94384765625
177.60000000000002,e1008,1239.72473,0.416954458,1782.747,0,0.6,0.525,59.46547,42.3780174,449.953064,0,270878.984375,7252.6399536132812,-6256.9656372070312
177.65,e1008,1239.74353,0.3724393,1782.76563,0,0.6,0.525,59.46547,42.3780174,449.953064,0,271897.6015625,7343.1360473632812,-6256.9517822265625
177.70000000000002,e1008,1239.75989,0.32774815,1782.782,0,0.6,0.525,59.46547,42.3780174,449.953064,0,272935.056640625,7433.9857788085937,-6256.9556884765625
177.75,e1008,1239.774,0.282878041,1782.79614,0,0.6,0.525,59.46547,42.3780174,449.953064,0,273991.927734375,7525.1956787109375,-6256.8773193359375
177.8,e1008,1239.78577,0.237825751,1782.808,0,0.6,0.525,59.46547,42.3780174,449.953064,0,275068.822265625,7616.7722778320312,-6256.9439697265625
177.85000000000002,e1008,1239.79553,0.192587987,1782.81763,0,0.6,0.525,59.46547,42.3780174,449.953064,0,276166.373046875,7708.7210083007812,-6256.938720703125
177.9,e1008,1239.80286,0.147161379,1782.825,0,0.6,0.525,59.46547,42.3780174,449.953064,0,277285.240234375,7801.05029296875,-6256.9539184570312
177.95000000000002,e1008,1239.808,0.101542428,1782.83008,0,0.6,0.525,59.46547,42.3780174,449.953064,0,278426.099609375,7893.7654418945312,-6257.3484497070312
178,e1008,1239.81067,0.05572747,1782.83289,0,0.6,0.525,59.46547,42.3780174,449.953064,0,279589.693359375,7986.8749389648437,-6256.9673461914062
178.05,e1008,1239.81116,0.009712899,1782.83337,0,0.6,0.525,59.46547,42.3780174,449.953064,0,280776.74609375,8080.3843994140625,-6256.9491577148437
178.10000000000002,e1008,1239.81128,-0.0150126806,1782.83252,0,0.6,0.525,59.46547,42.3780174,449.953064,0,281988.0546875,8174.3038940429687,-6256.9727172851562
178.15,e1008,1239.81128,-0.000361460669,1782.83252,0,0.6,0.525,59.46547,42.3780174,449.953064,0,282211.349609375,8177.1608276367187,-6256.9501342773437
178.20000000000002,e1008,1239.81128,0,1782.83252,0,0.6,0.525,59.46547,42.3780174,449.953064,0,282245.40625,8193.7782592773437,-6256.9501342773437
178.25,e1008,1239.81128,0,1782.83252,0,0.6,0.525,59.46547,42.3780174,449.953064,0,282246.259765625,8194.219970703125,-6256.9501342773437
178.3,e1008,1239.81128,0,1782.83252,0,0.6,0.525,59.46547,42.3780174,449.953064,0,282246.259765625,8194.2525634765625,-6256.9501342773437
178.35000000000002,e1008,1239.81128,0,1782.83252,0,0.6,0.525,59.46547,42.3780174,449.953064,0,282246.259765625,8194.2858276367187,-6256.9501342773437
178.4,e1008,1239.81128,0,1782.83252,0,0.6,0.525,59.46547,42.3780174,449.953064,0,282246.259765625,8194.318603515625,-6256.9501342773437
178.45000000000002,e1008,1239.81128,0,1782.83252,0,0.6,0.525,59.46547,42.3780174,449.953064,0,282246.259765625,8194.3516235351562,-6256.9501342773437
178.5,e1008,1239.81128,0,1782.83252,0,0.6,0.525,59.46547,42.3780174,449.953064,0,282246.259765625,8194.3840942382812,-6256.9501342773437
178.55,e1008,1239.81128,0,1782.83252,0,0.6,0.525,59.46547,42.3780174,449.953064,0,282246.259765625,8194.417236328125,-6256.9501342773437
178.60000000000002,e1008,1239.81128,0,1782.83252,0,0.6,0.525,59.46547,42.3780174,449.953064,0,282246.259765625,8194.44970703125,-6256.9501342773437
178.65,e1008,1239.81128,0,1782.83252,0,0.6,0.525,59.46547,42.3780174,449.953064,0,282246.259765625,8194.4827270507812,-6256.9501342773437
178.70000000000002,e1008,1239.81128,0,1782.83252,0,0.6,0.525,59.46547,42.3780174,449.953064,0,282246.259765625,8194.5154418945312,-6256.9501342773437
178.75,e1008,1239.81128,0,1782.83252,0,0.6,0.525,59.46547,42.3780174,449.953064,0,282246.259765625,8194.5480346679687,-6256.9501342773437
178.8,e1008,1239.81128,0,1782.83252,0,0.6,0.525,59.46547,42.3780174,449.953064,0,282246.259765625,8194.5811767578125,-6256.9501342773437
178.85000000000002,e1008,1239.81128,0,1782.83252,0,0.6,0.525,59.46547,42.3780174,449.953064,0,282246.259765625,8194.6140747070312,-6256.9501342773437
178.9,e1008,1239.81128,0,1782.83252,0,0.6,0.525,59.46547,42.3780174,449.953064,0,282246.259765625,8194.64697265625,-6256.9501342773437
178.95000000000002,e1008,1239.81128,0,1782.83252,0,0.6,0.525,59.46547,42.3780174,449.953064,0,282246.259765625,8194.679931640625,-6256.9501342773437
179,e1008,1239.81128,0,1782.83252,0,0.6,0.525,59.46547,42.3780174,449.953064,0,282246.259765625,8194.7117309570312,-6256.9501342773437
179.05,e1008,1239.81128,0,1782.83252,0,0.6,0.525,59.46547,42.3780174,449.953064,0,282246.259765625,8194.7454223632812,-6256.9501342773437
179.10000000000002,e1008,1239.81128,0,1782.83252,0,0.6,0.525,59.46547,42.3780174,449.953064,0,282246.259765625,8194.7777709960937,-6256.9501342773437
179.15,e1008,1239.81128,0,1782.83252,0,0.6,0.525,59.46547,42.3780174,449.953064,0,282246.259765625,8194.8108520507812,-6256.9501342773437
179.20000000000002,e1008,1239.81128,0,1782.83252,0,0.6,0.525,59.46547,42.3780174,449.953064,0,282246.259765625,8194.84375,-6256.9501342773437
179.25,e1008,1239.81128,0,1782.83252,0,0.6,0.525,59.46547,42.3780174,449.953064,0,282246.259765625,8194.8763427734375,-6256.9501342773437
179.3,e1008,1239.81128,0,1782.83252,0,0.6,0.525,59.46547,42.3780174,449.953064,0,282246.259765625,8194.9092407226562,-6256.9501342773437
179.35000000000002,e1008,1239.81128,0,1782.83252,0,0.6,0.525,59.46547,42.3780174,449.953064,0,282246.259765625,8194.9419555664062,-6256.9501342773437
179.4,e1008,1239.81128,0,1782.83252,0,0.6,0.525,59.46547,42.3780174,449.953064,0,282246.259765625,8194.9746704101562,-6256.9501342773437
179.45000000000002,e1008,1239.81128,0,1782.83252,0,0.6,0.525,59.46547,42.3780174,449.953064,0,282246.259765625,8195.0077514648437,-6256.9501342773437
179.5,e1008,1239.81128,0,1782.83252,0,0.6,0.525,59.46547,42.3780174,449.953064,0,282246.259765625,8195.0404052734375,-6256.9501342773437
179.55,e1008,1239.81128,0,1782.83252,0,0.6,0.525,59.46547,42.3780174,449.953064,0,282246.259765625,8195.0726318359375,-6256.9501342773437
179.60000000000002,e1008,1239.81128,0,1782.83252,0,0.6,0.525,59.46547,42.3780174,449.953064,0,282246.259765625,8195.1065063476562,-6256.9501342773437
179.65,e1008,1239.81128,0,1782.83252,0,0.6,0.525,59.46547,42.3780174,449.953064,0,282246.259765625,8195.1382446289062,-6256.9501342773437
179.70000000000002,e1008,1239.81128,0,1782.83252,0,0.6,0.525,59.46547,42.3780174,449.953064,0,282246.259765625,8195.1719360351562,-6256.9501342773437
179.75,e1008,1239.81128,0,1782.83252,0,0.6,0.525,59.46547,42.3780174,449.953064,0,282246.259765625,8195.2042846679687,-6256.9501342773437
179.8,e1008,1239.81128,0,1782.83252,0,0.6,0.525,59.46547,42.3780174,449.953064,0,282246.259765625,8195.2366943359375,-6256.9501342773437
179.85000000000002,e1008,1239.81128,0,1782.83252,0,0.6,0.525,59.46547,42.3780174,449.953064,0,282246.259765625,8195.270263671875,-6256.9501342773437
179.9,e1008,1239.81128,0,1782.83252,0,0.6,0.525,59.46547,42.3780174,449.953064,0,282246.259765625,8195.3024291992187,-6256.9501342773437
179.95000000000002,e1008,1239.81128,0,1782.83252,0,0.6,0.525,59.46547,42.3780174,449.953064,0,282246.259765625,8195.3357543945312,-6256.9501342773437
180,e1008,1239.81128,0,1782.83252,0,0.6,0.525,59.46547,42.3780174,449.953064,0,282246.259765625,8195.3682250976562,-6256.9501342773437
180.05,e1008,1239.81128,0,1782.83252,0.5,0,0.1,59.73123,42.3780174,449.953064,0,282246.259765625,8195.4011840820312,-6256.9501342773437
180.10000000000002,e1008,1239.81128,0,1782.83252,0.5,0,0.1,59.9963455,42.3780174,449.953064,0,282246.259765625,8195.4340209960937,-6256.9501342773437
180.15,e1008,1239.81128,0,1782.83252,0.5,0,0.1,60.27985,42.3780174,449.953064,0,282246.259765625,8195.4669189453125,-6256.9501342773437
180.20000000000002,e1008,1239.81128,0,1782.83252,0.5,0,0.1,60.5774269,42.3780174,449.953064,0,282246.259765625,8195.4990844726562,-6256.9501342773437
180.25,e1008,1239.81128,0,1782.83252,0.5,0,0.1,60.88724,41.9764,449.953064,0,280408.494140625,8195.5325317382812,-6256.9501342773437
180.3,e1008,1239.81128,0,1782.83252,0.5,0,0.1,61.2045822,41.5100021,449.953064,0,277316.34765625,8195.564697265625,-6256.9501342773437
180.35000000000002,e1008,1239.81128,0,1782.83252,0.5,0,0.1,61.534977,41.03704,449.953064,0,274093.94140625,8195.5975952148437,-6256.9501342773437
180.4,e1008,1239.81128,0,1782.83252,0.5,0,0.1,61.870182,40.5675125,449.953064,0,270881.58203125,8195.6303100585937,-6256.9501342773437
180.45000000000002,e1008,1239.81128,0,1782.83252,0.5,0,0.1,62.2093773,40.1030769,449.953064,0,267697.271484375,8195.663330078125,-6256.9501342773437
180.5,e1008,1239.81128,0,1782.83252,0.5,0,0.1,62.5519142,39.6439323,449.953064,0,264543.037109375,8195.6961669921875,-6256.9501342773437
180.55,e1008,1239.81128,0,1782.83252,0.5,0,0.1,62.897274,39.1900749,449.953064,0,261418.931640625,8195.7290649414062,-6256.9501342773437
180.60000000000002,e1008,1239.81128,0,1782.83252,0.5,0,0.1,63.245018,38.7414474,449.953064,0,258324.765625,8195.7619018554687,-6256.9501342773437
180.65,e1008,1239.81128,0,1782.83252,0.5,0,0.1,63.5947876,38.2979927,449.953064,0,255260.26953125,8195.7941284179687,-6256.9501342773437
180.70000000000002,e1008,1239.81128,0,1782.83252,0.5,0,0.1,63.9463043,37.85965,449.953064,0,252225.171875,8195.8278198242187,-6256.9501342773437
180.75,e1008,1239.81128,0,1782.83252,0.5,0,0.1,64.29932,37.42635,449.953064,0,249219.16796875,8195.85986328125,-6256.9501342773437
180.8,e1008,1239.81128,0,1782.83252,0.5,0,0.1,64.6536,36.9980469,449.953064,0,246242.044921875,8195.8934326171875,-6256.9501342773437
180.85000000000002,e1008,1239.81128,0,1782.83252,0.5,0,0.1,65.00899,36.57468,449.953064,0,243936.71875,8195.9253540039062,-6256.9501342773437
180.9,e1008,1239.81128,0,1782.83252,0.5,0,0.1,65.36533,36.1561737,449.953064,0,241720.431640625,8195.9586791992187,-6256.9501342773437
180.95000000000002,e1008,1239.81128,0,1782.83252,0.5,0,0.1,65.7225,35.74248,449.953064,0,239516.6806640625,8195.9907836914062,-6256.9501342773437
181,e1008,1239.81128,0,1782.83252,0.5,0,0.1,66.07735,35.33357,449.953064,0,237325.4658203125,8196.0244750976562,-6256.9501342773437
181.05,e1008,1239.81128,0,1782.83252,0.5,0,0.1,66.42786,34.9293442,449.953064,0,235146.640625,8196.0568237304687,-6256.9501342773437
181.10000000000002,e1008,1239.81128,0,1782.83252,0.5,0,0.1,66.77228,34.52978,449.953064,0,232980.1123046875,8196.089599609375,-6256.9501342773437
181.15,e1008,1239.81128,0,1782.83252,0.5,0,0.1,67.10909,34.13481,449.953064,0,230825.8583984375,8196.1227416992187,-6256.9501342773437
181.20000000000002,e1008,1239.81128,0,1782.83252,0.5,0,0.1,67.43686,33.7443771,449.953064,0,228683.6787109375,8196.1543579101562,-6256.9501342773437
181.25,e1008,1239.81128,0,1782.83252,0.5,0,0.1,67.754364,33.3584328,449.953064,0,226553.6416015625,8196.1884155273437,-6256.9501342773437
181.3,e1008,1239.81128,0,1782.83252,0.5,0,0.1,68.0604248,32.9769325,449.953064,0,224435.5966796875,8196.2205200195312,-6256.9501342773437
181.35000000000002,e1008,1239.81128,0,1782.83252,0.5,0,0.1,68.35402,32.599823,449.953064,0,222329.4990234375,8196.25341796875,-6256.9501342773437
181.4,e1008,1239.81128,0,1782.83252,0.5,0,0.1,68.63422,32.2270279,449.953064,0,220235.1689453125,8196.286376953125,-6256.9501342773437
181.45000000000002,e1008,1239.81128,0,1782.83252,0.5,0,0.1,68.90025,31.8585281,449.953064,0,218152.6220703125,8196.319091796875,-6256.9501342773437
181.5,e1008,1239.81128,0,1782.83252,0.5,0,0.1,69.1515045,31.49426,449.953064,0,216081.830078125,8196.3518676757812,-6256.9501342773437
181.55,e1008,1239.81128,0,1782.83252,0.5,0,0.1,69.38755,31.1341763,449.953064,0,214022.626953125,8196.3847045898437,-6256.9501342773437
181.60000000000002,e1008,1239.81128,0,1782.83252,0.5,0,0.1,69.6082153,30.77823,449.953064,0,211974.990234375,8196.4172973632812,-6256.9501342773437
181.65,e1008,1239.81128,0,1782.83252,0.5,0,0.1,69.81362,30.4263668,449.953064,0,209938.8154296875,8196.4501342773437,-6256.9501342773437
181.70000000000002,e1008,1239.81128,0,1782.83252,0.5,0,0.1,70.0041962,30.0785446,449.953064,0,207914.01171875,8196.4832763671875,-6256.9501342773437
181.75,e1008,1239.81128,0,1782.83252,0.5,0,0.1,70.18079,29.7347221,449.953064,0,205900.611328125,8196.5155029296875,-6256.9501342773437
181.8,e1008,1239.81128,0,1782.83252,0.5,0,0.1,70.34448,29.3948326,449.953064,0,203898.443359375,8196.54833984375,-6256.9501342773437
181.85000000000002,e1008,1239.81128,0,1782.83252,0.5,0,0.1,70.49663,29.05886,449.953064,0,201907.4755859375,8196.5808715820312,-6256.9501342773437
181.9,e1008,1239.81128,0,1782.83252,0.5,0,0.1,70.63859,28.726738,449.953064,0,199927.6455078125,8196.6138305664062,-6256.9501342773437
181.95000000000002,e1008,1239.81128,0,1782.83252,0.5,0,0.1,70.7705154,28.39842,449.953064,0,197958.86328125,8196.6469116210937,-6256.9501342773437
182,e1008,1239.81128,0,1782.83252,0.5,0,0.1,70.89475,28.0738773,449.953064,0,196001.083984375,8196.6795654296875,-6256.9501342773437
182.05,e1008,1239.81128,0,1782.83252,0.5,0,0.1,71.0125961,27.7530556,449.953064,0,194054.2607421875,8196.712890625,-6256.9501342773437
182.10000000000002,e1008,1239.81128,0,1782.83252,0.5,0,0.1,71.12446,27.4359074,449.953064,0,192118.26953125,8196.7450561523437,-6256.9501342773437
182.15,e1008,1239.81128,0,1782.83252,0.5,0,0.1,71.2306747,27.1224022,449.953064,0,190193.0986328125,8196.7776489257812,-6256.9501342773437
182.20000000000002,e1008,1239.81128,0,1782.83252,0.5,0,0.1,71.3315659,26.8124962,449.953064,0,188278.701171875,8196.8107299804687,-6256.9501342773437
182.25,e1008,1239.81128,0,1782.83252,0.5,0,0.1,71.42738,26.50614,449.953064,0,186374.9541015625,8196.8432006835937,-6256.9501342773437
182.3,e1008,1239.81128,0,1782.83252,0.5,0,0.1,71.51839,26.20329,449.953064,0,184481.83203125,8196.8765869140625,-6256.9501342773437
182.35000000000002,e1008,1239.81128,0,1782.83252,0.5,0,0.1,71.60483,25.9039173,449.953064,0,182599.271484375,8196.908935546875,-6256.9501342773437
182.4,e1008,1239.81128,0,1782.83252,0.5,0,0.1,71.6869354,25.6079826,449.953064,0,180727.197265625,8196.9418334960937,-6256.9501342773437
182.45000000000002,e1008,1239.81128,0,1782.83252,0.5,0,0.1,71.76492,25.3154316,449.953064,0,178865.5947265625,8196.9740600585937,-6256.9501342773437
182.5,e1008,1239.81128,0,1782.83252,0.5,0,0.1,71.839,25.0262356,449.953064,0,177014.3408203125,8197.0075073242188,-6256.9501342773437
182.55,e1008,1239.81128,0,1782.83252,0.5,0,0.1,71.90938,24.74035,449.953064,0,175173.4619140625,8197.0396118164062,-6256.9501342773437
182.60000000000002,e1008,1239.81128,0,1782.83252,0.5,0,0.1,71.97623,24.4577484,449.953064,0,173342.828125,8197.072509765625,-6256.9501342773437
182.65,e1008,1239.81128,0,1782.83252,0.5,0,0.1,72.03973,24.178381,449.953064,0,171522.4072265625,8197.1054077148437,-6256.9501342773437
182.70000000000002,e1008,1239.81128,0,1782.83252,0.5,0,0.1,72.10004,23.9022083,449.953064,0,169712.140625,8197.1384887695312,-6256.9501342773437
182.75,e1008,1239.81128,0,1782.83252,0.5,0,0.1,72.15735,23.6292133,449.953064,0,167912.0126953125,8197.1710815429687,-6256.9501342773437
182.8,e1008,1239.81128,0,1782.83252,0.5,0,0.1,72.2117844,23.3593273,449.953064,0,166121.8720703125,8197.2040405273437,-6256.9501342773437
182.85000000000002,e1008,1239.81128,0,1782.83252,0.5,0,0.1,72.26349,23.09255,449.953064,0,164341.791015625,8197.2369995117187,-6256.9501342773437
182.9,e1008,1239.81128,0,1782.83252,0.5,0,0.1,72.3126144,22.8288174,449.953064,0,162571.6298828125,8197.2691650390625,-6256.9501342773437
182.95000000000002,e1008,1239.81128,0,1782.83252,0.5,0,0.1,72.3592758,22.5681114,449.953064,0,160811.3876953125,8197.30224609375,-6256.9501342773437
183,e1008,1239.81128,0,1782.83252,0.5,0,0.1,72.40361,22.3103828,449.953064,0,159060.974609375,8197.3344116210937,-6256.9501342773437
183.05,e1008,1239.81128,0,1782.83252,0.5,0,0.1,72.4457245,22.05561,449.953064,0,157320.3154296875,8197.3678588867187,-6256.9501342773437
183.10000000000002,e1008,1239.81128,0,1782.83252,0.5,0,0.1,72.48434,21.8037567,449.953064,0,155589.4599609375,8197.4005737304687,-6256.9501342773437
183.15,e1008,1239.81128,0,1782.83252,0.5,0,0.1,72.51971,21.5547848,449.953064,0,153868.2705078125,8197.4331665039062,-6256.9501342773437
183.20000000000002,e1008,1239.81128,0,1782.83252,0.5,0,0.1,72.52036,21.3086548,449.953064,0,152156.6943359375,8197.4661254882812,-6256.9501342773437
183.25,e1008,1239.81128,0,1782.83252,0.5,0,0.1,72.52046,21.0653534,449.953064,0,150454.787109375,8197.49853515625,-6256.9501342773437
183.3,e1008,1239.81128,0,1782.83252,0.5,0,0.1,72.52047,20.8248386,449.953064,0,148762.4267578125,8197.5311279296875,-6256.9501342773437
183.35000000000002,e1008,1239.81128,0,1782.83252,0.5,0,0.1,72.52047,20.5870628,449.953064,0,147079.4990234375,8197.5642700195312,-6256.9501342773437
183.4,e1008,1239.81128,0,1782.83252,0.5,0,0.1,72.52047,20.3520241,449.953064,0,145406.1220703125,8197.5968627929687,-6256.9501342773437
183.45000000000002,e1008,1239.81128,0,1782.83252,0.5,0,0.1,72.52047,20.1196632,449.953064,0,143742.078125,8197.6298217773437,-6256.9501342773437
183.5,e1008,1239.81128,0,1782.83252,0.5,0,0.1,72.52047,19.8899651,449.953064,0,142087.4443359375,8197.6622314453125,-6256.9501342773437
183.55,e1008,1239.81128,0,1782.83252,0.5,0,0.1,72.52047,19.6628971,449.953064,0,140442.166015625,8197.6949462890625,-6256.9501342773437
183.60000000000002,e1008,1239.81128,0,1782.83252,0.5,0,0.1,72.52047,19.438427,449.953064,0,138806.134765625,8197.7278442382812,-6256.9501342773437
183.65,e1008,1239.81128,0,1782.83252,0.5,0,0.1,72.52047,19.21652,449.953064,0,137179.341796875,8197.7604370117188,-6256.9501342773437
183.70000000000002,e1008,1239.81128,0,1782.83252,0.5,0,0.1,72.52047,18.9971561,449.953064,0,135561.7607421875,8197.7932739257812,-6256.9501342773437
183.75,e1008,1239.81128,0,1782.83252,0.5,0,0.1,72.52047,18.7803,449.953064,0,133953.3134765625,8197.8262329101562,-6256.9501342773437
183.8,e1008,1239.81128,0,1782.83252,0.5,0,0.1,72.52047,18.5659237,449.953064,0,132353.9921875,8197.8589477539062,-6256.9501342773437
183.85000000000002,e1008,1239.81128,0,1782.83252,0.5,0,0.1,72.52047,18.354,449.953064,0,130763.74365234375,8197.8910522460937,-6256.9501342773437
183.9,e1008,1239.81128,0,1782.83252,0.5,0,0.1,72.52047,18.1445,449.953064,0,129182.54736328125,8197.9248046875,-6256.9501342773437
183.95000000000002,e1008,1239.81128,0,1782.83252,0.5,0,0.1,72.52047,17.9373951,449.953064,0,127610.314453125,8197.9567260742187,-6256.9501342773437
184,e1008,1239.81128,0,1782.83252,0.5,0,0.1,72.52047,17.732666,449.953064,0,126047.064453125,8197.9898071289062,-6256.9501342773437
184.05,e1008,1239.81128,0,1782.83252,0.5,0,0.1,72.52047,17.5302677,449.953064,0,124492.68310546875,8198.0223999023437,-6256.9501342773437
184.10000000000002,e1008,1239.81128,0,1782.83252,0.5,0,0.1,72.52047,17.3301888,449.953064,0,122947.2421875,8198.0556030273437,-6256.9501342773437
184.15,e1008,1239.81128,0,1782.83252,0.5,0,0.1,72.52047,17.1324,449.953064,0,121410.60888671875,8198.0884399414062,-6256.9501342773437
184.20000000000002,e1008,1239.81128,0,1782.83252,0.5,0,0.1,72.52047,16.9368649,449.953064,0,119882.7763671875,8198.1204223632812,-6256.9501342773437
184.25,e1008,1239.81128,0,1782.83252,0.5,0,0.1,72.52047,16.74358,449.953064,0,118363.7646484375,8198.1535034179687,-6256.9501342773437
184.3,e1008,1239.81128,0,1782.83252,0.5,0,0.1,72.52047,16.55249,449.953064,0,116853.39990234375,8198.1859741210937,-6256.9501342773437
184.35000000000002,e1008,1239.81128,0,1782.83252,0.5,0,0.1,72.52047,16.3635883,449.953064,0,115351.77978515625,8198.2191772460937,-6256.9501342773437
184.4,e1008,1239.81128,0,1782.83252,0.5,0,0.1,72.52047,16.1768513,449.953064,0,113858.8291015625,8198.2518920898437,-6256.9501342773437
184.45000000000002,e1008,1239.81128,0,1782.83252,0.5,0,0.1,72.52047,15.9922409,449.953064,0,112374.44384765625,8198.2841186523437,-6256.9501342773437
184.5,e1008,1239.81128,0,1782.83252,0.5,0,0.1,72.52047,15.8097439,449.953064,0,110898.6962890625,8198.317626953125,-6256.9501342773437
184.55,e1008,1239.81128,0,1782.83252,0.5,0,0.1,72.52047,15.6293383,449.953064,0,109431.50439453125,8198.3500366210937,-6256.9501342773437
184.60000000000002,e1008,1239.81128,0,1782.83252,0.5,0,0.1,72.52047,15.4509916,449.953064,0,107972.830078125,8198.3827514648437,-6256.9501342773437
184.65,e1008,1239.81128,0,1782.83252,0.5,0,0.1,72.52047,15.2746792,449.953064,0,106522.64990234375,8198.4155883789062,-6256.9501342773437
184.70000000000002,e1008,1239.81128,0,1782.83252,0.5,0,0.1,72.52047,15.1003847,449.953064,0,105080.93408203125,8198.4483032226562,-6256.9501342773437
184.75,e1008,1239.81128,0,1782.83252,0.5,0,0.1,72.52047,14.9280844,449.953064,0,103647.611328125,8198.481201171875,-6256.9501342773437
184.8,e1008,1239.81128,0,1782.83252,0.5,0,0.1,72.52047,14.7577438,449.953064,0,102222.68359375,8198.5134887695312,-6256.9501342773437
184.85000000000002,e1008,1239.81128,0,1782.83252,0.5,0,0.1,72.52047,14.5893593,449.953064,0,100806.13671875,8198.5464477539062,-6256.9501342773437
184.9,e1008,1239.81128,0,1782.83252,0.5,0,0.1,72.52047,14.4228992,449.953064,0,99397.9296875,8198.5791625976562,-6256.9501342773437
184.95000000000002,e1008,1239.81128,0,1782.83252,0.5,0,0.1,72.52047,14.258337,449.953064,0,97998.00830078125,8198.6117553710937,-6256.9501342773437
185,e1008,1239.81128,0,1782.83252,0.5,0,0.1,72.52047,14.0956535,449.953064,0,96606.3271484375,8198.644775390625,-6256.9501342773437
185.05,e1008,1239.81128,0,1782.83252,0.5,0,0.1,72.52047,13.9348326,449.953064,0,95222.9189453125,8198.6769409179687,-6256.9501342773437
185.10000000000002,e1008,1239.81128,0,1782.83252,0.5,0,0.1,72.52047,13.7758455,449.953064,0,93847.703125,8198.7105712890625,-6256.9501342773437
185.15,e1008,1239.81128,0,1782.83252,0.5,0,0.1,72.52047,13.61868,449.953064,0,92480.68310546875,8198.7428588867187,-6256.9501342773437
185.20000000000002,e1008,1239.81128,0,1782.83252,0.5,0,0.1,72.52047,13.4633083,449.953064,0,91121.78466796875,8198.7754516601562,-6256.9501342773437
185.25,e1008,1239.81128,0,1782.83252,0.5,0,0.1,72.52047,13.3097057,449.953064,0,89771.0009765625,8198.8085327148437,-6256.9501342773437
185.3,e1008,1239.81128,0,1782.83252,0.5,0,0.1,72.52047,13.1578627,449.953064,0,88428.32080078125,8198.8414916992187,-6256.9501342773437
185.35000000000002,e1008,1239.81128,0,1782.83252,0.5,0,0.1,72.52047,13.0077591,449.953064,0,87093.73779296875,8198.8739013671875,-6256.9501342773437
185.4,e1008,1239.81128,0,1782.83252,0.5,0,0.1,72.52047,12.8593607,449.953064,0,85767.12890625,8198.9066772460937,-6256.9501342773437
185.45000000000002,e1008,1239.81128,0,1782.83252,0.5,0,0.1,72.52047,12.71266,449.953064,0,84448.5439453125,8198.9391479492187,-6256.9501342773437
185.5,e1008,1239.81128,0,1782.83252,0.5,0,0.1,72.52047,12.5676384,449.953064,0,83137.97216796875,8198.9722290039062,-6256.9501342773437
185.55,e1008,1239.81128,0,1782.83252,0.5,0,0.1,72.52047,12.4242678,449.953064,0,81835.27392578125,8199.0053100585938,-6256.9501342773437
185.60000000000002,e1008,1239.81128,0,1782.83252,0.5,0,0.1,72.52047,12.2825365,449.953064,0,80540.52978515625,8199.0375366210937,-6256.9501342773437
185.65,e1008,1239.81128,0,1782.83252,0.5,0,0.1,72.52047,12.14243,449.953064,0,79253.74365234375,8199.070068359375,-6256.9501342773437
185.70000000000002,e1008,1239.81128,0,1782.83252,0.5,0,0.1,72.52047,12.0039167,449.953064,0,77974.7333984375,8199.1028442382812,-6256.9501342773437
185.75,e1008,1239.81128,0,1782.83252,0.5,0,0.1,72.52047,11.8669891,449.953064,0,76703.61572265625,8199.1356201171875,-6256.9501342773437
185.8,e1008,1239.81128,0,1782.83252,0.5,0,0.1,72.52047,11.7316208,449.953064,0,75440.310546875,8199.1683959960937,-6256.9501342773437
185.85000000000002,e1008,1239.81128,0,1782.83252,0.5,0,0.1,72.52047,11.5978,449.953064,0,74184.7763671875,8199.2011108398437,-6256.9501342773437
185.9,e1008,1239.81128,0,1782.83252,0.5,0,0.1,72.52047,11.4655085,449.953064,0,72937.00341796875,8199.2332763671875,-6256.9501342773437
185.95000000000002,e1008,1239.81128,0,1782.83252,0.5,0,0.1,72.52047,11.3347263,449.953064,0,71696.98681640625,8199.266357421875,-6256.9501342773437
186,e1008,1239.81128,0,1782.83252,0.5,0,0.1,72.52047,11.2054434,449.953064,0,70464.689453125,8199.2990112304687,-6256.9501342773437
186.05,e1008,1239.81128,0,1782.83252,0.5,0,0.1,72.52047,11.0776281,449.953064,0,69240.04296875,8199.3323364257812,-6256.9501342773437
186.10000000000002,e1008,1239.81128,0,1782.83252,0.5,0,0.1,72.52047,10.9512758,449.953064,0,68023.076416015625,8199.3649291992187,-6256.9501342773437
186.15,e1008,1239.81128,0,1782.83252,0.5,0,0.1,72.52047,10.8263645,449.953064,0,66813.724609375,8199.3976440429687,-6256.9501342773437
186.20000000000002,e1008,1239.81128,0,1782.83252,0.5,0,0.1,72.52047,10.7028847,449.953064,0,65611.98876953125,8199.4302978515625,-6256.9501342773437
186.25,e1008,1239.81128,0,1782.83252,0.5,0,0.1,72.52047,10.5808086,449.953064,0,64417.81689453125,8199.462890625,-6256.9501342773437
186.3,e1008,1239.81128,0,1782.83252,0.5,0,0.1,72.52047,10.4601307,449.953064,0,63231.26416015625,8199.495849609375,-6256.9501342773437
186.35000000000002,e1008,1239.81128,0,1782.83252,0.5,0,0.1,72.52047,10.3408251,449.953064,0,62052.190185546875,8199.5286254882812,-6256.9501342773437
186.4,e1008,1239.81128,0,1782.83252,0.5,0,0.1,72.52047,10.2228861,449.953064,0,60880.63916015625,8199.5609741210937,-6256.9501342773437
186.45000000000002,e1008,1239.81128,0,1782.83252,0.5,0,0.1,72.52045,10.1062889,449.953064,0,59716.5419921875,8199.5936889648437,-6256.9501342773437
186.5,e1008,1239.81128,0,1782.83252,0.5,0,0.1,72.51947,9.991031,449.953064,0,58559.96875,8199.6265258789062,-6256.9501342773437
186.55,e1008,1239.81128,0,1782.83252,0.5,0,0.1,72.51919,9.877085,449.953064,0,57410.795166015625,8199.6595458984375,-6256.9501342773437
186.60000000000002,e1008,1239.81128,0,1782.83252,0.5,0,0.1,72.51911,9.764432,449.953064,0,56269.00244140625,8199.6920776367187,-6256.9501342773437
186.65,e1008,1239.81128,0,1782.83252,0.5,0,0.1,72.51909,9.653074,449.953064,0,55134.622802734375,8199.7245483398437,-6256.9501342773437
186.70000000000002,e1008,1239.81128,0,1782.83252,0.5,0,0.1,72.51908,9.542986,449.953064,0,54007.6025390625,8199.7572631835937,-6256.9501342773437
186.75,e1008,1239.81128,0,1782.83252,0.5,0,0.1,72.51908,9.434152,449.953064,0,52887.93017578125,8199.7901000976562,-6256.9501342773437
186.8,e1008,1239.81128,0,1782.83252,0.5,0,0.1,72.51908,9.326561,449.953064,0,51775.546630859375,8199.822998046875,-6256.9501342773437
186.85000000000002,e1008,1239.81128,0,1782.83252,0.5,0,0.1,72.51908,9.2202,449.953064,0,50670.4716796875,8199.8558349609375,-6256.9501342773437
186.9,e1008,1239.81128,0,1782.83252,0.5,0,0.1,72.51908,9.115051,449.953064,0,49572.65673828125,8199.8881225585937,-6256.9501342773437
186.95000000000002,e1008,1239.81128,0,1782.83252,0.5,0,0.1,72.51908,9.011101,449.953064,0,48482.026611328125,8199.9210815429687,-6256.9501342773437
187,e1008,1239.81128,0,1782.83252,0.5,0,0.1,72.51908,8.908338,449.953064,0,47398.659912109375,8199.9539184570312,-6256.9501342773437
187.05,e1008,1239.81128,0,1782.83252,0.5,0,0.1,72.51908,8.80675,449.953064,0,46322.507080078125,8199.9866333007812,-6256.9501342773437
187.10000000000002,e1008,1239.81128,0,1782.83252,0.5,0,0.1,72.51908,8.706323,449.953064,0,45253.488037109375,8200.0192260742187,-6256.9501342773437
187.15,e1008,1239.81128,0,1782.83252,0.5,0,0.1,72.51908,8.607033,449.953064,0,44191.58056640625,8200.0517578125,-6256.9501342773437
187.20000000000002,e1008,1239.81128,0,1782.83252,0.5,0,0.1,72.51908,8.508885,449.953064,0,43136.835693359375,8200.0844116210937,-6256.9501342773437
187.25,e1008,1239.81128,0,1782.83252,0.5,0,0.1,72.51908,8.411854,449.953064,0,42089.181884765625,8200.1174926757812,-6256.9501342773437
187.3,e1008,1239.81128,0,1782.83252,0.5,0,0.1,72.51908,8.315931,449.953064,0,41048.55712890625,8200.1503295898437,-6256.9501342773437
187.35000000000002,e1008,1239.81128,0,1782.83252,0.5,0,0.1,72.51908,8.221101,449.953064,0,40015,8200.18310546875,-6256.9501342773437
187.4,e1008,1239.81128,0,1782.83252,0.5,0,0.1,72.51908,8.127357,449.953064,0,38988.46826171875,8200.2154541015625,-6256.9501342773437
187.45000000000002,e1008,1239.81128,0,1782.83252,0.5,0,0.1,72.51908,8.034674,449.953064,0,37968.901123046875,8200.2479858398437,-6256.9501342773437
187.5,e1008,1239.81128,0,1782.83252,0.5,0,0.1,72.51908,7.943062,449.953064,0,36956.381103515625,8200.2810668945312,-6256.9501342773437
187.55,e1008,1239.81128,0,1782.83252,0.5,0,0.1,72.51908,7.85248327,449.953064,0,35950.7216796875,8200.3130493164062,-6256.9501342773437
187.60000000000002,e1008,1239.81128,0,1782.83252,0.5,0,0.1,72.51908,7.762944,449.953064,0,34952.0361328125,8200.3462524414062,-6256.9501342773437
187.65,e1008,1239.81128,0,1782.83252,0.5,0,0.1,72.51908,7.674427,449.953064,0,33960.224853515625,8200.3786010742187,-6256.9501342773437
187.70000000000002,e1008,1239.81128,0,1782.83252,0.5,0,0.1,72.51908,7.58691645,449.953064,0,32975.287963867187,8200.4117431640625,-6256.9501342773437
187.75,e1008,1239.81128,0,1782.83252,0.5,0,0.1,72.51908,7.50040436,449.953064,0,31997.178588867188,8200.4443359375,-6256.9501342773437
187.8,e1008,1239.81128,0,1782.83252,0.5,0,0.1,72.51908,7.41488171,449.953064,0,31025.909301757813,8200.4768676757812,-6256.9501342773437
187.85000000000002,e1008,1239.81128,0,1782.83252,0.5,0,0.1,72.51908,7.330336,449.953064,0,30061.46484375,8200.5098266601562,-6256.9501342773437
187.9,e1008,1239.81128,0,1782.83252,0.5,0,0.1,72.51908,7.24675369,449.953064,0,29103.785522460938,8200.5422973632812,-6256.9501342773437
187.95000000000002,e1008,1239.81128,0,1782.83252,0.5,0,0.1,72.51908,7.16412258,449.953064,0,28152.822509765625,8200.5753784179687,-6256.9501342773437
188,e1008,1239.81128,0,1782.83252,0.5,0,0.1,72.51908,7.082436,449.953064,0,27208.593017578125,8200.60791015625,-6256.9501342773437
188.05,e1008,1239.81128,0,1782.83252,0.5,0,0.1,72.51908,7.00168276,449.953064,0,26271.08544921875,8200.6402587890625,-6256.9501342773437
188.10000000000002,e1008,1239.81128,0,1782.83252,0.5,0,0.1,72.51908,6.9218483,449.953064,0,25340.229248046875,8200.6732788085937,-6256.9501342773437
188.15,e1008,1239.81128,0,1782.83252,0.5,0,0.1,72.51908,6.842927,449.953064,0,24416.0390625,8200.7059936523437,-6256.9501342773437
188.20000000000002,e1008,1239.81128,0,1782.83252,0.5,0,0.1,72.51908,6.764905,449.953064,0,23498.449829101563,8200.738525390625,-6256.9501342773437
188.25,e1008,1239.81128,0,1782.83252,0.5,0,0.1,72.51908,6.68776941,449.953064,0,22587.452270507813,8200.7717895507812,-6256.9501342773437
188.3,e1008,1239.81128,0,1782.83252,0.5,0,0.1,72.51908,6.611523,449.953064,0,21683.0810546875,8200.8038940429687,-6256.9501342773437
188.35000000000002,e1008,1239.81128,0,1782.83252,0.5,0,0.1,72.51908,6.536137,449.953064,0,20785.185424804688,8200.8369140625,-6256.9501342773437
188.4,e1008,1239.81128,0,1782.83252,0.5,0,0.1,72.51908,6.46161747,449.953064,0,19893.875732421875,8200.8695678710937,-6256.9501342773437
188.45000000000002,e1008,1239.81128,0,1782.83252,0.5,0,0.1,72.51908,6.38794374,449.953064,0,19009.000122070313,8200.9016723632812,-6256.9501342773437
188.5,e1008,1239.81128,0,1782.83252,0.5,0,0.1,72.51908,6.31511164,449.953064,0,18130.632690429688,8200.9348754882812,-6256.9501342773437
188.55,e1008,1239.81128,0,1782.83252,0.5,0,0.1,72.51908,6.24311352,449.953064,0,17258.718139648438,8200.9675903320312,-6256.9501342773437
188.60000000000002,e1008,1239.81128,0,1782.83252,0.5,0,0.1,72.51908,6.17193,449.953064,0,16393.158447265625,8201.000732421875,-6256.9501342773437
188.65,e1008,1239.81128,0,1782.83252,0.5,0,0.1,72.51908,6.10156441,449.953064,0,15534.062133789063,8201.0333251953125,-6256.9501342773437
188.70000000000002,e1008,1239.81128,0,1782.83252,0.5,0,0.1,72.51908,6.03199959,449.953064,0,14681.304626464844,8201.0657348632812,-6256.9501342773437
188.75,e1008,1239.81128,0,1782.83252,0.5,0,0.1,72.51908,5.9632287,449.953064,0,13834.86962890625,8201.0984497070312,-6256.9501342773437
188.8,e1008,1239.81128,0,1782.83252,0.5,0,0.1,72.51908,5.89524174,449.953064,0,12994.773803710937,8201.1312866210937,-6256.9501342773437
188.85000000000002,e1008,1239.81128,0,1782.83252,0.5,0,0.1,72.51908,5.82802868,449.953064,0,12160.938720703125,8201.16357421875,-6256.9501342773437
188.9,e1008,1239.81128,0,1782.83252,0.5,0,0.1,72.51908,5.761585,449.953064,0,11333.3955078125,8201.1964721679687,-6256.9501342773437
188.95000000000002,e1008,1239.81128,0,1782.83252,0.5,0,0.1,72.51908,5.69589949,449.953064,0,10512.051025390625,8201.2289428710937,-6256.9501342773437
189,e1008,1239.81128,0,1782.83252,0.5,0,0.1,72.51908,5.63095951,449.953064,0,9696.9246215820312,8201.2621459960937,-6256.9501342773437
189.05,e1008,1239.81128,0,1782.83252,0.5,0,0.1,72.51908,5.56676435,449.953064,0,8887.9917602539062,8201.294921875,-6256.9501342773437
189.10000000000002,e1008,1239.81128,0,1782.83252,0.5,0,0.1,72.51908,5.503297,449.953064,0,8085.1740112304687,8201.3272094726562,-6256.9501342773437
189.15,e1008,1239.81128,0,1782.83252,0.5,0,0.1,72.51908,5.440557,449.953064,0,7288.5191650390625,8201.3600463867187,-6256.9501342773437
189.20000000000002,e1008,1239.81128,0,1782.83252,0.5,0,0.1,72.51908,5.37853241,449.953064,0,6497.9520263671875,8201.392578125,-6256.9501342773437
189.25,e1008,1239.81128,0,1782.83252,0.5,0,0.1,72.51908,5.317215,449.953064,0,5713.4552307128906,8201.4251098632812,-6256.9501342773437
189.3,e1008,1239.81128,0,1782.83252,0.5,0,0.1,72.51908,5.256595,449.953064,0,4934.9853210449219,8201.4575805664062,-6256.9501342773437
189.35000000000002,e1008,1239.81128,0,1782.83252,0.5,0,0.1,72.51908,5.19667,449.953064,0,4162.544921875,8201.4907836914062,-6256.9501342773437
189.4,e1008,1239.81128,0,1782.83252,0.5,0,0.1,72.51908,5.13742,449.953064,0,3396.044189453125,8201.5234985351562,-6256.9501342773437
189.45000000000002,e1008,1239.81128,0,1782.83252,0.5,0,0.1,72.51908,5.07885742,449.953064,0,2635.6074829101562,8201.556640625,-6256.9501342773437
189.5,e1008,1239.81128,0,1782.83252,0.5,0,0.1,72.51908,5.02095747,449.953064,0,1881.03271484375,8201.5888671875,-6256.9501342773437
189.55,e1008,1239.81128,0,1782.83252,0.5,0,0.1,72.51908,4.998802,449.953064,0,1459.8799285888672,8201.6215209960937,-6256.9501342773437
189.60000000000002,e1008,1239.81128,0,1782.83252,0.5,0,0.1,72.51908,4.995612,449.953064,0,1229.7673187255859,8201.6546020507812,-6256.9501342773437
189.65,e1008,1239.81128,0,1782.83252,0.5,0,0.1,72.51908,4.99038458,449.953064,0,1001.959716796875,8201.6865844726562,-6256.9501342773437
189.70000000000002,e1008,1239.81128,0,1782.83252,0.5,0,0.1,72.51908,4.98312855,449.953064,0,776.46395874023437,8201.7194213867187,-6256.9501342773437
189.75,e1008,1239.81128,0,1782.83252,0.5,0,0.1,72.51908,4.973807,449.953064,0,553.21562194824219,8201.7525634765625,-6256.9501342773437
189.8,e1008,1239.81128,0,1782.83252,0.5,0,0.1,72.51908,4.962357,449.953064,0,332.20140838623047,8201.78466796875,-6256.9501342773437
189.85000000000002,e1008,1239.81128,0,1782.83252,0.5,0,0.1,72.51908,4.948686,449.953064,0,113.43131256103516,8201.8179321289062,-6256.9501342773437
189.9,e1008,1239.81128,0,1782.83252,0.5,0,0.1,72.51908,4.93266773,449.953064,0,0,8201.8500366210937,-6256.9501342773437
189.95000000000002,e1008,1239.81128,0,1782.83252,0.5,0,0.1,72.51908,4.914148,449.953064,0,0,8201.8825073242187,-6256.9501342773437
190,e1008,1239.81128,0,1782.83252,0.5,0,0.1,72.51908,4.892935,449.953064,0,0,8201.9161376953125,-6256.9501342773437
190.05,e1008,1239.81128,0,1782.83252,0.5,0,0.1,72.51908,4.86880541,449.953064,0,0,8201.947998046875,-6256.9501342773437
190.10000000000002,e1008,1239.81128,0,1782.83252,0.5,0,0.1,72.51908,4.841505,449.953064,0,0,8201.9808959960937,-6256.9501342773437
190.15,e1008,1239.81128,0,1782.83252,0.5,0,0.1,72.51908,4.810743,449.953064,0,0,8202.0139770507812,-6256.9501342773437
190.20000000000002,e1008,1239.81128,0,1782.83252,0.5,0,0.1,72.51908,4.77620363,449.953064,0,0,8202.0458374023437,-6256.9501342773437
190.25,e1008,1239.81128,0,1782.83252,0.5,0,0.1,72.51908,4.737545,449.953064,0,0,8202.0787963867187,-6256.9501342773437
190.3,e1008,1239.81128,0,1782.83252,0.5,0,0.1,72.51908,4.69441462,449.953064,0,0,8202.1115112304687,-6256.9501342773437
190.35000000000002,e1008,1239.81128,0,1782.83252,0.5,0,0.1,72.51908,4.64646435,449.953064,0,0,8202.1446533203125,-6256.9501342773437
190.4,e1008,1239.81128,0,1782.83252,0.5,0,0.1,72.51908,4.5933857,449.953064,0,0,8202.1773681640625,-6256.9501342773437
190.45000000000002,e1008,1239.81128,0,1782.83252,0.5,0,0.1,72.51908,4.53494453,449.953064,0,0,8202.2095336914062,-6256.9501342773437
190.5,e1008,1239.81128,0,1782.83252,0.5,0,0.1,72.51908,4.47104263,449.953064,0,0,8202.2424926757812,-6256.9501342773437
190.55,e1008,1239.81128,0,1782.83252,0.5,0,0.1,72.51908,4.40177965,449.953064,0,0,8202.2752075195312,-6256.9501342773437
190.60000000000002,e1008,1239.81128,0,1782.83252,0.5,0,0.1,72.51908,4.327541,449.953064,0,0,8202.3074951171875,-6256.9501342773437
190.65,e1008,1239.81128,0,1782.83252,0.5,0,0.1,72.51908,4.249042,449.953064,0,0,8202.3404541015625,-6256.9501342773437
190.70000000000002,e1008,1239.81128,0,1782.83252,0.5,0,0.1,72.51908,4.16739035,449.953064,0,0,8202.3732299804687,-6256.9501342773437
190.75,e1008,1239.81128,0,1782.83252,0.5,0,0.1,72.51908,4.08403969,449.953064,0,0,8202.405517578125,-6256.9501342773437
190.8,e1008,1239.81128,0,1782.83252,0.5,0,0.1,72.51908,4.00069857,449.953064,0,0,8202.4385375976562,-6256.9501342773437
190.85000000000002,e1008,1239.81128,0,1782.83252,0.5,0,0.1,72.51908,3.919121,449.953064,0,0,8202.4710083007812,-6256.9501342773437
190.9,e1008,1239.81335,0.00616977736,1782.83252,0.5,0,0.1,72.51908,3.84088683,449.953064,108260.53125,0,8202.504150390625,-6256.9386596679687
190.95000000000002,e1008,1239.81873,0.0152358515,1782.83252,0.5,0,0.1,72.51908,3.76716971,451.534943,156334.609375,0,8156.2332763671875,-6256.9386596679687
191,e1008,1239.82739,0.0247006975,1782.83252,0.5,0,0.1,72.51908,3.698608,453.0916,162891.96875,0,8088.2262573242187,-6256.9501342773437
191.05,e1008,1239.83936,0.034312,1782.83252,0.5,0,0.1,72.51908,3.635299,454.623077,165254.234375,0,8017.2257690429687,-6256.9501342773437
191.10000000000002,e1008,1239.85474,0.0440144464,1782.83252,0.5,0,0.1,72.51908,3.576904,456.129333,166696.40625,0,7945.1254272460937,-6256.9618530273437
191.15,e1008,1239.86877,0.05898262,1782.83252,0.5,0,0.1,72.51908,3.52281332,457.610382,167855.53125,0,7872.3399047851562,-6256.9501342773437
191.20000000000002,e1008,1239.88611,0.0987495258,1782.83252,0.5,0,0.1,72.51908,3.47230816,459.066223,169938.5625,0,7807.0506591796875,-6256.94140625
191.25,e1008,1239.90613,0.114553615,1782.83252,0.5,0,0.1,72.51908,3.42468381,460.496857,175693.15625,0,7775.3253173828125,-6256.9635620117187
191.3,e1008,1239.9259,0.133651078,1782.83252,0.5,0,0.1,72.51908,3.379328,461.902252,175221.734375,0,7706.9515991210937,-6256.9518432617187
191.35000000000002,e1008,1239.94678,0.178983524,1782.83252,0.5,0,0.1,72.51908,3.3357513,463.28244,176044.296875,0,7644.189453125,-6256.963623046875
191.4,e1008,1239.97,0.198810026,1782.83252,0.5,0,0.1,72.51908,3.29358172,464.6374,180817.609375,0,7617.6788940429687,-6256.963623046875
191.45000000000002,e1008,1239.98328,0.22092922,1782.83252,0.5,0,0.1,72.51908,3.25254869,465.9671,180839.53125,0,7552.8883666992187,-6256.9386596679687
191.5,e1008,1240.00684,0.268688,1782.83252,0.5,0,0.1,72.51908,3.21246529,467.271576,181411.59375,0,7492.0462646484375,-6256.964599609375
191.55,e1008,1240.03235,0.2914131,1782.83252,0.5,0,0.1,72.51908,3.1732,468.5508,184933.96875,0,7466.7578125,-6257.3429565429687
191.60000000000002,e1008,1240.04077,0.315948337,1782.83252,0.5,0,0.1,72.51908,3.13466263,469.804779,185463.546875,0,7404.521728515625,-6256.944091796875
191.65,e1008,1240.06641,0.3661435,1782.83252,0.5,0,0.1,72.51908,3.09679079,471.0335,185940.453125,0,7345.1578369140625,-6256.9656372070312
191.70000000000002,e1008,1240.09375,0.391088724,1782.83252,0.5,0,0.1,72.51908,3.059538,472.236969,187872.09375,0,7320.0230102539062,-6257.357421875
191.75,e1008,1240.09644,0.4173213,1782.83252,0.5,0,0.1,72.51908,3.02287126,473.415161,188508.40625,0,7259.8912963867187,-6256.9414672851562
191.8,e1008,1240.12,0.443048745,1782.83252,0.5,0,0.1,72.51908,2.98676181,474.568085,188627.34375,0,7201.9866333007812,-6257.0321655273437
191.85000000000002,e1008,1240.1488,0.49273178,1782.83252,0.5,0,0.1,72.51908,2.95118833,475.69574,188531.703125,0,7143.714111328125,-6256.9529418945312
191.9,e1008,1240.15112,0.5199499,1782.83386,0.5,0,0.1,72.51908,2.91612935,476.7981,188240.515625,0,7118.33154296875,-6257.3477172851562
191.95000000000002,e1008,1240.1731,0.5480879,1782.85583,0.5,0,0.1,72.51908,2.88157082,477.875183,188505.109375,0,7062.5618286132812,-6257.0347290039062
192,e1008,1240.203,0.597559869,1782.88574,0.5,0,0.1,72.51908,2.84749556,478.926971,188242.6875,0,7007.2866821289062,-6257.3364868164062
192.05,e1008,1240.23425,0.624821663,1782.917,0.5,0,0.1,72.51908,2.8138895,479.953461,188083.125,0,6981.78125,-6256.9424438476562
192.10000000000002,e1008,1240.26685,0.65213865,1782.94958,0.5,0,0.1,72.51908,2.78074241,480.95462,188379.96875,0,6926.079833984375,-6256.94677734375
192.15,e1008,1240.30078,0.6794122,1782.98352,0.5,0,0.1,72.51908,2.748041,481.93045,188045.890625,0,6870.2642211914062,-6257.361083984375
192.20000000000002,e1008,1240.336,0.706668735,1783.0188,0.5,0,0.1,72.51908,2.7157743,482.880951,187881.75,0,6814.5372924804687,-6256.9424438476562
192.25,e1008,1240.3728,0.7339007,1783.05554,0.5,0,0.1,72.51908,2.68393254,483.806122,187669.1875,0,6758.844482421875,-6256.9519653320312
192.3,e1008,1240.41089,0.7611039,1783.09363,0.5,0,0.1,72.51908,2.65250731,484.705963,187427.265625,0,6703.2001342773437,-6256.9539184570312
192.35000000000002,e1008,1240.45032,0.7882978,1783.133,0.5,0,0.1,72.51908,2.62148881,485.580444,187313.078125,0,6647.6151733398437,-6257.3309936523437
192.4,e1008,1240.49109,0.815479755,1783.17383,0.5,0,0.1,72.51908,2.59086847,486.429535,187180.546875,0,6592.0481567382812,-6256.958251953125
192.45000000000002,e1008,1240.5332,0.8425994,1783.216,0.5,0,0.1,72.51908,2.56064,487.253265,186725.859375,0,6536.5047607421875,-6256.9404296875
192.5,e1008,1240.57666,0.8696566,1783.2594,0.5,0,0.1,72.51908,2.53079438,488.0516,186269.703125,0,6481.087890625,-6257.348388671875
192.55,e1008,1240.62146,0.896770537,1783.3042,0.5,0,0.1,72.51908,2.50132513,488.824524,186578.390625,0,6425.7975463867187,-6256.9571533203125
192.60000000000002,e1008,1240.6676,0.923873961,1783.35034,0.5,0,0.1,72.51908,2.47005177,489.572021,186455.109375,0,6370.3912963867187,-6256.9478149414062
192.65,e1008,1240.71509,0.950863242,1783.39783,0.5,0,0.1,72.51908,2.44190359,490.2941,185667.75,0,6315.0052490234375,-6256.96728515625
192.70000000000002,e1008,1240.76392,0.9777307,1783.44666,0.5,0,0.1,72.51908,2.414076,490.990723,184831.6875,0,6259.8526000976562,-6256.9424438476562
192.75,e1008,1240.81421,1.00471234,1783.497,0.5,0,0.1,72.51908,2.38656569,491.6619,185509.71875,0,6204.9472045898437,-6257.3347778320312
192.8,e1008,1240.86584,1.03172529,1783.54858,0.5,0,0.1,72.51908,2.3593688,492.3076,185654.1875,0,6149.8079833984375,-6256.9478149414062
192.85000000000002,e1008,1240.91882,1.05872548,1783.60156,0.5,0,0.1,72.51908,2.332482,492.927765,185518.765625,0,6094.6046752929687,-6256.9414672851562
192.9,e1008,1240.97314,1.08556855,1783.65588,0.5,0,0.1,72.51908,2.30590153,493.52243,184454.078125,0,6039.4259643554687,-6256.96826171875
192.95000000000002,e1008,1241.02881,1.112254,1783.71155,0.5,0,0.1,72.51908,2.27962375,494.091522,183388.234375,0,5984.5679321289062,-6256.9555053710937
193,e1008,1241.08582,1.13910854,1783.76855,0.5,0,0.1,72.51908,2.25364566,494.63504,184419,0,5930.031982421875,-6256.9555053710937
193.05,e1008,1241.14417,1.16601765,1783.8269,0.5,0,0.1,72.51908,2.227964,495.152954,184714.703125,0,5875.149169921875,-6256.9652709960937
193.10000000000002,e1008,1241.20386,1.19291556,1783.8866,0.5,0,0.1,72.51908,2.202574,495.645233,184586.28125,0,5820.1541748046875,-6257.345703125
193.15,e1008,1241.26489,1.21966362,1783.94763,0.5,0,0.1,72.51908,2.17747355,496.111847,183572.234375,0,5765.1812133789062,-6256.9376831054687
193.20000000000002,e1008,1241.32715,1.246271,1784.00989,0.5,0,0.1,72.51908,2.15265965,496.552765,182613.671875,0,5710.513671875,-6256.95654296875
193.25,e1008,1241.39075,1.273059,1784.07349,0.5,0,0.1,72.51908,2.12812829,496.967926,183719.34375,0,5656.1336669921875,-6256.9656372070312
193.3,e1008,1241.45569,1.29987931,1784.13843,0.5,0,0.1,72.51908,2.10387659,497.3573,183870.828125,0,5601.3828735351562,-6256.95654296875
193.35000000000002,e1008,1241.522,1.32654274,1784.20471,0.5,0,0.1,72.51908,2.079901,497.7208,182810.234375,0,5546.5657958984375,-6257.345703125
193.4,e1008,1241.5896,1.3530823,1784.27234,0.5,0,0.1,72.51908,2.056199,498.05838,181960.484375,0,5492.0687866210937,-6256.95458984375
193.45000000000002,e1008,1241.65857,1.37981677,1784.34131,0.5,0,0.1,72.51908,2.032767,498.369965,183156.90625,0,5437.8241577148437,-6256.9616088867187
193.5,e1008,1241.72888,1.4065491,1784.41162,0.5,0,0.1,72.51908,2.00960183,498.655457,183088.34375,0,5383.1805419921875,-6257.3530883789062
193.55,e1008,1241.80054,1.43318665,1784.48328,0.5,0,0.1,72.51908,1.986701,498.914734,182428.375,0,5328.540771484375,-6256.9384155273437
193.60000000000002,e1008,1241.87354,1.45976269,1784.55627,0.5,0,0.1,72.51908,1.964061,499.147675,181976.984375,0,5274.0928955078125,-6256.9545288085937
193.65,e1008,1241.94788,1.48644614,1784.63062,0.5,0,0.1,72.51908,1.94167888,499.354126,182611.21875,0,5219.7711791992187,-6256.9555053710937
193.70000000000002,e1008,1242.02356,1.51302326,1784.7063,0.5,0,0.1,72.51908,1.91955161,499.533844,181875.5625,0,5165.2293090820312,-6257.0328369140625
193.75,e1008,1242.10059,1.53955185,1784.78333,0.5,0,0.1,72.51908,1.89767671,499.686523,181510.65625,0,5110.9031982421875,-6256.9583129882812
193.8,e1008,1242.179,1.56616962,1784.86169,0.5,0,0.1,72.51908,1.87605119,499.8117,182026.890625,0,5056.6760864257812,-6256.958251953125
193.85000000000002,e1008,1242.25854,1.59272218,1784.94128,0.5,0,0.1,72.51908,1.854672,499.908722,181555.71875,0,5002.2659912109375,-6256.9572143554687
193.9,e1008,1242.33948,1.61926448,1785.02222,0.5,0,0.1,72.51908,1.83353639,499.9763,181434.3125,0,4947.9881591796875,-6256.95654296875
193.95000000000002,e1008,1242.42175,1.6457212,1785.10449,0.5,0,0.1,72.51908,1.81264174,499.9763,180831.078125,0,4893.7313232421875,-6256.9468383789062
194,e1008,1242.50537,1.67215371,1785.18811,0.5,0,0.1,72.51908,1.79198515,499.9763,180625.046875,0,4839.6486206054687,-6256.9544677734375
194.05,e1008,1242.59033,1.69863677,1785.27307,0.5,0,0.1,72.51908,1.771564,499.9763,180889.59375,0,4785.6135864257812,-6256.9447631835937
194.10000000000002,e1008,1242.67664,1.72510231,1785.35938,0.5,0,0.1,72.51908,1.75137568,499.9763,180727.796875,0,4731.4762573242187,-6256.9478149414062
194.15,e1008,1242.76416,1.75158608,1785.4469,0.5,0,0.1,72.51908,1.63162553,499.9763,180790.484375,0,4677.3727416992187,-6256.9452514648437
194.20000000000002,e1008,1242.853,1.77803218,1785.53577,0.5,0,0.1,72.51908,1.71168649,499.9763,180492.328125,0,4623.2312316894531,-6256.94140625
194.25,e1008,1242.94324,1.804477,1785.626,0.5,0,0.1,72.51908,1.59464931,499.9763,180432.125,0,4569.1668701171875,-6256.951171875
194.3,e1008,1243.03479,1.8308897,1785.71753,0.5,0,0.1,72.51908,1.67289662,499.9763,180171.609375,0,4515.1038208007812,-6257.3373413085937
194.35000000000002,e1008,1243.12769,1.85728967,1785.81042,0.5,0,0.1,72.51908,1.5585115,499.9763,180036.125,0,4461.1056518554687,-6256.951904296875
194.4,e1008,1243.22192,1.88365531,1785.90466,0.5,0,0.1,72.51908,1.63498569,499.9763,179760.515625,0,4407.1331787109375,-6256.9404296875
194.45000000000002,e1008,1243.31738,1.9099896,1786.00012,0.5,0,0.1,72.51908,1.523194,499.9763,179508.265625,0,4353.2303771972656,-6256.9710083007812
194.5,e1008,1243.41418,1.93627822,1786.09692,0.5,0,0.1,72.51908,1.59793413,499.9763,179158.65625,0,4299.3904113769531,-6257.3482666015625
194.55,e1008,1243.51233,1.962512,1786.19507,0.5,0,0.1,72.51908,1.4886744,499.9763,178755.578125,0,4245.6436462402344,-6257.344970703125
194.60000000000002,e1008,1243.61182,1.9886874,1786.29456,0.5,0,0.1,72.51908,1.561722,499.9763,178327.1875,0,4192.0079650878906,-6257.345703125
194.65,e1008,1243.71252,2.014966,1786.39526,0.5,0,0.1,72.51908,1.45493853,499.9763,178934.984375,0,4138.490966796875,-6256.9572143554687
194.70000000000002,e1008,1243.81458,2.04122829,1786.49731,0.5,0,0.1,72.51908,1.52633047,499.9763,178776,0,4084.762451171875,-6256.9529418945312
194.75,e1008,1243.918,2.06745386,1786.60071,0.5,0,0.1,72.51908,1.4219681,499.9763,178489.71875,0,4031.066650390625,-6256.95654296875
194.8,e1008,1244.02271,2.09353614,1786.70544,0.5,0,0.1,72.51908,1.49174118,499.9763,177514.203125,0,3977.4445190429687,-6256.9662475585937
194.85000000000002,e1008,1244.12866,2.11949754,1786.8114,0.5,0,0.1,72.51908,1.38974285,499.9763,176688.109375,0,3924.11572265625,-6256.9404296875
194.9,e1008,1244.236,2.14573288,1786.9187,0.5,0,0.1,72.51908,1.45793557,499.9763,178390.734375,0,3871.0322570800781,-6256.9440307617187
194.95000000000002,e1008,1244.3446,2.171829,1787.02734,0.5,0,0.1,72.51908,1.358249,499.9763,177441.796875,0,3817.3888244628906,-6256.9478149414062
195,e1008,1244.45447,2.1977663,1787.13721,0.5,0,0.1,72.51908,1.424896,499.9763,176373.203125,0,3764.0295715332031,-6256.8638916015625
195.05,e1008,1244.56567,2.223957,1787.24841,0.5,0,0.1,72.51908,1.32746959,499.9763,177944.625,0,3710.9934997558594,-6256.8638916015625
195.10000000000002,e1008,1244.67822,2.24994683,1787.361,0.5,0,0.1,72.51908,1.39260554,499.9763,176602.609375,0,3657.4387512207031,-6256.96728515625
195.15,e1008,1244.792,2.27570319,1787.47473,0.5,0,0.1,72.51908,1.29738557,499.9763,175082.421875,0,3636.6327819824219,-6256.9662475585937
195.20000000000002,e1008,1244.9071,2.30180717,1787.58984,0.5,0,0.1,72.51908,1.36104655,499.9763,177317.4375,0,3640.4545593261719,-6256.96630859375
195.25,e1008,1245.02344,2.32756042,1787.70618,0.5,0,0.1,72.51908,1.26798534,499.9763,175072.109375,0,3644.3385009765625,-6256.9727172851562
195.3,e1008,1245.14111,2.3529737,1787.82385,0.5,0,0.1,72.51908,1.33020282,499.9763,172894.46875,0,3648.1807250976562,-6256.950927734375
195.35000000000002,e1008,1245.26,2.37888885,1787.94275,0.5,0,0.1,72.51908,1.23925018,499.9763,176117.890625,0,3651.9826354980469,-6256.9423217773437
195.4,e1008,1245.38025,2.40492988,1788.063,0.5,0,0.1,72.51908,1.300058,499.9763,176930.859375,0,3655.869873046875,-6256.9552612304687
195.45000000000002,e1008,1245.50183,2.43054938,1788.18457,0.5,0,0.1,72.51908,1.21116662,499.9763,174228.40625,0,3659.7866516113281,-6256.94677734375
195.5,e1008,1245.62463,2.45568085,1788.30737,0.5,0,0.1,72.51908,1.27059639,499.9763,171104.953125,0,3663.6504516601562,-6256.943115234375
195.55,e1008,1245.74866,2.48134065,1788.4314,0.5,0,0.1,72.51908,1.18371928,499.9763,174497.4375,0,3667.4508056640625,-6256.9478149414062
195.60000000000002,e1008,1245.874,2.50719643,1788.55676,0.5,0,0.1,72.51908,1.24180233,499.9763,175758.09375,0,3671.3413391113281,-6256.9424438476562
195.65,e1008,1246.00073,2.53311419,1788.68347,0.5,0,0.1,72.51908,1.15689516,499.9763,176157.015625,0,3675.2718200683594,-6256.96728515625
195.70000000000002,e1008,1246.12866,2.55902982,1788.8114,0.5,0,0.1,72.51908,1.213661,499.9763,176147.296875,0,3679.2223815917969,-6256.9482421875
195.75,e1008,1246.25793,2.58439422,1788.94067,0.5,0,0.1,72.51908,1.13067687,499.9763,172619.875,0,3683.1829223632812,-6257.3347778320312
195.8,e1008,1246.38843,2.60900664,1789.07117,0.5,0,0.1,72.51908,1.18615735,499.9763,167799.546875,0,3687.0699462890625,-6257.360107421875
195.85000000000002,e1008,1246.52014,2.634161,1789.20288,0.5,0,0.1,72.51908,1.10505378,499.9763,171278.59375,0,3690.8512573242187,-6257.0426025390625
195.9,e1008,1246.65308,2.65954471,1789.33582,0.5,0,0.1,72.51908,1.159277,499.9763,172753.90625,0,3694.7255554199219,-6256.9598388671875
195.95000000000002,e1008,1246.78735,2.68502951,1789.47009,0.5,0,0.1,72.51908,1.08001161,499.9763,173404.890625,0,3698.6454162597656,-6256.9690551757812
196,e1008,1246.92285,2.71055031,1789.60559,0.5,0,0.1,72.51908,1.13300574,499.9763,173641.984375,0,3702.5909118652344,-6256.9544677734375
196.05,e1008,1247.05969,2.736069,1789.74243,0.5,0,0.1,72.51908,1.05553639,499.9763,173633.21875,0,3706.5523071289062,-6256.9457397460937
196.10000000000002,e1008,1247.19775,2.76155877,1789.88049,0.5,0,0.1,72.51908,1.10732961,499.9763,173449.1875,0,3710.5234375,-6256.9598999023437
196.15,e1008,1247.33716,2.78699613,1790.0199,0.5,0,0.1,72.51908,1.03161693,499.9763,173115.6875,0,3714.5003662109375,-6256.9404296875
196.20000000000002,e1008,1247.47778,2.81235814,1790.16052,0.5,0,0.1,72.51908,1.08223581,499.9763,172638.203125,0,3718.4793701171875,-6256.96728515625
196.25,e1008,1247.61963,2.837622,1790.30237,0.5,0,0.1,72.51908,1.00823748,499.9763,172016.359375,0,3722.45654296875,-6256.952880859375
196.3,e1008,1247.76282,2.86276674,1790.44556,0.5,0,0.1,72.51908,1.05771029,499.9763,171253.6875,0,3726.4287414550781,-6256.9609375
196.35000000000002,e1008,1247.90723,2.887772,1790.59,0.5,0,0.1,72.51908,0.9853893,499.9763,170363.078125,0,3730.3920593261719,-6256.95654296875
196.4,e1008,1248.05286,2.912622,1790.7356,0.5,0,0.1,72.51908,1.03374076,499.9763,169367.625,0,3734.3428649902344,-6256.9656372070312
196.45000000000002,e1008,1248.19971,2.93730378,1790.88245,0.5,0,0.1,72.51908,0.9630586,499.9763,168297.5,0,3738.279296875,-6256.96826171875
196.5,e1008,1248.34778,2.9618113,1791.03052,0.5,0,0.1,72.51907,1.01031435,499.9763,167184.3125,0,3742.19873046875,-6257.3338012695312
196.55,e1008,1248.49707,2.98614287,1791.17981,0.5,0,0.1,72.51905,0.9412339,499.9763,166055.796875,0,3746.0999450683594,-6256.957275390625
196.60000000000002,e1008,1248.64758,3.010298,1791.33032,0.5,0,0.1,72.51902,0.98741883,499.9763,164932.515625,0,3749.9822998046875,-6256.9481811523437
196.65,e1008,1248.79932,3.03428078,1791.482,0.5,0,0.1,72.51899,0.919904053,499.9763,163827.265625,0,3753.8458251953125,-6256.9508666992187
196.70000000000002,e1008,1248.95227,3.058094,1791.635,0.5,0,0.1,72.51896,0.9650422,499.9763,162746.125,0,3757.6910400390625,-6256.9727172851562
196.75,e1008,1249.10632,3.08174181,1791.78906,0.5,0,0.1,72.51894,0.899057269,499.9763,161690.578125,0,3761.5180053710937,-6256.9424438476562
196.8,e1008,1249.2616,3.10522866,1791.94434,0.5,0,0.1,72.51893,0.943172634,499.9763,160659.28125,0,3765.3270568847656,-6256.9458618164062
196.85000000000002,e1008,1249.418,3.12855744,1792.10071,0.5,0,0.1,72.51891,0.8786827,499.9763,159649.71875,0,3769.1190490722656,-6256.9404296875
196.9,e1008,1249.57556,3.15173149,1792.2583,0.5,0,0.1,72.5189056,0.9217986,499.9763,158659.0625,0,3772.8939208984375,-6256.96533203125
196.95000000000002,e1008,1249.73425,3.17475271,1792.417,0.5,0,0.1,72.5189,0.8587709,499.9763,157684.734375,0,3776.6524658203125,-6256.9412841796875
197,e1008,1249.89417,3.19762349,1792.5769,0.5,0,0.1,72.51889,0.900909066,499.9763,156724.515625,0,3780.3944091796875,-6256.9457397460937
197.05,e1008,1250.05518,3.220346,1792.73792,0.5,0,0.1,72.51888,0.839309454,499.9763,155776.6875,0,3784.1202697753906,-6256.9700317382812
197.10000000000002,e1008,1250.21729,3.24292159,1792.9,0.5,0,0.1,72.51888,0.880492866,499.9763,154839.84375,0,3787.8301086425781,-6256.9710083007812
197.15,e1008,1250.38049,3.26535225,1793.06323,0.5,0,0.1,72.5188751,0.820289135,499.9763,153912.953125,0,3791.5242004394531,-6256.9635009765625
197.20000000000002,e1008,1250.54492,3.28763938,1793.22766,0.5,0,0.1,72.5188751,0.8605393,499.9763,152995.296875,0,3795.202392578125,-6257.36279296875
197.25,e1008,1250.71045,3.309784,1793.39319,0.5,0,0.1,72.5188751,0.8016999,499.9763,152086.203125,0,3798.8648986816406,-6256.9393920898437
197.3,e1008,1250.87708,3.33178735,1793.55981,0.5,0,0.1,72.5188751,0.8410379,499.9763,151185.203125,0,3802.51171875,-6256.96728515625
197.35000000000002,e1008,1251.0448,3.353651,1793.72754,0.5,0,0.1,72.5188751,0.7835321,499.9763,150291.84375,0,3806.1430358886719,-6256.9384155273437
197.4,e1008,1251.21362,3.375376,1793.89636,0.5,0,0.1,72.5188751,0.8219785,499.9763,149405.90625,0,3809.7586059570312,-6256.94580078125
197.45000000000002,e1008,1251.38342,3.39696336,1794.06616,0.5,0,0.1,72.5188751,0.7657758,499.9763,148527.015625,0,3813.3589782714844,-6256.9414672851562
197.5,e1008,1251.55432,3.41841483,1794.237,0.5,0,0.1,72.51887,0.803351,499.9763,147655.046875,0,3816.9438781738281,-6256.9688720703125
197.55,e1008,1251.72632,3.43972969,1794.409,0.5,0,0.1,72.51887,0.748422563,499.9763,146789.703125,0,3820.51318359375,-6256.939697265625
197.60000000000002,e1008,1251.89941,3.4609108,1794.58215,0.5,0,0.1,72.51887,0.78514576,499.9763,145930.890625,0,3824.0673217773437,-6256.9441528320312
197.65,e1008,1252.07349,3.48195815,1794.75623,0.5,0,0.1,72.51887,0.7314611,499.9763,145078.421875,0,3827.6060791015625,-6256.9393920898437
197.70000000000002,e1008,1252.24866,3.502873,1794.9314,0.5,0,0.1,72.51887,0.7673529,499.9763,144232.171875,0,3831.1294250488281,-6256.8756103515625
197.75,e1008,1252.4248,3.52365661,1795.10754,0.5,0,0.1,72.51887,0.7148853,499.9763,143391.984375,0,3834.6376342773437,-6256.96630859375
197.8,e1008,1252.602,3.54430938,1795.28479,0.5,0,0.1,72.51887,0.749963343,499.9763,142557.8125,0,3838.1304931640625,-6257.334716796875
197.85000000000002,e1008,1252.78027,3.56483245,1795.463,0.5,0,0.1,72.51887,0.698684156,499.9763,141729.5,0,3841.6083068847656,-6257.3594360351562
197.9,e1008,1252.95959,3.5852263,1795.64233,0.5,0,0.1,72.51887,0.732967734,499.9763,140906.984375,0,3845.0709228515625,-6256.94140625
197.95000000000002,e1008,1253.13989,3.605493,1795.82263,0.5,0,0.1,72.51887,0.6828512,499.9763,140090.171875,0,3848.5182495117187,-6256.9655151367187
198,e1008,1253.32117,3.625632,1796.00391,0.5,0,0.1,72.51887,0.7163574,499.9763,139278.9375,0,3851.9503479003906,-6257.33837890625
198.05,e1008,1253.50342,3.64564514,1796.18616,0.5,0,0.1,72.51887,0.667376339,499.9763,138473.265625,0,3855.3674621582031,-6257.33837890625
198.10000000000002,e1008,1253.68665,3.66553283,1796.36938,0.5,0,0.1,72.51887,0.7001234,499.9763,137673.046875,0,3858.7696228027344,-6256.9468383789062
198.15,e1008,1253.87085,3.68529654,1796.55359,0.5,0,0.1,72.51887,0.652252436,499.9763,136878.234375,0,3862.1567993164062,-6256.9468383789062
198.20000000000002,e1008,1254.05615,3.7049365,1796.73889,0.5,0,0.1,72.51887,0.6842574,499.9763,136088.75,0,3865.5286865234375,-6256.9404296875
198.25,e1008,1254.24243,3.724453,1796.92517,0.5,0,0.1,72.51887,0.637471437,499.9763,135304.515625,0,3868.8858032226562,-6256.9468383789062
198.3,e1008,1254.42957,3.74384761,1797.1123,0.5,0,0.1,72.51887,0.6687509,499.9763,134525.546875,0,3872.2278137207031,-6256.9403686523437
198.35000000000002,e1008,1254.61768,3.763122,1797.30042,0.5,0,0.1,72.51887,0.62302494,499.9763,133751.703125,0,3875.5549011230469,-6256.9478149414062
198.4,e1008,1254.80676,3.782275,1797.4895,0.5,0,0.1,72.51887,0.6535958,499.9763,132982.984375,0,3878.8671264648437,-6257.24560546875
198.45000000000002,e1008,1254.99683,3.80130839,1797.67957,0.5,0,0.1,72.51887,0.6089063,499.9763,132219.328125,0,3882.1643371582031,-6257.3317260742187
198.5,e1008,1255.18787,3.82022357,1797.87061,0.5,0,0.1,72.51887,0.63878417,499.9763,131460.671875,0,3885.4468994140625,-6256.9440307617187
198.55,e1008,1255.37976,3.83902025,1798.0625,0.5,0,0.1,72.51887,0.5951071,499.9763,130706.9765625,0,3888.7143859863281,-6256.964599609375
198.60000000000002,e1008,1255.57263,3.8577,1798.25537,0.5,0,0.1,72.51887,0.624308169,499.9763,129958.1953125,0,3891.9672546386719,-6256.96728515625
198.65,e1008,1255.76648,3.876263,1798.44922,0.5,0,0.1,72.51887,0.581621,499.9763,129214.28125,0,3895.2054748535156,-6256.9404296875
198.70000000000002,e1008,1255.96118,3.89471054,1798.64392,0.5,0,0.1,72.51887,0.6101603,499.9763,128475.2109375,0,3898.4286499023437,-6257.3327026367187
198.75,e1008,1256.15686,3.91304278,1798.8396,0.5,0,0.1,72.51887,0.568440139,499.9763,127740.921875,0,3901.63720703125,-6256.9414672851562
198.8,e1008,1256.35339,3.93126082,1799.03613,0.5,0,0.1,72.51887,0.596332848,499.9763,127011.375,0,3904.8310852050781,-6256.937744140625
198.85000000000002,e1008,1256.5509,3.94936538,1799.23364,0.5,0,0.1,72.51887,0.5555586,499.9763,126286.5234375,0,3908.0103454589844,-6256.9376831054687
198.9,e1008,1256.74927,3.9673574,1799.432,0.5,0,0.1,72.51887,0.582818866,499.9763,125566.34375,0,3911.1750793457031,-6256.9403686523437
198.95000000000002,e1008,1256.94849,3.985237,1799.63123,0.5,0,0.1,72.51887,0.54296875,499.9763,124850.7734375,0,3914.3250122070312,-6257.3330688476562
199,e1008,1257.14868,4.0030055,1799.83142,0.5,0,0.1,72.51887,0.5696112,499.9763,124139.8203125,0,3917.4605102539062,-6257.0385131835937
199.05,e1008,1257.34973,4.020663,1800.03247,0.5,0,0.1,72.51887,0.5306637,499.9763,123433.4296875,0,3920.5814208984375,-6256.96826171875
199.10000000000002,e1008,1257.55164,4.03821039,1800.23438,0.5,0,0.1,72.51887,0.556702733,499.9763,122731.5546875,0,3923.6878051757812,-6256.8792114257812
199.15,e1008,1257.75439,4.055649,1800.43713,0.5,0,0.1,72.51887,0.518638253,499.9763,122034.15625,0,3926.77978515625,-6256.9716796875
199.20000000000002,e1008,1257.958,4.072979,1800.64075,0.5,0,0.1,72.51887,0.5440869,499.9763,121341.21875,0,3929.8572692871094,-6256.94580078125
199.25,e1008,1258.16248,4.090201,1800.84521,0.5,0,0.1,72.51887,0.506885,499.9763,120652.6640625,0,3932.9205932617187,-6256.9431762695312
199.3,e1008,1258.3678,4.10731649,1801.05054,0.5,0,0.1,72.51887,0.531756938,499.9763,119968.5078125,0,3935.9693298339844,-6256.9424438476562
199.35000000000002,e1008,1258.574,4.12432432,1801.25671,0.5,0,0.1,72.51887,0.495397985,499.9763,119288.75,0,3939.0038146972656,-6257.4299926757812
199.4,e1008,1258.781,4.14122725,1801.46375,0.5,0,0.1,72.51887,0.519706368,499.9763,118613.265625,0,3942.023681640625,-6257.4216918945312
199.45000000000002,e1008,1258.98889,4.15802431,1801.67163,0.5,0,0.1,72.51887,0.4841714,499.9763,117942.1015625,0,3945.0294799804687,-6256.9505615234375
199.5,e1008,1259.19763,4.17471743,1801.88037,0.5,0,0.1,72.51887,0.507928848,499.9763,117275.1484375,0,3948.021240234375,-6256.9690551757812
199.55,e1008,1259.40723,4.19130659,1802.09,0.5,0,0.1,72.51887,0.473199219,499.9763,116612.453125,0,3950.9986877441406,-6256.9619140625
199.60000000000002,e1008,1259.61768,4.20779276,1802.30042,0.5,0,0.1,72.51887,0.496418267,499.9763,115953.9453125,0,3953.9618835449219,-6256.9414672851562
199.65,e1008,1259.82886,4.22417641,1802.5116,0.5,0,0.1,72.51887,0.4624756,499.9763,115299.59375,0,3956.9110717773437,-6256.9411010742187
199.70000000000002,e1008,1260.04089,4.240458,1802.72363,0.5,0,0.1,72.51887,0.485168546,499.9763,114649.3984375,0,3959.8460998535156,-6257.33740234375
199.75,e1008,1260.25378,4.25663853,1802.93652,0.5,0,0.1,72.51887,0.451995134,499.9763,114003.3125,0,3962.7673034667969,-6257.3390502929687
199.8,e1008,1260.46741,4.27271843,1803.15015,0.5,0,0.1,72.51887,0.474173725,499.9763,113361.28125,0,3965.6741943359375,-6256.938720703125
199.85000000000002,e1008,1260.68188,4.28869867,1803.36462,0.5,0,0.1,72.51887,0.441752285,499.9763,112723.328125,0,3968.5673217773437,-6256.96826171875
199.9,e1008,1260.89709,4.30457926,1803.57983,0.5,0,0.1,72.51887,0.4634281,499.9763,112089.3671875,0,3971.4464416503906,-6256.9442138671875
199.95000000000002,e1008,1261.11316,4.32036161,1803.7959,0.5,0,0.1,72.51887,0.431741416,499.9763,111459.4296875,0,3974.3114013671875,-6256.9583129882812
200,e1008,1261.33,4.33604574,1804.0127,0.5,0,0.1,72.51887,0.45292598,499.9763,110833.421875,0,3977.1628112792969,-6256.9404296875
200.05,e1008,1261.54749,4.3516326,1804.23022,0.5,0,0.1,72.51887,0.4219576,499.9763,110211.3671875,0,3980.0004577636719,-6256.938720703125
200.10000000000002,e1008,1261.76587,4.367122,1804.44861,0.5,0,0.1,72.51887,0.4426619,499.9763,109593.2265625,0,3982.8242492675781,-6256.9498901367187
200.15,e1008,1261.985,4.382516,1804.66772,0.5,0,0.1,72.51887,0.412394971,499.9763,108979,0,3985.6343078613281,-6257.3401489257812
200.20000000000002,e1008,1262.20483,4.397814,1804.88757,0.5,0,0.1,72.51887,0.43263042,499.9763,108368.609375,0,3988.4305419921875,-6256.948486328125
200.25,e1008,1262.42554,4.413017,1805.10828,0.5,0,0.1,72.51887,0.4030494,499.9763,107762.0625,0,3991.2132568359375,-6257.0330810546875
200.3,e1008,1262.647,4.42812538,1805.32971,0.5,0,0.1,72.51887,0.5217106,499.9763,107159.328125,0,3993.9822082519531,-6256.9424438476562
200.35000000000002,e1008,1262.86914,4.44314,1805.55188,0.5,0,0.1,72.51887,0,499.9763,106560.3671875,0,3996.7377014160156,-6256.941162109375
200.4,e1008,1263.092,4.4580617,1805.77478,0.5,0,0.1,72.51887,0.413244247,499.9763,105965.15625,0,3999.4796752929687,-6256.9700317382812
200.45000000000002,e1008,1263.31567,4.47289038,1805.99841,0.5,0,0.1,72.51887,0.384988755,499.9763,105373.6875,0,4002.2079467773437,-6257.361083984375
200.5,e1008,1263.54,4.487627,1806.22278,0.5,0,0.1,72.51887,0.498332649,499.9763,104785.953125,0,4004.9230346679687,-6257.3310546875
200.55,e1008,1263.76514,4.502272,1806.44788,0.5,0,0.1,72.51887,0,499.9763,104201.8671875,0,4007.62451171875,-6256.96826171875
200.60000000000002,e1008,1263.991,4.51682663,1806.67371,0.5,0,0.1,72.51887,0.394726753,499.9763,103621.46875,0,4010.3125915527344,-6256.94140625
200.65,e1008,1264.21753,4.5312953,1806.90027,0.5,0,0.1,72.51887,0.367737472,499.9763,103073.8515625,0,4012.9874877929687,-6256.9710083007812
200.70000000000002,e1008,1264.44482,4.545707,1807.12756,0.5,0,0.1,72.51887,0.476002157,499.9763,102711.1875,0,4015.6499328613281,-6257.3599853515625
200.75,e1008,1264.67285,4.560082,1807.35559,0.5,0,0.1,72.51887,0,499.9763,102481.4609375,0,4018.30517578125,-6257.251953125
200.8,e1008,1264.90161,4.574425,1807.58435,0.5,0,0.1,72.51887,0.3770391,499.9763,102278.265625,0,4020.9568786621094,-6256.9441528320312
200.85000000000002,e1008,1265.1311,4.58873749,1807.81384,0.5,0,0.1,72.51887,0.351259,499.9763,102080.640625,0,4023.6060180664062,-6257.3584594726562
200.9,e1008,1265.36121,4.60301828,1808.044,0.5,0,0.1,72.51887,0.45467335,499.9763,101884.484375,0,4026.25244140625,-6257.3374633789062
200.95000000000002,e1008,1265.592,4.61726761,1808.27478,0.5,0,0.1,72.51887,0,499.9763,101688.921875,0,4028.8964538574219,-6256.96630859375
201,e1008,1265.82361,4.63148737,1808.50635,0.5,0,0.1,72.51887,0.36014396,499.9763,101493.8515625,0,4031.5379638671875,-6256.938720703125
201.05,e1008,1266.05591,4.64567566,1808.73865,0.5,0,0.1,72.51887,0.3355193,499.9763,101299.15625,0,4034.1768798828125,-6256.9672241210937
201.10000000000002,e1008,1266.289,4.65983248,1808.97168,0.5,0,0.1,72.51887,0.4342983,499.9763,101104.921875,0,4036.8134155273437,-6256.9403686523437
201.15,e1008,1266.52258,4.67396,1809.20532,0.5,0,0.1,72.51887,0,499.9763,100911.0859375,0,4039.447265625,-6256.94140625
201.20000000000002,e1008,1266.757,4.68805647,1809.4397,0.5,0,0.1,72.51887,0.344005883,499.9763,100717.71875,0,4042.0786743164062,-6257.3357543945312
201.25,e1008,1266.99207,4.70212173,1809.6748,0.5,0,0.1,72.51887,0.320484877,499.9763,100524.734375,0,4044.7073669433594,-6256.8792724609375
201.3,e1008,1267.22791,4.71615744,1809.91064,0.5,0,0.1,72.51887,0.414836615,499.9763,100332.171875,0,4047.3334350585937,-6256.94580078125
201.35000000000002,e1008,1267.46436,4.730163,1810.14709,0.5,0,0.1,72.51887,0,499.9763,100139.984375,0,4049.9571533203125,-6257.3600463867187
201.4,e1008,1267.70154,4.74413729,1810.38428,0.5,0,0.1,72.51887,0.328591079,499.9763,99948.265625,0,4052.5780639648437,-6256.96630859375
201.45000000000002,e1008,1267.93945,4.758082,1810.62219,0.5,0,0.1,72.51887,0.3061236,499.9763,99756.953125,0,4055.1964416503906,-6257.0364990234375
201.5,e1008,1268.1781,4.771996,1810.86084,0.5,0,0.1,72.51887,0.396249622,499.9763,99566.0390625,0,4057.8124084472656,-6256.9478149414062
201.55,e1008,1268.41736,4.78588057,1811.1001,0.5,0,0.1,72.51887,0,499.9763,99375.5625,0,4060.4256591796875,-6257.3341674804687
201.60000000000002,e1008,1268.65735,4.79973459,1811.34009,0.5,0,0.1,72.51887,0.3138669,499.9763,99185.484375,0,4063.0361938476562,-6256.9459228515625
201.65,e1008,1268.89807,4.813558,1811.58081,0.5,0,0.1,72.51887,0.292406172,499.9763,98995.8203125,0,4065.6442260742187,-6256.94580078125
201.70000000000002,e1008,1269.1394,4.827353,1811.82214,0.5,0,0.1,72.51887,0.378493816,499.9763,98806.578125,0,4068.2494201660156,-6256.96826171875
201.75,e1008,1269.38147,4.84111738,1812.06421,0.5,0,0.1,72.51887,0,499.9763,98617.703125,0,4070.8522033691406,-6256.9424438476562
201.8,e1008,1269.62427,4.85485125,1812.307,0.5,0,0.1,72.51887,0.2998025,499.9763,98429.2578125,0,4073.4522705078125,-6256.9656372070312
201.85000000000002,e1008,1269.86768,4.8685565,1812.55042,0.5,0,0.1,72.51887,0.27930364,499.9763,98241.2109375,0,4076.0498046875,-6256.9458618164062
201.9,e1008,1270.11182,4.882232,1812.79456,0.5,0,0.1,72.51887,0.361532658,499.9763,98053.609375,0,4078.644287109375,-6256.9387817382812
201.95000000000002,e1008,1270.35657,4.89587736,1813.03931,0.5,0,0.1,72.51887,0,499.9763,97866.3828125,0,4081.2366943359375,-6256.9629516601562
202,e1008,1270.602,4.909493,1813.28479,0.5,0,0.1,72.51887,0.28636837,499.9763,97679.5546875,0,4083.8259582519531,-6256.9414672851562
202.05,e1008,1270.84814,4.92308044,1813.53088,0.5,0,0.1,72.51887,0.266788036,499.9763,97493.15625,0,4086.412841796875,-6256.965576171875
202.10000000000002,e1008,1271.095,4.9366374,1813.77771,0.5,0,0.1,72.51887,0.345332444,499.9763,97307.15625,0,4088.996826171875,-6256.9629516601562
202.15,e1008,1271.34253,4.950165,1814.02527,0.5,0,0.1,72.51887,0,499.9763,97121.5625,0,4091.5780944824219,-6256.9376831054687
202.20000000000002,e1008,1271.5907,4.96366358,1814.27344,0.5,0,0.1,72.51887,0.2735362,499.9763,96936.3359375,0,4094.1566772460937,-6256.9710083007812
202.25,e1008,1271.8396,4.97713232,1814.52234,0.5,0,0.1,72.51887,0.254833341,499.9763,96751.5546875,0,4096.7326354980469,-6257.339111328125
202.3,e1008,1272.08972,4.99057245,1814.77185,0.5,0,0.1,72.51887,0.3298578,499.9763,96567.1484375,0,4099.3058166503906,-6256.9763793945312
202.35000000000002,e1008,1272.33984,5.003983,1815.02209,0.5,0,0.1,72.51887,0,499.9763,96383.1328125,0,4101.876220703125,-6256.937744140625
202.4,e1008,1272.59082,5.017365,1815.273,0.5,0,0.1,72.51887,0.261279047,499.9763,96199.53125,0,4104.4440307617187,-6256.9415283203125
202.45000000000002,e1008,1272.84229,5.03071833,1815.52454,0.5,0,0.1,72.51887,0.2434143,499.9763,96016.3359375,0,4107.0090942382812,-6256.9403686523437
202.5,e1008,1273.09448,5.044043,1815.77673,0.5,0,0.1,72.51887,0.31507656,499.9763,95833.5234375,0,4109.5714111328125,-6256.9505615234375
202.55,e1008,1273.34741,5.057338,1816.02954,0.5,0,0.1,72.51887,0,499.9763,95651.078125,0,4112.1309204101562,-6257.335693359375
202.60000000000002,e1008,1273.601,5.070605,1816.28308,0.5,0,0.1,72.51887,0.249571145,499.9763,95469.0859375,0,4114.6876220703125,-6256.9710083007812
202.65,e1008,1273.8551,5.083842,1816.53723,0.5,0,0.1,72.51887,0.232506856,499.9763,95287.4375,0,4117.2417602539062,-6257.333740234375
202.70000000000002,e1008,1274.11,5.09705,1816.79211,0.5,0,0.1,72.51887,0.300958365,499.9763,95106.21875,0,4119.7930603027344,-6256.963623046875
202.75,e1008,1274.36548,5.110231,1817.04761,0.5,0,0.1,72.51887,0,499.9763,94925.3828125,0,4122.3413391113281,-6256.94580078125
202.8,e1008,1274.62158,5.123383,1817.30383,0.5,0,0.1,72.51887,0.238387883,499.9763,94744.9375,0,4124.8870849609375,-6256.9425048828125
202.85000000000002,e1008,1274.87842,5.13650656,1817.56067,0.5,0,0.1,72.51887,0.2220881,499.9763,94564.84375,0,4127.4298706054687,-6256.9384155273437
202.9,e1008,1275.136,5.14960146,1817.81812,0.5,0,0.1,72.51887,0.287473053,499.9763,94385.1796875,0,4129.9701232910156,-6257.3527221679687
202.95000000000002,e1008,1275.394,5.1626687,1818.07629,0.5,0,0.1,72.51887,0,499.9763,94205.90625,0,4132.50732421875,-6256.93505859375
203,e1008,1275.65283,5.17570639,1818.33508,0.5,0,0.1,72.51887,0.227705747,499.9763,94026.9921875,0,4135.0420227050781,-6256.9689331054687
203.05,e1008,1275.91223,5.18871641,1818.59448,0.5,0,0.1,72.51887,0.212136328,499.9763,93848.5234375,0,4137.5736083984375,-6257.3412475585937
203.10000000000002,e1008,1276.17236,5.2016983,1818.85461,0.5,0,0.1,72.51887,0.2745914,499.9763,93670.390625,0,4140.1026000976562,-6202.8919067382812
203.15,e1008,1276.43311,5.21466064,1819.11536,0.5,0,0.1,72.51887,0,499.9763,93492.6640625,0,4142.6287841796875,-6149.3388671875
203.20000000000002,e1008,1276.69446,5.22760344,1819.37671,0.5,0,0.1,72.51887,0.217502221,499.9763,93314.5625,0,4145.1536865234375,-6095.82763671875
203.25,e1008,1276.95654,5.24052572,1819.63879,0.5,0,0.1,72.51887,0.20263046,499.9763,93136.6640625,0,4147.6771240234375,-6041.8793334960937
203.3,e1008,1277.21924,5.253429,1819.90149,0.5,0,0.1,72.51887,0.262287,499.9763,92958.9921875,0,4150.1997680664062,-5987.9652709960937
203.35000000000002,e1008,1277.48254,5.26631165,1820.16479,0.5,0,0.1,72.51887,0,499.9763,92781.6171875,0,4152.7208862304687,-5934.0208740234375
203.4,e1008,1277.74646,5.27917528,1820.42871,0.5,0,0.1,72.51887,0.207755938,499.9763,92604.484375,0,4155.2409057617187,-5879.7040405273437
203.45000000000002,e1008,1278.01111,5.29201937,1820.69336,0.5,0,0.1,72.51887,0.193550587,499.9763,92427.640625,0,4157.7595825195312,-5825.476318359375
203.5,e1008,1278.27637,5.304844,1820.95862,0.5,0,0.1,72.51887,0.250533938,499.9763,92251.0390625,0,4160.2771606445312,-5771.073486328125
203.55,e1008,1278.54224,5.31765,1821.22449,0.5,0,0.1,72.51887,0,499.9763,92074.7109375,0,4162.7935180664062,-5716.360107421875
203.60000000000002,e1008,1278.80872,5.33043528,1821.491,0.5,0,0.1,72.51887,0.1984464,499.9763,91898.6328125,0,4165.3086242675781,-5661.6473999023437
203.65,e1008,1279.07593,5.34320164,1821.75818,0.5,0,0.1,72.51887,0.184877649,499.9763,91722.8359375,0,4167.8224792480469,-5606.9265747070312
203.70000000000002,e1008,1279.34363,5.3559494,1822.026,0.5,0,0.1,72.51887,0.239307269,499.9763,91547.28125,0,4170.3352966308594,-5551.8053588867187
203.75,e1008,1279.612,5.368678,1822.29443,0.5,0,0.1,72.51887,0,499.9763,91372.0234375,0,4172.8466796875,-5496.7086791992187
203.8,e1008,1279.88123,5.38138628,1822.56348,0.5,0,0.1,72.51887,0.189554021,499.9763,91197,0,4175.3568115234375,-5441.58544921875
203.85000000000002,e1008,1280.15088,5.394077,1822.83313,0.5,0,0.1,72.51887,0.176593214,499.9763,91022.25,0,4177.8658447265625,-5386.1004638671875
203.9,e1008,1280.42126,5.40674829,1823.10352,0.5,0,0.1,72.51887,0.228584185,499.9763,90847.75,0,4180.3735656738281,-5330.5850219726562
203.95000000000002,e1008,1280.69226,5.41939974,1823.37451,0.5,0,0.1,72.51887,0,499.9763,90673.515625,0,4182.8800659179687,-5275.0809326171875
204,e1008,1280.96375,5.43203354,1823.64612,0.5,0,0.1,72.51887,0.181060091,499.9763,90499.515625,0,4185.3855285644531,-5219.1861572265625
204.05,e1008,1281.23608,5.44464827,1823.91833,0.5,0,0.1,72.51887,0.168680191,499.9763,90325.796875,0,4187.8894958496094,-5163.2990112304687
204.10000000000002,e1008,1281.50891,5.4572444,1824.19116,0.5,0,0.1,72.51887,0.218340755,499.9763,90152.3125,0,4190.3925476074219,-5107.3853149414063
204.15,e1008,1281.78235,5.46982145,1824.4646,0.5,0,0.1,72.51887,0,499.9763,89979.1015625,0,4192.8941955566406,-5051.1118774414062
204.20000000000002,e1008,1282.05652,5.48237944,1824.73877,0.5,0,0.1,72.51887,0.1729468,499.9763,89806.1484375,0,4195.3946838378906,-4994.8048706054687
204.25,e1008,1282.3313,5.4949193,1825.01355,0.5,0,0.1,72.51887,0.161121547,499.9763,89633.4453125,0,4197.8937377929687,-4938.5186767578125
204.3,e1008,1282.60669,5.507441,1825.289,0.5,0,0.1,72.51887,0.208557308,499.9763,89460.9765625,0,4200.3919067382812,-4881.84228515625
204.35000000000002,e1008,1282.88269,5.51994371,1825.565,0.5,0,0.1,72.51887,0,499.9763,89288.78125,0,4202.8887329101562,-4825.1594848632812
204.4,e1008,1283.1593,5.53242826,1825.84155,0.5,0,0.1,72.51887,0.16519703,499.9763,89116.8046875,0,4205.3841247558594,-4768.4663696289062
204.45000000000002,e1008,1283.43652,5.5448947,1826.11877,0.5,0,0.1,72.51887,0.1539018,499.9763,88945.1015625,0,4207.8785400390625,-4711.3897705078125
204.5,e1008,1283.71436,5.557343,1826.39661,0.5,0,0.1,72.51887,0.199211374,499.9763,88773.640625,0,4210.3717956542969,-4654.3125610351562
204.55,e1008,1283.99292,5.569773,1826.675,0.5,0,0.1,72.51887,0,499.9763,88602.40625,0,4212.8638610839844,-4597.3271484375
204.60000000000002,e1008,1284.272,5.58218431,1826.9541,0.5,0,0.1,72.51887,0.157794565,499.9763,88431.46875,0,4215.3545532226562,-4539.7686767578125
204.65,e1008,1284.55176,5.59457827,1827.23389,0.5,0,0.1,72.51887,0.147005364,499.9763,88260.765625,0,4217.8440246582031,-4482.6991577148437
204.70000000000002,e1008,1284.832,5.606954,1827.51428,0.5,0,0.1,72.51887,0.190285146,499.9763,88090.2421875,0,4220.3325500488281,-4424.8252868652344
204.75,e1008,1285.113,5.619312,1827.79529,0.5,0,0.1,72.51887,0,499.9763,87920.0234375,0,4222.8197021484375,-4367.3594970703125
204.8,e1008,1285.39465,5.631652,1828.0769,0.5,0,0.1,72.51887,0.150723785,499.9763,87750.0546875,0,4225.3054504394531,-4309.4905395507812
204.85000000000002,e1008,1285.67676,5.643974,1828.35913,0.5,0,0.1,72.51887,0.140418112,499.9763,87580.328125,0,4227.7903747558594,-4251.6277160644531
204.9,e1008,1285.95959,5.656277,1828.642,0.5,0,0.1,72.51887,0.1817582,499.9763,87410.8203125,0,4230.2738037109375,-4193.3641815185547
204.95000000000002,e1008,1286.243,5.668564,1828.92542,0.5,0,0.1,72.51887,0,499.9763,87241.5546875,0,4232.7561645507812,-4135.1077728271484
205,e1008,1286.5271,5.68083239,1829.20947,0.5,0,0.1,72.51887,0.143969864,499.9763,87072.53125,0,4235.2372436523437,-4076.8495330810547
205.05,e1008,1286.81177,5.693084,1829.49414,0.5,0,0.1,72.51887,0.134125888,499.9763,86903.8359375,0,4237.7172546386719,-4018.5890655517578
205.10000000000002,e1008,1287.097,5.7053175,1829.77942,0.5,0,0.1,72.51887,0.173614085,499.9763,86735.2734375,0,4240.1958923339844,-3959.9359569549561
205.15,e1008,1287.38293,5.717533,1830.06531,0.5,0,0.1,72.51887,0,499.9763,86566.9453125,0,4242.6734313964844,-3941.3497314453125
205.20000000000002,e1008,1287.66931,5.72972536,1830.35181,0.5,0,0.1,72.51887,0.13751857,499.9763,86398.8984375,0,4245.1498107910156,-3941.4459228515625
205.25,e1008,1287.95642,5.741891,1830.63892,0.5,0,0.1,72.51887,0.128115818,499.9763,86231.6328125,0,4247.6237182617187,-3941.437744140625
205.3,e1008,1288.24414,5.75403166,1830.92664,0.5,0,0.1,72.51887,0.165833861,499.9763,86064.9921875,0,4250.0946350097656,-3941.4424438476562
205.35000000000002,e1008,1288.53247,5.766144,1831.215,0.5,0,0.1,72.51887,0,499.9763,85898.8046875,0,4252.5624389648437,-3941.4387817382812
205.4,e1008,1288.82141,5.778231,1831.50391,0.5,0,0.1,72.51887,0.131356373,499.9763,85732.953125,0,4255.027099609375,-3941.4441528320312
205.45000000000002,e1008,1289.11084,5.79029131,1831.79346,0.5,0,0.1,72.51887,0.122374907,499.9763,85567.4453125,0,4257.4888916015625,-3941.4414672851562
205.5,e1008,1289.401,5.802326,1832.08362,0.5,0,0.1,72.51887,0.158403054,499.9763,85402.328125,0,4259.9476318359375,-3941.4414672851562
205.55,e1008,1289.69177,5.814335,1832.37439,0.5,0,0.1,72.51887,0,499.9763,85237.5625,0,4262.4031982421875,-3941.4430541992187
205.60000000000002,e1008,1289.983,5.826317,1832.66565,0.5,0,0.1,72.51887,0.1254703,499.9763,85073.1171875,0,4264.8558349609375,-3941.4423217773437
205.65,e1008,1290.2749,5.838273,1832.95752,0.5,0,0.1,72.51887,0.116891213,499.9763,84909.078125,0,4267.3053894042969,-3941.4404296875
205.70000000000002,e1008,1290.5675,5.85020447,1833.25,0.5,0,0.1,72.51887,0.151305377,499.9763,84745.359375,0,4269.7518615722656,-3941.5294189453125
205.75,e1008,1290.8606,5.86210966,1833.54309,0.5,0,0.1,72.51887,0,499.9763,84582.03125,0,4272.1954956054687,-3941.444091796875
205.8,e1008,1291.1543,5.87398863,1833.83679,0.5,0,0.1,72.51887,0.119847968,499.9763,84419.03125,0,4274.6359252929687,-3941.4387817382812
205.85000000000002,e1008,1291.44861,5.88584137,1834.1311,0.5,0,0.1,72.51887,0.11165338,499.9763,84256.375,0,4277.0732116699219,-3941.437744140625
205.9,e1008,1291.74341,5.89767027,1834.426,0.5,0,0.1,72.51887,0.144525081,499.9763,84094.09375,0,4279.5075378417969,-3941.4451293945312
205.95000000000002,e1008,1292.039,5.909473,1834.72156,0.5,0,0.1,72.51887,0,499.9763,83932.0703125,0,4281.9388427734375,-3941.4404296875
206,e1008,1292.335,5.92124939,1835.01758,0.5,0,0.1,72.51887,0.114477575,499.9763,83770.4765625,0,4284.3671875,-3941.4405517578125
206.05,e1008,1292.63159,5.933002,1835.31421,0.5,0,0.1,72.51887,0.106650218,499.9763,83609.203125,0,4286.7924194335937,-3941.442138671875
206.10000000000002,e1008,1292.92883,5.94472837,1835.61145,0.5,0,0.1,72.51887,0.138048828,499.9763,83448.3046875,0,4289.214599609375,-3941.4414672851562
206.15,e1008,1293.22668,5.95642853,1835.9093,0.5,0,0.1,72.51887,0,499.9763,83287.734375,0,4291.6337890625,-3941.4378051757812
206.20000000000002,e1008,1293.52515,5.968104,1836.20776,0.5,0,0.1,72.51887,0.109347843,499.9763,83127.5625,0,4294.0496826171875,-3941.44140625
206.25,e1008,1293.8241,5.979754,1836.50671,0.5,0,0.1,72.51887,0.101871133,499.9763,82967.703125,0,4296.4625549316406,-3941.43603515625
206.3,e1008,1294.12366,5.991379,1836.80627,0.5,0,0.1,72.51887,0.131863236,499.9763,82808.1953125,0,4298.8726196289062,-3941.4431762695313
206.35000000000002,e1008,1294.42383,6.002979,1837.10645,0.5,0,0.1,72.51887,0,499.9763,82649.03125,0,4301.2792663574219,-3941.4378051757812
206.4,e1008,1294.72449,6.014553,1837.40723,0.5,0,0.1,72.51887,0.104447961,499.9763,82490.21875,0,4303.6828002929687,-3926.6204223632812
206.45000000000002,e1008,1295.02588,6.02610445,1837.7085,0.5,0,0.1,72.51887,0.09730631,499.9763,82331.7109375,0,4306.0834045410156,-3912.3831176757812
206.5,e1008,1295.32776,6.03763342,1838.01038,0.5,0,0.1,72.51887,0.12595436,499.9763,82173.3828125,0,4308.4814758300781,-3898.04638671875
206.55,e1008,1295.63013,6.04914045,1838.31287,0.5,0,0.1,72.51887,0,499.9763,82015.3359375,0,4310.876708984375,-3883.8050537109375
206.60000000000002,e1008,1295.93323,6.060623,1838.61584,0.5,0,0.1,72.51887,0.09976765,499.9763,81857.609375,0,4313.2695007324219,-3869.3864135742187
206.65,e1008,1296.23682,6.07208347,1838.91943,0.5,0,0.1,72.51887,0.09294607,499.9763,81700.2109375,0,4315.6592712402344,-3855.045166015625
206.70000000000002,e1008,1296.541,6.08352232,1839.22363,0.5,0,0.1,72.51887,0.120310113,499.9763,81543.0703125,0,4318.0465698242187,-3840.6192626953125
206.75,e1008,1296.8457,6.094937,1839.52832,0.5,0,0.1,72.51887,0,499.9763,81386.2890625,0,4320.4313659667969,-3826.2069091796875
206.8,e1008,1297.151,6.10633039,1839.83362,0.5,0,0.1,72.51887,0.09529706,499.9763,81229.78125,0,4322.8134460449219,-3811.7791748046875
206.85000000000002,e1008,1297.45691,6.117701,1840.13953,0.5,0,0.1,72.51887,0.08878117,499.9763,81073.578125,0,4325.1928405761719,-3797.3624877929687
206.9,e1008,1297.76343,6.129049,1840.44592,0.5,0,0.1,72.51887,0.114918895,499.9763,80917.6953125,0,4327.5696411132812,-3782.8405151367187
206.95000000000002,e1008,1298.07043,6.140374,1840.75293,0.5,0,0.1,72.51887,0,499.9763,80762.109375,0,4329.9437255859375,-3768.3355407714844
207,e1008,1298.378,6.15167856,1841.06055,0.5,0,0.1,72.51887,0.0910268,499.9763,80606.84375,0,4332.3152160644531,-3753.7237243652344
207.05,e1008,1298.68616,6.16295958,1841.36865,0.5,0,0.1,72.51887,0.084802866,499.9763,80451.890625,0,4334.6839904785156,-3739.2062683105469
207.10000000000002,e1008,1298.99487,6.174218,1841.67737,0.5,0,0.1,72.51887,0.109769449,499.9763,80297.234375,0,4337.0500793457031,-3724.6078796386719
207.15,e1008,1299.30408,6.18545532,1841.98669,0.5,0,0.1,72.51887,0,499.9763,80142.859375,0,4339.4136657714844,-3709.9150695800781
207.20000000000002,e1008,1299.614,6.19667,1842.29651,0.5,0,0.1,72.51887,0.08694788,499.9763,79988.828125,0,4341.7742614746094,-3695.3033447265625
207.25,e1008,1299.92432,6.20786238,1842.60693,0.5,0,0.1,72.51887,0.0810028538,499.9763,79835.0625,0,4344.1325073242187,-3680.6145324707031
207.3,e1008,1300.23535,6.21903229,1842.91785,0.5,0,0.1,72.51887,0.104850695,499.9763,79681.6484375,0,4346.4879455566406,-3665.9190979003906
207.35000000000002,e1008,1300.54675,6.230181,1843.22937,0.5,0,0.1,72.51887,0,499.9763,79528.4921875,0,4348.8407287597656,-3651.1305847167969
207.4,e1008,1300.85889,6.24130726,1843.54138,0.5,0,0.1,72.51887,0.08305175,499.9763,79375.6484375,0,4351.1908264160156,-3636.3473510742187
207.45000000000002,e1008,1301.17151,6.252412,1843.854,0.5,0,0.1,72.51887,0.07737311,499.9763,79223.109375,0,4353.5381774902344,-3621.5564270019531
207.5,e1008,1301.48462,6.263496,1844.16724,0.5,0,0.1,72.51887,0.100152358,499.9763,79070.8671875,0,4355.8829650878906,-3606.774658203125
207.55,e1008,1301.79834,6.274556,1844.481,0.5,0,0.1,72.51887,0,499.9763,78918.8828125,0,4358.2251892089844,-3591.8929748535156
207.60000000000002,e1008,1302.11267,6.285596,1844.79529,0.5,0,0.1,72.51887,0.0793302059,499.9763,78767.2421875,0,4360.564697265625,-3577.01953125
207.65,e1008,1302.42749,6.296614,1845.11011,0.5,0,0.1,72.51887,0.0739059746,499.9763,78615.8671875,0,4362.9015197753906,-3562.1417846679687
207.70000000000002,e1008,1302.74292,6.30761,1845.42554,0.5,0,0.1,72.51887,0.09566477,499.9763,78464.828125,0,4365.2356567382812,-3547.2616271972656
207.75,e1008,1303.05884,6.318585,1845.74146,0.5,0,0.1,72.51887,0,499.9763,78314.0390625,0,4367.5671691894531,-3532.2975769042969
207.8,e1008,1303.37524,6.329539,1846.058,0.5,0,0.1,72.51887,0.07577542,499.9763,78163.5703125,0,4369.8960266113281,-3517.3328399658203
207.85000000000002,e1008,1303.69226,6.34047031,1846.375,0.5,0,0.1,72.51887,0.07059424,499.9763,78013.390625,0,4372.2221984863281,-3502.2704010009766
207.9,e1008,1304.00989,6.35138035,1846.69263,0.5,0,0.1,72.51887,0.0913780555,499.9763,77863.5,0,4374.545654296875,-3487.3007965087891
207.95000000000002,e1008,1304.328,6.36227036,1847.01074,0.5,0,0.1,72.51887,0,499.9763,77713.9140625,0,4376.8664855957031,-3472.2453155517578
208,e1008,1304.64661,6.373138,1847.32935,0.5,0,0.1,72.51887,0.0723799244,499.9763,77564.625,0,4379.1846008300781,-3457.1914825439453
208.05,e1008,1304.96582,6.383984,1847.64856,0.5,0,0.1,72.51887,0.0674309358,499.9763,77415.625,0,4381.4999084472656,-3442.0374908447266
208.10000000000002,e1008,1305.28564,6.39480972,1847.96826,0.5,0,0.1,72.51887,0.0872833058,499.9763,77266.8984375,0,4383.8129272460937,-3426.8916015625
208.15,e1008,1305.60583,6.40561342,1848.28857,0.5,0,0.1,72.51887,0,499.9763,77118.484375,0,4386.1230163574219,-3411.7397003173828
208.20000000000002,e1008,1305.92676,6.416397,1848.60938,0.5,0,0.1,72.51887,0.06913659,499.9763,76970.34375,0,4388.4305114746094,-3396.5912322998047
208.25,e1008,1306.248,6.42715836,1848.93079,0.5,0,0.1,72.51887,0.06440932,499.9763,76822.4765625,0,4390.7352905273437,-3381.3557434082031
208.3,e1008,1306.57,6.4379,1849.25269,0.5,0,0.1,72.51887,0.0833723247,499.9763,76674.9453125,0,4393.0372009277344,-3366.1988220214844
208.35000000000002,e1008,1306.89233,6.44861937,1849.57507,0.5,0,0.1,72.51887,0,499.9763,76527.671875,0,4395.3367309570312,-3350.8688125610352
208.4,e1008,1307.21533,6.459319,1849.89807,0.5,0,0.1,72.51887,0.0660385638,499.9763,76380.6953125,0,4397.6333923339844,-3335.6291618347168
208.45000000000002,e1008,1307.53882,6.469997,1850.22156,0.5,0,0.1,72.51887,0.0615232438,499.9763,76233.9609375,0,4399.927490234375,-3320.3947639465332
208.5,e1008,1307.86292,6.48065472,1850.54553,0.5,0,0.1,72.51887,0.07963594,499.9763,76087.546875,0,4402.2189025878906,-3304.9765090942383
208.55,e1008,1308.1875,6.49129057,1850.87012,0.5,0,0.1,72.51887,0,499.9763,75941.4375,0,4404.507568359375,-3289.6450366973877
208.60000000000002,e1008,1308.51257,6.501907,1851.19519,0.5,0,0.1,72.51887,0.06307939,499.9763,75795.5625,0,4406.7936401367187,-3278.0303344726562
208.65,e1008,1308.83813,6.51250124,1851.52087,0.5,0,0.1,72.51887,0.0587663278,499.9763,75650.015625,0,4409.0771484375,-3278.027587890625
208.70000000000002,e1008,1309.16431,6.52307224,1851.847,0.5,0,0.1,72.51887,0.07606774,499.9763,75504.765625,0,4411.3576049804687,-3278.0296630859375
208.75,e1008,1309.491,6.53362226,1852.17371,0.5,0,0.1,72.51887,0,499.9763,75360.015625,0,4413.635009765625,-3278.0330200195312
208.8,e1008,1309.81824,6.544147,1852.50085,0.5,0,0.1,72.51887,0.0602527969,499.9763,75215.5859375,0,4415.9091186523437,-3278.0269165039062
208.85000000000002,e1008,1310.146,6.55465,1852.82861,0.5,0,0.1,72.51887,0.0561330281,499.9763,75071.4609375,0,4418.1802978515625,-3278.0294189453125
208.9,e1008,1310.47424,6.565131,1853.15686,0.5,0,0.1,72.51887,0.07265904,499.9763,74927.65625,0,4420.4481201171875,-3277.947509765625
208.95000000000002,e1008,1310.803,6.57558775,1853.4856,0.5,0,0.1,72.51887,0,499.9763,74784.1328125,0,4422.7126159667969,-3278.0247802734375
209,e1008,1311.13232,6.58602238,1853.815,0.5,0,0.1,72.51887,0.0575528778,499.9763,74640.953125,0,4424.9741821289062,-3278.0296630859375
209.05,e1008,1311.46216,6.596435,1854.14478,0.5,0,0.1,72.51887,0.0536176935,499.9763,74498.09375,0,4427.2323913574219,-3278.02490234375
209.10000000000002,e1008,1311.79248,6.6068244,1854.4751,0.5,0,0.1,72.51887,0.0694032758,499.9763,74355.515625,0,4429.4874877929687,-3278.0311279296875
209.15,e1008,1312.12329,6.617192,1854.80591,0.5,0,0.1,72.51887,0,499.9763,74213.25,0,4431.7393798828125,-3278.1229248046875
209.20000000000002,e1008,1312.45471,6.627537,1855.13733,0.5,0,0.1,72.51887,0.05497393,499.9763,74071.2734375,0,4433.98828125,-3278.0256958007812
209.25,e1008,1312.7865,6.63785934,1855.46924,0.5,0,0.1,72.51887,0.05121508,499.9763,73929.6171875,0,4436.2340698242187,-3278.0303344726562
209.3,e1008,1313.119,6.6481595,1855.80164,0.5,0,0.1,72.51887,0.0662933141,499.9763,73788.2734375,0,4438.4764404296875,-3278.03564453125
209.35000000000002,e1008,1313.4519,6.65843725,1856.13452,0.5,0,0.1,72.51887,0,499.9763,73647.25,0,4440.7157592773437,-3278.0328979492187
209.4,e1008,1313.78528,6.668693,1856.4679,0.5,0,0.1,72.51887,0.05251055,499.9763,73506.515625,0,4442.9515686035156,-3278.0286254882812
209.45000000000002,e1008,1314.11926,6.67892551,1856.80188,0.5,0,0.1,72.51887,0.04892014,499.9763,73366.1171875,0,4445.1845092773437,-3278.0301513671875
209.5,e1008,1314.45374,6.689137,1857.13635,0.5,0,0.1,72.51887,0.06332269,499.9763,73225.9765625,0,4447.4141845703125,-3278.0248413085937
209.55,e1008,1314.7887,6.699326,1857.47131,0.5,0,0.1,72.51887,0,499.9763,73086.1796875,0,4449.6407470703125,-3275.5445556640625
209.60000000000002,e1008,1315.12415,6.709493,1857.80676,0.5,0,0.1,72.51887,0.050157547,499.9763,72946.640625,0,4451.8640441894531,-3259.6690673828125
209.65,e1008,1315.46021,6.71964169,1858.1427,0.5,0,0.1,72.51887,0.04672805,499.9763,72807.421875,0,4454.0841064453125,-3243.7945556640625
209.70000000000002,e1008,1315.79663,6.72977448,1858.47925,0.5,0,0.1,72.51887,0.0604851022,499.9763,72704.6640625,0,4456.3018188476562,-3227.8326416015625
209.75,e1008,1316.13367,6.739899,1858.81628,0.5,0,0.1,72.51887,0,499.9763,72631.859375,0,4458.5179443359375,-3211.8662719726562
209.8,e1008,1316.47119,6.75001526,1859.15381,0.5,0,0.1,72.51887,0.04790999,499.9763,72565.703125,0,4460.7337036132812,-3195.8989868164062
209.85000000000002,e1008,1316.80908,6.760124,1859.49182,0.5,0,0.1,72.51887,0.0446341634,499.9763,72500.796875,0,4462.9491577148437,-3179.9403076171875
209.9,e1008,1317.14771,6.770225,1859.83032,0.5,0,0.1,72.51887,0.05777478,499.9763,72436.0546875,0,4465.1646118164062,-3163.970458984375
209.95000000000002,e1008,1317.48669,6.78031635,1860.16931,0.5,0,0.1,72.51887,0,499.9763,72371.453125,0,4467.3799438476562,-3147.9188842773437
210,e1008,1317.82617,6.790401,1860.50879,0.5,0,0.1,72.51887,0.0457631461,499.9763,72306.890625,0,4469.5949096679687,-3131.8612060546875
210.05,e1008,1318.16589,6.79423237,1860.84851,0,1,0.8,72.30306,0.042634055,499.9763,32189.419921875,0,4471.8101806640625,-3115.7156066894531
210.10000000000002,e1008,1318.50562,6.793683,1861.18823,0,1,0.8,72.07531,0.055186104,497.9763,4079.1630859375,0,4472.6536865234375,-3099.6566772460937
210.15,e1008,1318.84521,6.79259443,1861.52783,0,1,0.8,71.82834,0,495.9763,597.7474365234375,0,4472.5357360839844,-3083.59912109375
210.20000000000002,e1008,1319.18481,6.79143429,1861.86743,0,1,0.8,71.56871,0.043712493,493.9763,128.35745239257812,0,4472.299560546875,-3067.5472412109375
210.25,e1008,1319.52429,6.790261,1862.20691,0,1,0.8,71.30067,0.0407236628,491.9763,30.659446716308594,0,4472.0477294921875,-3051.488525390625
210.3,e1008,1319.86377,6.78908873,1862.54639,0,1,0.8,71.02692,0.05271302,489.9763,19.917755126953125,0,4471.7933349609375,-3035.4309692382812
210.35000000000002,e1008,1320.20313,6.787919,1862.88574,0,1,0.8,70.7492752,0,487.9763,18.396839141845703,0,4471.5389404296875,-3019.3701782226562
210.4,e1008,1320.54248,6.78675175,1863.2251,0,1,0.8,70.4689255,0.04175374,485.9763,17.7478084564209,0,4471.2850036621094,-3003.3237915039062
210.45000000000002,e1008,1320.88171,6.785587,1863.56433,0,1,0.8,70.18533,1.83296955,483.9763,17.198879241943359,0,4471.03173828125,-2987.2682800292969
210.5,e1008,1321.221,6.784425,1863.90356,0,1,0.8,69.89744,3.53616786,481.9763,16.681468963623047,0,4470.7789916992187,-2971.2061767578125
210.55,e1008,1321.56018,6.783265,1864.24268,0,1,0.8,69.60893,4.1012907,479.9763,16.076894760131836,0,4470.5269165039062,-2955.1496887207031
210.60000000000002,e1008,1321.89929,6.782108,1864.58179,0,1,0.8,69.32088,4.50455427,477.9763,15.536506652832031,0,4470.2752685546875,-2939.1002502441406
210.65,e1008,1322.23828,6.780953,1864.92078,0,1,0.8,69.03318,4.7390337,475.9763,15.018927574157715,0,4470.0242309570312,-2923.0465393066406
210.70000000000002,e1008,1322.57727,6.77980042,1865.25977,0,1,0.8,68.74574,4.892356,473.9763,14.499119758605957,0,4469.7736511230469,-2907.0757141113281
210.75,e1008,1322.91626,6.77864027,1865.59875,0,1,0.8,68.45849,5.013359,471.9763,13.982527732849121,67.428298950195313,4469.5237121582031,-2891.0169067382812
210.8,e1008,1323.25488,6.77652073,1865.93762,0,1,0.8,68.17137,7.780463,469.9763,0,12669.498046875,4469.2722778320312,-2874.9639892578125
210.85000000000002,e1008,1323.593,6.773787,1866.27637,0,1,0.8,67.88441,10.4914236,467.9763,0,22955.8203125,4468.5638427734375,-2858.9036102294922
210.9,e1008,1323.93042,6.770533,1866.61511,0,1,0.8,67.5975342,13.1479263,465.9763,0,31637.625,4467.479248046875,-2842.9432983398437
210.95000000000002,e1008,1324.267,6.76683044,1866.95374,0,1,0.8,67.31073,15.751606,463.9763,0,39159.02734375,4466.0784301757812,-2826.8836059570312
211,e1008,1324.60254,6.762797,1867.29236,0,1,0.8,67.024,17.8596439,461.9763,0,44704.72265625,4464.4044189453125,-2810.8290100097656
211.05,e1008,1324.93713,6.758632,1867.63086,0,1,0.8,66.7373352,18.7540855,459.9763,0,46963.19140625,4462.5307006835937,-2794.8662719726562
211.10000000000002,e1008,1325.27063,6.75228739,1867.96924,0,1,0.8,66.4507446,19.6793137,457.9763,0,58899.83642578125,4460.5776977539062,-2778.8039398193359
211.15,e1008,1325.603,6.743184,1868.30737,0,1,0.8,66.1642,20.6038837,455.9763,0,73515.35205078125,4458.22998046875,-2762.8392944335937
211.20000000000002,e1008,1325.9342,6.73253965,1868.64514,0,1,0.8,65.8777161,21.5281944,453.9763,0,82332.799560546875,4455.4003601074219,-2746.8788757324219
211.25,e1008,1326.26416,6.720614,1868.98242,0,1,0.8,65.59128,22.452282,451.9763,0,89876.02490234375,4452.2793579101562,-2730.908935546875
211.3,e1008,1326.593,6.707431,1869.31921,0,1,0.8,65.3048859,23.37615,449.9763,0,97302.89990234375,4448.9092102050781,-2715.0413055419922
211.35000000000002,e1008,1326.92053,6.693005,1869.6554,0,1,0.8,65.0185547,24.2997532,449.9763,0,104616.19970703125,4445.2952880859375,-2699.168586730957
211.4,e1008,1327.24683,6.67629862,1869.991,0,1,0.8,64.73227,25.2231369,449.9763,0,111821.189453125,4441.4418640136719,-2683.2851943969727
211.45000000000002,e1008,1327.57373,6.64532757,1870.32581,0,1,0.8,64.4460449,26.14624,449.9763,0,118912.7685546875,4437.37841796875,-2667.5088005065918
211.5,e1008,1327.89941,6.626651,1870.65979,0,1,0.8,64.15987,27.069128,449.9763,0,123990.9091796875,4433.4098815917969,-2651.7212524414062
211.55,e1008,1328.22375,6.607207,1870.99292,0,1,0.8,63.8737335,27.9917927,449.9763,0,128915.193359375,4428.9501953125,-2635.9322338104248
211.60000000000002,e1008,1328.54688,6.587077,1871.3252,0,1,0.8,63.58766,28.9141731,449.9763,0,133436.2265625,4424.3325805664062,-2620.2441983222961
211.65,e1008,1328.86853,6.56627131,1871.65662,0,1,0.8,63.3016357,29.836338,449.9763,0,137900.2119140625,4419.5712280273437,-2614.6129760742187
211.70000000000002,e1008,1329.18872,6.54478931,1871.987,0,1,0.8,63.01566,30.7582684,449.9763,0,142338.740234375,4414.6682739257812,-2614.6157836914062
211.75,e1008,1329.50769,6.521951,1872.31653,0,1,0.8,62.7297478,31.679903,449.9763,0,146754.2392578125,4409.6255493164062,-2614.619384765625
211.8,e1008,1329.8269,6.485884,1872.645,0,1,0.8,62.4438858,32.60129,449.9763,0,151141.248046875,4404.4589538574219,-2614.619384765625
211.85000000000002,e1008,1330.14478,6.46171236,1872.97241,0,1,0.8,62.1580772,33.5224228,449.9763,0,155368.8857421875,4399.4522094726562,-2614.619384765625
211.9,e1008,1330.46118,6.436869,1873.29871,0,1,0.8,61.8723221,34.44331,449.9763,0,159714.435546875,4394.0164794921875,-2614.6157836914062
211.95000000000002,e1008,1330.776,6.4113574,1873.6239,0,1,0.8,61.58664,35.3638763,449.9763,0,164043.1591796875,4388.4467468261719,-2614.6201171875
212,e1008,1331.08936,6.38517857,1873.948,0,1,0.8,61.3010025,36.284214,449.9763,0,168356.7109375,4382.7446594238281,-2614.6156005859375
212.05,e1008,1331.40125,6.357868,1874.27087,0,1,0.8,61.0154343,37.20423,449.9763,0,172903.5751953125,4376.9111022949219,-2614.6173095703125
212.10000000000002,e1008,1331.71313,6.31862545,1874.59253,0,1,0.8,60.7299156,38.124,449.9763,0,178106.396484375,4370.9482421875,-2614.6246948242187
212.15,e1008,1332.02344,6.28976345,1874.913,0,1,0.8,60.4444733,39.04345,449.9763,0,183175.01171875,4365.0771789550781,-2614.6173095703125
212.20000000000002,e1008,1332.33215,6.26011562,1875.232,0,1,0.8,60.15908,39.96263,449.9763,0,188395.3681640625,4358.7999572753906,-2614.6220703125
212.25,e1008,1332.63916,6.22968,1875.54993,0,1,0.8,59.8737564,40.8815079,449.9763,0,193627.640625,4352.3655090332031,-2614.623779296875
212.3,e1008,1332.94446,6.198455,1875.86646,0,1,0.8,59.5884972,41.800087,449.9763,0,198872.380859375,4345.7740173339844,-2614.6183471679687
212.35000000000002,e1008,1333.24792,6.16606855,1876.18152,0,1,0.8,59.30331,42.7183342,449.9763,0,204130.001953125,4339.0267639160156,-2614.6173706054687
212.4,e1008,1333.55115,6.122299,1876.49524,0,1,0.8,59.01818,43.6363,449.9763,0,209396.111328125,4332.1292724609375,-2614.62109375
212.45000000000002,e1008,1333.85254,6.0883255,1876.8075,0,1,0.8,58.7331276,44.55393,449.9763,0,214523.798828125,4325.2447509765625,-2614.6210327148437
212.5,e1008,1334.1521,6.053544,1877.11829,0,1,0.8,58.44813,45.4712639,449.9763,0,219813.244140625,4318.0437622070312,-2614.6156616210937
212.55,e1008,1334.44971,6.017955,1877.42761,0,1,0.8,58.16321,46.38826,449.9763,0,225117.423828125,4310.6907348632812,-2614.6220703125
212.60000000000002,e1008,1334.74536,5.98155355,1877.73535,0,1,0.8,57.87837,47.30492,449.9763,0,230436.900390625,4303.1863708496094,-2614.6157836914062
212.65,e1008,1335.03918,5.94398165,1878.0415,0,1,0.8,57.5935974,48.2212372,449.9763,0,235772.373046875,4295.5315551757812,-2607.2386474609375
212.70000000000002,e1008,1335.33093,5.90591431,1878.34607,0,1,0.8,57.3104019,49.1333923,449.9763,0,241100.513671875,4287.7335815429687,-2593.2662963867187
212.75,e1008,1335.62219,5.856773,1878.64893,0,1,0.8,57.0310745,50.0367,449.9763,0,246399.544921875,4279.7779846191406,-2579.4779663085937
212.8,e1008,1335.91125,5.816767,1878.95007,0,1,0.8,56.7570457,50.9685555,449.9763,0,251575.19140625,4271.8935852050781,-2565.6951904296875
212.85000000000002,e1008,1336.19836,5.77566862,1879.24927,0,1,0.8,56.48936,51.84449,449.9763,0,256748.841796875,4263.6622924804687,-2552.2710571289062
212.9,e1008,1336.48572,5.73327,1879.54016,0,1,0.8,56.2288055,52.6917534,449.9763,0,261801.87109375,4255.2958068847656,-2538.6589965820312
212.95000000000002,e1008,1336.76855,5.69062,1879.82593,0,1,0.8,55.975956,53.5136948,449.9763,0,266742.375,4246.7494201660156,-2525.1478881835937
213,e1008,1337.05042,5.63807726,1880.10779,0,1,0.8,55.73119,54.30998,449.9763,0,271564.08984375,4238.1128845214844,-2511.8160400390625
213.05,e1008,1337.33008,5.59397936,1880.38745,0,1,0.8,55.4947662,55.0798073,449.9763,0,276074.595703125,4229.5429382324219,-2498.5643310546875
213.10000000000002,e1008,1337.60754,5.549173,1880.66492,0,1,0.8,55.26683,55.8227043,449.9763,0,280641.087890625,4220.6829528808594,-2485.412353515625
213.15,e1008,1337.88281,5.503678,1880.94006,0,1,0.8,55.0474129,56.5384827,449.9763,0,285078.818359375,4211.7115478515625,-2472.3530883789062
213.20000000000002,e1008,1338.15564,5.45751524,1881.21289,0,1,0.8,54.8364944,57.2271,449.9763,0,289387.16015625,4202.6346740722656,-2459.4697875976562
213.25,e1008,1338.42615,5.41070271,1881.4834,0,1,0.8,54.633976,57.8888474,449.9763,0,293567.01171875,4193.4576416015625,-2446.6758422851562
213.3,e1008,1338.69434,5.36326265,1881.75159,0,1,0.8,54.4396973,58.52413,449.9763,0,297620.267578125,4184.1858825683594,-2433.9717712402344
213.35000000000002,e1008,1338.96008,5.31521368,1882.01733,0,1,0.8,54.2534866,59.1334839,449.9763,0,301549.416015625,4174.8248901367187,-2421.4598693847656
213.4,e1008,1339.22339,5.26657438,1882.28064,0,1,0.8,54.07513,59.7175331,449.9763,0,305357.501953125,4165.3794860839844,-2408.9459533691406
213.45000000000002,e1008,1339.48425,5.217362,1882.5415,0,1,0.8,53.9043961,60.2769623,449.9763,0,309048.0859375,4155.8551940917969,-2396.6056213378906
213.5,e1008,1339.74268,5.16759634,1882.79993,0,1,0.8,53.74102,60.8126,449.9763,0,312625.22265625,4146.2564697265625,-2384.3649291992187
213.55,e1008,1339.99854,5.117293,1883.05579,0,1,0.8,53.5847244,61.3253059,449.9763,0,316093.32421875,4136.5884704589844,-2372.2955322265625
213.60000000000002,e1008,1340.25183,5.06646872,1883.30908,0,1,0.8,53.43525,61.8158836,449.9763,0,319456.76171875,4126.8555908203125,-2360.3242797851562
213.65,e1008,1340.50269,5.015139,1883.55981,0,1,0.8,53.29231,62.2852249,449.9763,0,322720.07421875,4117.0623779296875,-2348.43994140625
213.70000000000002,e1008,1340.75085,4.96331835,1883.808,0,1,0.8,53.155632,62.7342033,449.9763,0,325887.91015625,4107.2129211425781,-2336.7362976074219
213.75,e1008,1340.99634,4.911022,1884.05359,0,1,0.8,53.0249519,63.1636429,449.9763,0,328964.7421875,4097.3113098144531,-2325.0317993164062
213.8,e1008,1341.23926,4.85826254,1884.29651,0,1,0.8,52.9,63.57442,449.9763,0,331955.216796875,4087.3612976074219,-2313.6022338867187
213.85000000000002,e1008,1341.47949,4.805053,1884.53674,0,1,0.8,52.7805138,63.9673424,449.9763,0,334863.771484375,4077.3669128417969,-2302.1762084960937
213.9,e1008,1341.717,4.75140524,1884.77429,0,1,0.8,52.66624,64.3432541,449.9763,0,337694.89453125,4067.3314208984375,-2291.0142517089844
213.95000000000002,e1008,1341.9519,4.697331,1885.00916,0,1,0.8,52.5569458,64.70289,449.9763,0,340452.6484375,4057.2585144042969,-2279.8571472167969
214,e1008,1342.18408,4.642841,1885.24133,0,1,0.8,52.4524,65.04698,449.9763,0,343141.390625,4047.151123046875,-2268.8825378417969
214.05,e1008,1342.41345,4.5879364,1885.4707,0,1,0.8,52.35238,65.37629,449.9763,0,345820.078125,4037.0126647949219,-2257.9944458007812
214.10000000000002,e1008,1342.64014,4.532629,1885.69739,0,1,0.8,52.2566757,65.6914139,449.9763,0,348424.76953125,4026.8441162109375,-2247.2931518554687
214.15,e1008,1342.864,4.47693968,1885.92126,0,1,0.8,52.16509,65.99307,449.9763,0,350895.029296875,4016.64892578125,-2236.67578125
214.20000000000002,e1008,1343.0863,4.4347496,1886.14282,0,1,0.8,52.07744,66.28185,449.9763,0,246160.064453125,4006.4320983886719,-2226.2478637695312
214.25,e1008,1343.307,4.392511,1886.36218,0,1,0.8,51.9935379,66.55831,449.9763,0,246655.154296875,3999.2888488769531,-2215.8123168945312
214.3,e1008,1343.52625,4.35023642,1886.57922,0,1,0.8,51.9132042,66.82306,449.9763,0,247066.4296875,3992.156005859375,-2205.5671691894531
214.35000000000002,e1008,1343.74377,4.30793238,1886.79407,0,1,0.8,51.83629,67.0766,449.9763,0,247444.580078125,3985.0357055664062,-2195.4048156738281
214.4,e1008,1343.95972,4.2655983,1887.00659,0,1,0.8,51.7626343,67.31942,449.9763,0,247804.853515625,3977.92919921875,-2185.2423095703125
214.45000000000002,e1008,1344.17407,4.223237,1887.2168,0,1,0.8,51.6920929,67.55204,449.9763,0,248151.953125,3970.8369140625,-2175.17431640625
214.5,e1008,1344.38684,4.1808486,1887.4248,0,1,0.8,51.624527,67.77486,449.9763,0,248487.37109375,3963.7594299316406,-2165.4734191894531
214.55,e1008,1344.5979,4.138433,1887.63049,0,1,0.8,51.5597954,67.98838,449.9763,0,248812.01171875,3956.6969909667969,-2155.6733856201172
214.60000000000002,e1008,1344.8075,4.095992,1887.834,0,1,0.8,51.4977837,68.192955,449.9763,0,249126.341796875,3949.6501159667969,-2145.9667663574219
214.65,e1008,1345.01526,4.053525,1888.03516,0,1,0.8,51.4383659,68.389,449.9763,0,249430.888671875,3942.6191711425781,-2136.4454498291016
214.70000000000002,e1008,1345.22156,4.011033,1888.234,0,1,0.8,51.3814354,68.57686,449.9763,0,249726.08984375,3935.6047058105469,-2126.9168701171875
214.75,e1008,1345.426,3.96934056,1888.43066,0,1,0.8,51.3268738,68.75694,449.9763,0,250012.42578125,3928.6068420410156,-2117.577392578125
214.8,e1008,1345.62744,3.93715334,1888.625,0,1,0.8,51.27458,68.92954,449.9763,0,250288.115234375,3921.6113586425781,-2108.3193817138672
214.85000000000002,e1008,1345.827,3.89540482,1888.81714,0,1,0.8,51.2244644,69.094986,449.9763,0,250530.84765625,3914.4745483398437,-2099.1580810546875
214.9,e1008,1346.0249,3.85362768,1889.007,0,1,0.8,51.1764145,69.25361,449.9763,0,250790.58203125,3907.5165405273437,-2090.09033203125
214.95000000000002,e1008,1346.221,3.81182265,1889.19446,0,1,0.8,51.1303558,69.4057,449.9763,0,251042.966796875,3900.5768432617187,-2081.1964111328125
215,e1008,1346.41528,3.76999068,1889.37976,0,1,0.8,51.0862045,69.55149,449.9763,0,251288.271484375,3893.6554260253906,-2072.3065338134766
215.05,e1008,1346.60779,3.728132,1889.56274,0,1,0.8,51.0438652,69.69132,449.9763,0,251526.9140625,3886.7530822753906,-2063.5997467041016
215.10000000000002,e1008,1346.79858,3.686751,1889.74341,0,1,0.8,51.00327,69.82539,449.9763,0,251759.158203125,3879.8695678710937,-2054.9826889038086
215.15,e1008,1346.98608,3.65500855,1889.92188,0,1,0.8,50.9643364,69.94925,449.9763,0,251978.240234375,3872.996337890625,-2046.3681793212891
215.20000000000002,e1008,1347.17163,3.613591,1890.098,0,1,0.8,50.9270058,69.98523,449.9763,0,252065.826171875,3865.9878845214844,-2037.92724609375
215.25,e1008,1347.35535,3.57215929,1890.27185,0,1,0.8,50.8911972,69.99569,449.9763,0,252149.4765625,3859.1592407226562,-2029.6738662719727
215.3,e1008,1347.53723,3.53071642,1890.44336,0,1,0.8,50.8568573,69.99876,449.9763,0,252224.748046875,3852.3543090820312,-2021.4228591918945
215.35000000000002,e1008,1347.71729,3.489263,1890.61267,0,1,0.8,50.8239174,69.99963,449.9763,0,252297.8828125,3845.5730285644531,-2013.2553329467773
215.4,e1008,1347.89539,3.448154,1890.77966,0,1,0.8,50.7923126,69.9998856,449.9763,0,252370.794921875,3838.8155517578125,-2005.2754096984863
215.45000000000002,e1008,1348.07031,3.41614914,1890.94434,0,1,0.8,50.7643242,69.99998,449.9763,0,252442.98046875,3832.0755920410156,-1997.0188255310059
215.5,e1008,1348.24341,3.37502241,1891.10681,0,1,0.8,50.7633438,69.99999,449.9763,0,252489.51953125,3825.2183837890625,-1988.7630996704102
215.55,e1008,1348.41443,3.33426833,1891.267,0,1,0.8,50.7632256,69.99999,449.9763,0,252562.447265625,3818.528564453125,-1980.6833534240723
215.60000000000002,e1008,1348.5824,3.30321836,1891.4248,0,1,0.8,50.76321,70,449.9763,0,252634.7734375,3811.8565979003906,-1972.7924194335937
215.65,e1008,1348.74829,3.262448,1891.58032,0,1,0.8,50.7632065,70,449.9763,0,252679.55859375,3805.0843200683594,-1964.9013996124268
215.70000000000002,e1008,1348.91223,3.22166753,1891.73364,0,1,0.8,50.7632065,70,449.9763,0,252752.69921875,3798.46240234375,-1957.102454662323
215.75,e1008,1349.07434,3.180877,1891.88464,0,1,0.8,50.7632065,70,449.9763,0,252826.333984375,3791.8643798828125,-1951.2081909179687
215.8,e1008,1349.23438,3.14007568,1892.03333,0,1,0.8,50.7632065,70,449.9763,0,252900.4921875,3785.290283203125,-1951.2119140625
215.85000000000002,e1008,1349.39246,3.09949112,1892.17969,0,1,0.8,50.7632065,70,449.9763,0,252975.15625,3778.7402954101562,-1951.2081909179687
215.9,e1008,1349.54736,3.067287,1892.32373,0,1,0.8,50.7632065,70,449.9763,0,253049.62109375,3772.2095947265625,-1951.2999267578125
215.95000000000002,e1008,1349.70032,3.02668428,1892.46558,0,1,0.8,50.7632065,70,449.9763,0,253098.564453125,3765.5728759765625,-1951.2091674804687
216,e1008,1349.8512,2.98631859,1892.60535,0,1,0.8,50.7632065,70,449.9763,0,253173.904296875,3759.0921936035156,-1951.2091064453125
216.05,e1008,1350,2.94641614,1892.74878,0,1,0.8,50.7632065,70,449.9763,0,253248.970703125,3752.6311340332031,-1951.2091674804687
216.10000000000002,e1008,1350.147,2.90602875,1892.893,0,1,0.8,50.7632065,70,449.9763,0,253322.8515625,3746.1845397949219,-1951.2088623046875
216.15,e1008,1350.291,2.87094665,1893.035,0,1,0.8,50.7632065,70,449.9763,0,253398.6484375,3739.7622985839844,-1951.2109375
216.20000000000002,e1008,1350.43311,2.8305974,1893.17651,0,1,0.8,50.7632065,70,449.9763,0,253458.83984375,3733.3163757324219,-1951.2109375
216.25,e1008,1350.57288,2.79237866,1893.31592,0,1,0.8,50.7632065,70,449.9763,0,253535.71875,3726.9517517089844,-1951.2071533203125
216.3,e1008,1350.71069,2.75196671,1893.45337,0,1,0.8,50.7632065,70,449.9763,0,253606.37109375,3720.5880126953125,-1951.117431640625
216.35000000000002,e1008,1350.84631,2.712049,1893.58887,0,1,0.8,50.7632065,70,449.9763,0,253684.44140625,3714.2724914550781,-1951.20556640625
216.4,e1008,1350.98,2.671903,1893.72241,0,1,0.8,50.7632065,70,449.9763,0,253761.43359375,3707.9757690429687,-1951.2066040039062
216.45000000000002,e1008,1351.11157,2.63144231,1893.854,0,1,0.8,50.7632065,70,449.9763,0,253839.65625,3701.7050476074219,-1951.2108154296875
216.5,e1008,1351.24109,2.59097028,1893.98352,0,1,0.8,50.7632065,70,449.9763,0,253919.390625,3695.46142578125,-1951.2117919921875
216.55,e1008,1351.36853,2.55048633,1894.11108,0,1,0.8,50.7632065,70,449.9763,0,253999.7109375,3689.2418823242187,-1951.2066040039062
216.60000000000002,e1008,1351.49414,2.509991,1894.23657,0,1,0.8,50.7632065,70,449.9763,0,254080.60546875,3683.0460815429687,-1951.20556640625
216.65,e1008,1351.61755,2.469484,1894.36011,0,1,0.8,50.7632065,70,449.9763,0,254162.09765625,3676.8743286132812,-1951.2098388671875
216.70000000000002,e1008,1351.739,2.428965,1894.48157,0,1,0.8,50.7632065,70,449.9763,0,254244.1875,3670.7265319824219,-1951.20556640625
216.75,e1008,1351.8584,2.38843465,1894.601,0,1,0.8,50.7632065,70,449.9763,0,254326.8515625,3664.6027526855469,-1951.2055053710937
216.8,e1008,1351.97583,2.34789157,1894.71838,0,1,0.8,50.7632065,70,449.9763,0,254410.1015625,3658.5030517578125,-1951.2109375
216.85000000000002,e1008,1352.09119,2.30733657,1894.83374,0,1,0.8,50.7632065,70,449.9763,0,254494.0078125,3652.4273986816406,-1951.2054443359375
216.9,e1008,1352.20447,2.26676941,1894.947,0,1,0.8,50.7632065,70,449.9763,0,254578.51171875,3646.3757934570312,-1951.208251953125
216.95000000000002,e1008,1352.3158,2.22619033,1895.05835,0,1,0.8,50.7632065,70,449.9763,0,254663.63671875,3640.3482360839844,-1951.2056274414062
217,e1008,1352.425,2.1855948,1895.1676,0,1,0.8,50.7632065,70,449.9763,0,254749.40625,3654.1531677246094,-1951.2135009765625
217.05,e1008,1352.53235,2.14497352,1895.2749,0,1,0.8,50.7632065,70,449.9763,0,254835.80859375,3737.4066162109375,-1951.2081298828125
217.10000000000002,e1008,1352.63757,2.10432529,1895.38013,0,1,0.8,50.7632065,70,449.9763,0,254922.890625,3820.7149353027344,-1951.2109375
217.15,e1008,1352.74072,2.06365085,1895.48328,0,1,0.8,50.7632065,70,449.9763,0,255010.6640625,3904.0789184570312,-1951.2091064453125
217.20000000000002,e1008,1352.8418,2.02294922,1895.58447,0,1,0.8,50.7632065,70,449.9763,0,255099.1171875,3987.4985961914062,-1951.2081298828125
217.25,e1008,1352.94092,1.982221,1895.68359,0,1,0.8,50.7632065,70,449.9763,0,255188.296875,4070.9744262695312,-1951.2056274414062
217.3,e1008,1353.03809,1.9414655,1895.78064,0,1,0.8,50.7632065,70,449.9763,0,255278.16796875,4154.5062866210937,-1951.2109375
217.35000000000002,e1008,1353.133,1.90068316,1895.87573,0,1,0.8,50.7632065,70,449.9763,0,255368.765625,4238.0946655273437,-1951.20556640625
217.4,e1008,1353.22607,1.859873,1895.96875,0,1,0.8,50.7632065,70,449.9763,0,255460.08984375,4321.7402038574219,-1951.2044067382812
217.45000000000002,e1008,1353.317,1.81903589,1896.05969,0,1,0.8,50.7632065,70,449.9763,0,255552.1640625,4405.4425964355469,-1951.2098388671875
217.5,e1008,1353.40588,1.77817118,1896.14856,0,1,0.8,50.7632065,70,449.9763,0,255644.96484375,4489.2024230957031,-1951.2081298828125
217.55,e1008,1353.4928,1.7372787,1896.23547,0,1,0.8,50.7632065,70,449.9763,0,255738.5390625,4573.01953125,-1951.20556640625
217.60000000000002,e1008,1353.57764,1.69635844,1896.32031,0,1,0.8,50.7632065,70,449.9763,0,255832.8515625,4656.8945922851562,-1951.2045288085937
217.65,e1008,1353.6604,1.65541017,1896.40308,0,1,0.8,50.7632065,70,449.9763,0,255927.9609375,4740.8276977539062,-1951.2108764648437
217.70000000000002,e1008,1353.74109,1.61443412,1896.48376,0,1,0.8,50.7632065,70,449.9763,0,256023.8671875,4824.8191528320312,-1951.2056274414062
217.75,e1008,1353.81982,1.57342982,1896.56238,0,1,0.8,50.7632065,70,449.9763,0,256120.546875,4908.8690795898437,-1951.20556640625
217.8,e1008,1353.89636,1.53239715,1896.639,0,1,0.8,50.7632065,70,449.9763,0,256218.02734375,4992.9779052734375,-1951.2070922851562
217.85000000000002,e1008,1353.971,1.49133587,1896.71362,0,1,0.8,50.7632065,70,449.9763,0,256316.33203125,5077.1458740234375,-1951.2045288085937
217.9,e1008,1354.04346,1.45024645,1896.78613,0,1,0.8,50.7632065,70,449.9763,0,256415.47265625,5161.3731079101562,-1951.2066040039062
217.95000000000002,e1008,1354.11389,1.40912807,1896.85657,0,1,0.8,50.7632065,70,449.9763,0,256515.43359375,5245.6600341796875,-1951.2998657226562
218,e1008,1354.18237,1.36798072,1896.92493,0,1,0.8,50.7632065,70,449.9763,0,256616.23828125,5330.0070190429687,-1951.2081298828125
218.05,e1008,1354.24866,1.32680416,1896.99121,0,1,0.8,50.7632065,70,449.9763,0,256717.921875,5414.414794921875,-1951.2091064453125
218.10000000000002,e1008,1354.313,1.28559887,1897.05554,0,1,0.8,50.7632065,70,449.9763,0,256820.47265625,5498.8828125,-1951.2066040039062
218.15,e1008,1354.37512,1.24436414,1897.1178,0,1,0.8,50.7632065,70,449.9763,0,256923.87890625,5583.4114990234375,-1951.2055053710937
218.20000000000002,e1008,1354.4353,1.20310009,1897.178,0,1,0.8,50.7632065,70,449.9763,0,257028.22265625,5668.0014038085937,-1951.2119140625
218.25,e1008,1354.49011,1.14845824,1897.23584,0,1,0.8,50.7632065,70,449.9763,0,434096.72265625,5752.6528930664063,-1951.2098388671875
218.3,e1008,1354.53931,1.09358323,1897.29138,0,1,0.8,50.7632065,70,449.9763,0,437401.640625,5913.7852783203125,-1951.2054443359375
218.35000000000002,e1008,1354.583,1.03846562,1897.34473,0,1,0.8,50.7632065,70,449.9763,0,440856.28515625,6076.4551391601562,-1951.2108764648437
218.4,e1008,1354.62109,0.9830955,1897.39575,0,1,0.8,50.7632065,70,449.9763,0,444472.5234375,6240.7311401367187,-1951.2054443359375
218.45000000000002,e1008,1354.65417,0.921960831,1897.44446,0,1,0.8,50.7632065,70,449.9763,0,448263.5390625,6406.6878662109375,-1951.2055053710937
218.5,e1008,1354.68555,0.8604693,1897.49084,0,1,0.8,50.7632065,70,449.9763,0,451738.310546875,6566.6912231445312,-1951.2080688476562
218.55,e1008,1354.71155,0.7780763,1897.53491,0,1,0.8,50.7632065,70,449.9763,0,455363.5390625,6728.1505737304687,-1951.2098388671875
218.60000000000002,e1008,1354.7323,0.7160163,1897.57666,0,1,0.8,50.7632065,70,449.9763,0,457159.521484375,6862.3416748046875,-1951.2080688476562
218.65,e1008,1354.76111,0.6498023,1897.61609,0,1,0.8,50.7632065,70,449.9763,0,461025.197265625,7026.0811157226562,-1951.1201782226562
218.70000000000002,e1008,1354.77649,0.555989265,1897.6532,0,1,0.8,50.7632065,70,449.9763,0,464683.30859375,7186.1658935546875,-1951.2056274414062
218.75,e1008,1354.78711,0.48918888,1897.688,0,1,0.8,50.7632065,70,449.9763,0,465651.4921875,7309.6077880859375,-1951.2109375
218.8,e1008,1354.80713,0.4191931,1897.72046,0,1,0.8,50.7632065,70,449.9763,0,469501.1015625,7471.513671875,-1951.20458984375
218.85000000000002,e1008,1354.81274,0.322217733,1897.75061,0,1,0.8,50.7632065,70,449.9763,0,473217.30859375,7631.1007690429687,-1951.2091064453125
218.9,e1008,1354.814,0.251573265,1897.77844,0,1,0.8,50.7632065,70,449.9763,0,474110.2265625,7754.9461059570312,-1951.2028198242187
218.95000000000002,e1008,1354.83118,0.19612959,1897.80383,0,1,0.8,50.7632065,70,449.9763,0,478009.5390625,7916.2579345703125,-1951.2081298828125
219,e1008,1354.8313,0.154594585,1897.8269,0,1,0.8,50.7632065,70,449.9763,0,479105.990234375,7963.90185546875,-1951.209228515625
219.05,e1008,1354.8313,0.09676683,1897.84766,0,1,0.8,50.7632065,70,449.9763,0,479371.384765625,8045.8525390625,-1951.2028198242187
219.10000000000002,e1008,1354.8313,0.09727429,1897.866,0,1,0.8,50.7632065,70,449.9763,0,479422.642578125,8062.4158935546875,-1951.2070922851562
219.15,e1008,1354.84644,0.0914249346,1897.882,0,1,0.8,50.7632065,70,449.9763,0,479523.11328125,8093.6405639648437,-1951.2064819335937
219.20000000000002,e1008,1354.84644,0.0149417007,1897.89551,0,1,0.8,50.7632065,70,449.9763,0,479600.10546875,8117.6229858398437,-1951.2098999023437
219.25,e1008,1354.84644,0.0286813769,1897.909,0,1,0.8,50.7632065,70,449.9763,0,479702.3671875,8150.647216796875,-1951.2108764648437
219.3,e1008,1354.84644,0.0307585318,1897.92017,0,1,0.8,50.7632065,70,449.9763,0,479755.52734375,8166.6527709960937,-1951.2135009765625
219.35000000000002,e1008,1354.84644,0.0246424973,1897.929,0,1,0.8,50.7632065,70,449.9763,0,479814.40234375,8184.5005493164062,-1951.2125244140625
219.4,e1008,1354.84644,0.0181724727,1897.9353,0,1,0.8,50.7632065,70,449.9763,0,479842.349609375,8192.9580688476562,-1951.2135009765625
219.45000000000002,e1008,1354.84644,0.0112996176,1897.93921,0,1,0.8,50.7632065,70,449.9763,0,479869.26171875,8201.02197265625,-1951.2108764648437
219.5,e1008,1354.84644,0.004419561,1897.9408,0,1,0.8,50.7632065,70,449.9763,0,479894.94921875,8208.6364135742187,-1951.2135009765625
219.55,e1008,1354.84644,-0.00013937238,1897.9408,0,1,0.8,50.7632065,70,449.9763,0,479920.935546875,8216.2593994140625,-1951.2098388671875
219.60000000000002,e1008,1354.84644,0,1897.9408,0,1,0.8,50.7632065,70,449.9763,0,479937.23828125,8221.0132446289062,-1951.2098388671875
219.65,e1008,1354.84644,0,1897.9408,0,1,0.8,50.7632065,70,449.9763,0,479937.7734375,8221.1994018554687,-1951.2098388671875
219.70000000000002,e1008,1354.84644,0,1897.9408,0,1,0.8,50.7632065,70,449.9763,0,479937.7734375,8221.231689453125,-1951.2098388671875
219.75,e1008,1354.84644,0,1897.9408,0,1,0.8,50.7632065,70,449.9763,0,479937.7734375,8221.263671875,-1951.2098388671875
219.8,e1008,1354.84644,0,1897.9408,0,1,0.8,50.7632065,70,449.9763,0,479937.7734375,8221.2966918945312,-1951.2098388671875
219.85000000000002,e1008,1354.84644,0,1897.9408,0,1,0.8,50.7632065,70,449.9763,0,479937.7734375,8221.3289184570312,-1951.2098388671875
219.9,e1008,1354.84644,0,1897.9408,0,1,0.8,50.7632065,70,449.9763,0,479937.7734375,8221.3612670898437,-1951.2098388671875
219.95000000000002,e1008,1354.84644,0,1897.9408,0,1,0.8,50.7632065,70,449.9763,0,479937.7734375,8221.3933715820312,-1951.2098388671875
220,e1008,1354.84644,0,1897.9408,0,1,0.8,50.7632065,70,449.9763,0,479937.7734375,8221.4263916015625,-1951.2098388671875
220.05,e1008,1354.84644,0,1897.9408,0,1,0.8,50.7632065,70,449.9763,0,479937.7734375,8221.4585571289062,-1951.2098388671875
220.10000000000002,e1008,1354.84644,0,1897.9408,0,1,0.8,50.7632065,70,449.9763,0,479937.7734375,8221.4906616210937,-1951.2098388671875
220.15,e1008,1354.84644,0,1897.9408,0,1,0.8,50.7632065,70,449.9763,0,479937.7734375,8221.5228881835937,-1951.2098388671875
220.20000000000002,e1008,1354.84644,0,1897.9408,0,1,0.8,50.7632065,70,449.9763,0,479937.7734375,8221.5550537109375,-1951.2098388671875
220.25,e1008,1354.84644,0,1897.9408,0,1,0.8,50.7632065,70,449.9763,0,479937.7734375,8221.5873413085937,-1951.2098388671875
220.3,e1008,1354.84644,0,1897.9408,0,1,0.8,50.7632065,70,449.9763,0,479937.7734375,8221.6203002929687,-1951.2098388671875
220.35000000000002,e1008,1354.84644,0,1897.9408,0,1,0.8,50.7632065,70,449.9763,0,479937.7734375,8221.6522216796875,-1951.2098388671875
220.4,e1008,1354.84644,0,1897.9408,0,1,0.8,50.7632065,70,449.9763,0,479937.7734375,8221.6846313476562,-1951.2098388671875
220.45000000000002,e1008,1354.84644,0,1897.9408,0,1,0.8,50.7632065,70,449.9763,0,479937.7734375,8221.717041015625,-1951.2098388671875
220.5,e1008,1354.84644,0,1897.9408,0,1,0.8,50.7632065,70,449.9763,0,479937.7734375,8221.7498168945312,-1951.2098388671875
220.55,e1008,1354.84644,0,1897.9408,0,1,0.8,50.7632065,70,449.9763,0,479937.7734375,8221.7817993164062,-1951.2098388671875
220.60000000000002,e1008,1354.84644,0,1897.9408,0,1,0.8,50.7632065,70,449.9763,0,479937.7734375,8221.8137817382812,-1951.2098388671875
220.65,e1008,1354.84644,0,1897.9408,0,1,0.8,50.7632065,70,449.9763,0,479937.7734375,8221.8466796875,-1951.2098388671875
220.70000000000002,e1008,1354.84644,0,1897.9408,0,1,0.8,50.7632065,70,449.9763,0,479937.7734375,8221.8785400390625,-1951.2098388671875
220.75,e1008,1354.84644,0,1897.9408,0,1,0.8,50.7632065,70,449.9763,0,479937.7734375,8221.9110717773437,-1951.2098388671875
220.8,e1008,1354.84644,0,1897.9408,0,1,0.8,50.7632065,70,449.9763,0,479937.7734375,8221.9434204101562,-1951.2098388671875
220.85000000000002,e1008,1354.84644,0,1897.9408,0,1,0.8,50.7632065,70,449.9763,0,479937.7734375,8221.9760131835937,-1951.2098388671875
220.9,e1008,1354.84644,0,1897.9408,0,1,0.8,50.7632065,70,449.9763,0,479937.7734375,8222.008056640625,-1951.2098388671875
220.95000000000002,e1008,1354.84644,0,1897.9408,0,1,0.8,50.7632065,70,449.9763,0,479937.7734375,8222.0399780273437,-1951.2098388671875
221,e1008,1354.84644,0,1897.9408,0,1,0.8,50.7632065,70,449.9763,0,479937.7734375,8222.0733032226562,-1951.2098388671875
221.05,e1008,1354.84644,0,1897.9408,0,1,0.8,50.7632065,70,449.9763,0,479937.7734375,8222.1054077148437,-1951.2098388671875
221.10000000000002,e1008,1354.84644,0,1897.9408,0,1,0.8,50.7632065,70,449.9763,0,479937.7734375,8222.1376342773437,-1951.2098388671875
221.15,e1008,1354.84644,0,1897.9408,0,1,0.8,50.7632065,70,449.9763,0,479937.7734375,8222.17041015625,-1951.2098388671875
221.20000000000002,e1008,1354.84644,0,1897.9408,0,1,0.8,50.7632065,70,449.9763,0,479937.7734375,8222.2022094726562,-1951.2098388671875
221.25,e1008,1354.84644,0,1897.9408,0,1,0.8,50.7632065,70,449.9763,0,479937.7734375,8222.2343139648437,-1951.2098388671875
221.3,e1008,1354.84644,0,1897.9408,0,1,0.8,50.7632065,70,449.9763,0,479937.7734375,8222.2667846679687,-1951.2098388671875
221.35000000000002,e1008,1354.84644,0,1897.9408,0,1,0.8,50.7632065,70,449.9763,0,479937.7734375,8222.2992553710937,-1951.2098388671875
221.4,e1008,1354.84644,0,1897.9408,0,1,0.8,50.7632065,70,449.9763,0,479937.7734375,8222.33203125,-1951.2098388671875
221.45000000000002,e1008,1354.84644,0,1897.9408,0,1,0.8,50.7632065,70,449.9763,0,479937.7734375,8222.3638305664062,-1951.2098388671875
221.5,e1008,1354.84644,0,1897.9408,0,1,0.8,50.7632065,70,449.9763,0,479937.7734375,8222.3966064453125,-1951.2098388671875
221.55,e1008,1354.84644,0,1897.9408,0,1,0.8,50.7632065,70,449.9763,0,479937.7734375,8222.4288940429687,-1951.2098388671875
221.60000000000002,e1008,1354.84644,0,1897.9408,0,1,0.8,50.7632065,70,449.9763,0,479937.7734375,8222.46142578125,-1951.2098388671875
221.65,e1008,1354.84644,0,1897.9408,0,1,0.8,50.7632065,70,449.9763,0,479937.7734375,8222.49365234375,-1951.2098388671875
221.70000000000002,e1008,1354.84644,0,1897.9408,0,1,0.8,50.7632065,70,449.9763,0,479937.7734375,8222.5254516601562,-1951.2098388671875
221.75,e1008,1354.84644,0,1897.9408,0,1,0.8,50.7632065,70,449.9763,0,479937.7734375,8222.5581665039062,-1951.2098388671875
221.8,e1008,1354.84644,0,1897.9408,0,1,0.8,50.7632065,70,449.9763,0,479937.7734375,8222.5900268554687,-1951.2098388671875
221.85000000000002,e1008,1354.84644,0,1897.9408,0,1,0.8,50.7632065,70,449.9763,0,479937.7734375,8222.62255859375,-1951.2098388671875
221.9,e1008,1354.84644,0,1897.9408,0,1,0.8,50.7632065,70,449.9763,0,479937.7734375,8222.6548461914062,-1951.2098388671875
221.95000000000002,e1008,1354.84644,0,1897.9408,0,1,0.8,50.7632065,70,449.9763,0,479937.7734375,8222.6874389648437,-1951.2098388671875
222,e1008,1354.84644,0,1897.9408,0,1,0.8,50.7632065,70,449.9763,0,479937.7734375,8222.7196655273437,-1951.2098388671875
222.05,e1008,1354.84644,0,1897.9408,0,1,0.8,50.7632065,70,449.9763,0,479937.7734375,8222.7518920898438,-1951.2098388671875
222.10000000000002,e1008,1354.84644,0,1897.9408,0,1,0.8,50.7632065,70,449.9763,0,479937.7734375,8222.784423828125,-1951.2098388671875
222.15,e1008,1354.84644,0,1897.9408,0,1,0.8,50.7632065,70,449.9763,0,479937.7734375,8222.8168334960937,-1951.2098388671875
222.20000000000002,e1008,1354.84644,0,1897.9408,0,1,0.8,50.7632065,70,449.9763,0,479937.7734375,8222.84912109375,-1951.2098388671875
222.25,e1008,1354.84644,0,1897.9408,0,1,0.8,50.7632065,70,449.9763,0,479937.7734375,8222.8817749023437,-1951.2098388671875
222.3,e1008,1354.84644,0,1897.9408,0,1,0.8,50.7632065,70,449.9763,0,479937.7734375,8222.9135131835937,-1951.2098388671875
222.35000000000002,e1008,1354.84644,0,1897.9408,0,1,0.8,50.7632065,70,449.9763,0,479937.7734375,8222.94580078125,-1951.2098388671875
222.4,e1008,1354.84644,0,1897.9408,0,1,0.8,50.7632065,70,449.9763,0,479937.7734375,8222.977783203125,-1951.2098388671875
222.45000000000002,e1008,1354.84644,0,1897.9408,0,1,0.8,50.7632065,70,449.9763,0,479937.7734375,8223.0104370117187,-1951.2098388671875
222.5,e1008,1354.84644,0,1897.9408,0,1,0.8,50.7632065,70,449.9763,0,479937.7734375,8223.0433959960937,-1951.2098388671875
222.55,e1008,1354.84644,0,1897.9408,0,1,0.8,50.7632065,70,449.9763,0,479937.7734375,8223.0751953125,-1951.2098388671875
222.60000000000002,e1008,1354.84644,0,1897.9408,0,1,0.8,50.7632065,70,449.9763,0,479937.7734375,8223.1077270507812,-1951.2098388671875
222.65,e1008,1354.84644,0,1897.9408,0,1,0.8,50.7632065,70,449.9763,0,479937.7734375,8223.1397094726562,-1951.2098388671875
222.70000000000002,e1008,1354.84644,0,1897.9408,0,1,0.8,50.7632065,70,449.9763,0,479937.7734375,8223.1723022460937,-1951.2098388671875
222.75,e1008,1354.84644,0,1897.9408,0,1,0.8,50.7632065,70,449.9763,0,479937.7734375,8223.2050170898437,-1951.2098388671875
222.8,e1008,1354.84644,0,1897.9408,0,1,0.8,50.7632065,70,449.9763,0,479937.7734375,8223.2366943359375,-1951.2098388671875
222.85000000000002,e1008,1354.84644,0,1897.9408,0,1,0.8,50.7632065,70,449.9763,0,479937.7734375,8223.2694702148437,-1951.2098388671875
222.9,e1008,1354.84644,0,1897.9408,0,1,0.8,50.7632065,70,449.9763,0,479937.7734375,8223.3012084960937,-1951.2098388671875
222.95000000000002,e1008,1354.84644,0,1897.9408,0,1,0.8,50.7632065,70,449.9763,0,479937.7734375,8223.3336791992187,-1951.2098388671875
223,e1008,1354.84644,0,1897.9408,0,1,0.8,50.7632065,70,449.9763,0,479937.7734375,8223.3663330078125,-1951.2098388671875
223.05,e1008,1354.84644,0,1897.9408,0,1,0.8,50.7632065,70,449.9763,0,479937.7734375,8223.3980102539062,-1951.2098388671875
223.10000000000002,e1008,1354.84644,0,1897.9408,0,1,0.8,50.7632065,70,449.9763,0,479937.7734375,8223.4310913085937,-1951.2098388671875
223.15,e1008,1354.84644,0,1897.9408,0,1,0.8,50.7632065,70,449.9763,0,479937.7734375,8223.4629516601562,-1951.2098388671875
223.20000000000002,e1008,1354.84644,0,1897.9408,0,1,0.8,50.7632065,70,449.9763,0,479937.7734375,8223.4955444335937,-1951.2098388671875
223.25,e1008,1354.84644,0,1897.9408,0,1,0.8,50.7632065,70,449.9763,0,479937.7734375,8223.5279541015625,-1951.2098388671875
223.3,e1008,1354.84644,0,1897.9408,0,1,0.8,50.7632065,70,449.9763,0,479937.7734375,8223.5597534179687,-1951.2098388671875
223.35000000000002,e1008,1354.84644,0,1897.9408,0,1,0.8,50.7632065,70,449.9763,0,479937.7734375,8223.5927124023437,-1951.2098388671875
223.4,e1008,1354.84644,0,1897.9408,0,1,0.8,50.7632065,70,449.9763,0,479937.7734375,8223.6251831054687,-1951.2098388671875
223.45000000000002,e1008,1354.84644,0,1897.9408,0,1,0.8,50.7632065,70,449.9763,0,479937.7734375,8223.6574096679687,-1951.2098388671875
223.5,e1008,1354.84644,0,1897.9408,0,1,0.8,50.7632065,70,449.9763,0,479937.7734375,8223.6895751953125,-1951.2098388671875
223.55,e1008,1354.84644,0,1897.9408,0,1,0.8,50.7632065,70,449.9763,0,479937.7734375,8223.7218627929687,-1951.2098388671875
223.60000000000002,e1008,1354.84644,0,1897.9408,0,1,0.8,50.7632065,70,449.9763,0,479937.7734375,8223.7540893554687,-1951.2098388671875
223.65,e1008,1354.84644,0,1897.9408,0,1,0.8,50.7632065,70,449.9763,0,479937.7734375,8223.7858276367187,-1951.2098388671875
223.70000000000002,e1008,1354.84644,0,1897.9408,0,1,0.8,50.7632065,70,449.9763,0,479937.7734375,8223.8184814453125,-1951.2098388671875
223.75,e1008,1354.84644,0,1897.9408,0,1,0.8,50.7632065,70,449.9763,0,479937.7734375,8223.8509521484375,-1951.2098388671875
223.8,e1008,1354.84644,0,1897.9408,0,1,0.8,50.7632065,70,449.9763,0,479937.7734375,8223.8831176757812,-1951.2098388671875
223.85000000000002,e1008,1354.84644,0,1897.9408,0,1,0.8,50.7632065,70,449.9763,0,479937.7734375,8223.9157104492187,-1951.2098388671875
223.9,e1008,1354.84644,0,1897.9408,0,1,0.8,50.7632065,70,449.9763,0,479937.7734375,8223.9480590820312,-1951.2098388671875
223.95000000000002,e1008,1354.84644,0,1897.9408,0,1,0.8,50.7632065,70,449.9763,0,479937.7734375,8223.9801025390625,-1951.2098388671875
224,e1008,1354.84644,0,1897.9408,0,1,0.8,50.7632065,70,449.9763,0,479937.7734375,8224.0125122070312,-1951.2098388671875
224.05,e1008,1354.84644,0,1897.9408,0,1,0.8,50.7632065,70,449.9763,0,479937.7734375,8224.0448608398437,-1951.2098388671875
224.10000000000002,e1008,1354.84644,0,1897.9408,0,1,0.8,50.7632065,70,449.9763,0,479937.7734375,8224.0775756835937,-1951.2098388671875
224.15,e1008,1354.84644,0,1897.9408,0,1,0.8,50.7632065,70,449.9763,0,479937.7734375,8224.1094360351562,-1951.2098388671875
224.20000000000002,e1008,1354.84644,0,1897.9408,0,1,0.8,50.7632065,70,449.9763,0,479937.7734375,8224.142333984375,-1951.2098388671875
224.25,e1008,1354.84644,0,1897.9408,0,1,0.8,50.7632065,70,449.9763,0,479937.7734375,8224.1740112304687,-1951.2098388671875
224.3,e1008,1354.84644,0,1897.9408,0,1,0.8,50.7632065,70,449.9763,0,479937.7734375,8224.2063598632812,-1951.2098388671875
224.35000000000002,e1008,1354.84644,0,1897.9408,0,1,0.8,50.7632065,70,449.9763,0,479937.7734375,8224.2385864257812,-1951.2098388671875
224.4,e1008,1354.84644,0,1897.9408,0,1,0.8,50.7632065,70,449.9763,0,479937.7734375,8224.270751953125,-1951.2098388671875
224.45000000000002,e1008,1354.84644,0,1897.9408,0,1,0.8,50.7632065,70,449.9763,0,479937.7734375,8224.3031005859375,-1951.2098388671875
224.5,e1008,1354.84644,0,1897.9408,0,1,0.8,50.7632065,70,449.9763,0,479937.7734375,8224.3353271484375,-1951.2098388671875
224.55,e1008,1354.84644,0,1897.9408,0,1,0.8,50.7632065,70,449.9763,0,479937.7734375,8224.36767578125,-1951.2098388671875
224.60000000000002,e1008,1354.84644,0,1897.9408,0,1,0.8,50.7632065,70,449.9763,0,479937.7734375,8224.4003295898437,-1951.2098388671875
224.65,e1008,1354.84644,0,1897.9408,0,1,0.8,50.7632065,70,449.9763,0,479937.7734375,8224.4324340820312,-1951.2098388671875
224.70000000000002,e1008,1354.84644,0,1897.9408,0,1,0.8,50.7632065,70,449.9763,0,479937.7734375,8224.4646606445312,-1951.2098388671875
224.75,e1008,1354.84644,0,1897.9408,0,1,0.8,50.7632065,70,449.9763,0,479937.7734375,8224.4970092773437,-1951.2098388671875
224.8,e1008,1354.84644,0,1897.9408,0,1,0.8,50.7632065,70,449.9763,0,479937.7734375,8224.5294799804687,-1951.2098388671875
224.85000000000002,e1008,1354.84644,0,1897.9408,0,1,0.8,50.7632065,70,449.9763,0,479937.7734375,8224.561767578125,-1951.2098388671875
224.9,e1008,1354.84644,0,1897.9408,0,1,0.8,50.7632065,70,449.9763,0,479937.7734375,8224.59423828125,-1951.2098388671875
224.95000000000002,e1008,1354.84644,0,1897.9408,0,1,0.8,50.7632065,70,449.9763,0,479937.7734375,8224.6268920898437,-1951.2098388671875
225,e1008,1354.84644,0,1897.9408,0,1,0.8,50.7632065,70,449.9763,0,479937.7734375,8224.6585083007812,-1951.2098388671875
225.05,e1008,1354.84644,0,1897.9408,0,1,0.8,50.7632065,70,449.9763,0,479937.7734375,8224.6912231445312,-1951.2098388671875
225.10000000000002,e1008,1354.84644,0,1897.9408,0,1,0.8,50.7632065,70,449.9763,0,479937.7734375,8224.7232666015625,-1951.2098388671875
225.15,e1008,1354.84644,0,1897.9408,0,1,0.8,50.7632065,70,449.9763,0,479937.7734375,8224.7553100585937,-1951.2098388671875
225.20000000000002,e1008,1354.84644,0,1897.9408,0,1,0.8,50.7632065,70,449.9763,0,479937.7734375,8224.7875366210937,-1951.2098388671875
225.25,e1008,1354.84644,0,1897.9408,0,1,0.8,50.7632065,70,449.9763,0,479937.7734375,8224.8197631835937,-1951.2098388671875
225.3,e1008,1354.84644,0,1897.9408,0,1,0.8,50.7632065,70,449.9763,0,479937.7734375,8224.8519897460937,-1951.2098388671875
225.35000000000002,e1008,1354.84644,0,1897.9408,0,1,0.8,50.7632065,70,449.9763,0,479937.7734375,8224.884521484375,-1951.2098388671875
225.4,e1008,1354.84644,0,1897.9408,0,1,0.8,50.7632065,70,449.9763,0,479937.7734375,8224.9169311523437,-1951.2098388671875
225.45000000000002,e1008,1354.84644,0,1897.9408,0,1,0.8,50.7632065,70,449.9763,0,479937.7734375,8224.9495239257812,-1951.2098388671875
225.5,e1008,1354.84644,0,1897.9408,0,1,0.8,50.7632065,70,449.9763,0,479937.7734375,8224.9815063476562,-1951.2098388671875
225.55,e1008,1354.84644,0,1897.9408,0,1,0.8,50.7632065,70,449.9763,0,479937.7734375,8225.0140380859375,-1951.2098388671875
225.60000000000002,e1008,1354.84644,0,1897.9408,0,1,0.8,50.7632065,70,449.9763,0,479937.7734375,8225.0460815429687,-1951.2098388671875
225.65,e1008,1354.84644,0,1897.9408,0,1,0.8,50.7632065,70,449.9763,0,479937.7734375,8225.0782470703125,-1951.2098388671875
225.70000000000002,e1008,1354.84644,0,1897.9408,0,1,0.8,50.7632065,70,449.9763,0,479937.7734375,8225.1106567382812,-1951.2098388671875
225.75,e1008,1354.84644,0,1897.9408,0,1,0.8,50.7632065,70,449.9763,0,479937.7734375,8225.1430053710937,-1951.2098388671875
225.8,e1008,1354.84644,0,1897.9408,0,1,0.8,50.7632065,70,449.9763,0,479937.7734375,8225.1756591796875,-1951.2098388671875
225.85000000000002,e1008,1354.84644,0,1897.9408,0,1,0.8,50.7632065,70,449.9763,0,479937.7734375,8225.2077026367187,-1951.2098388671875
225.9,e1008,1354.84644,0,1897.9408,0,1,0.8,50.7632065,70,449.9763,0,479937.7734375,8225.2404174804687,-1951.2098388671875
225.95000000000002,e1008,1354.84644,0,1897.9408,0,1,0.8,50.7632065,70,449.9763,0,479937.7734375,8225.2722778320312,-1951.2098388671875
226,e1008,1354.84644,0,1897.9408,0,1,0.8,50.7632065,70,449.9763,0,479937.7734375,8225.3043212890625,-1951.2098388671875
226.05,e1008,1354.84644,0,1897.9408,0,1,0.8,50.7632065,70,449.9763,0,479937.7734375,8225.3369140625,-1951.2098388671875
226.10000000000002,e1008,1354.84644,0,1897.9408,0,1,0.8,50.7632065,70,449.9763,0,479937.7734375,8225.3688354492187,-1951.2098388671875
226.15,e1008,1354.84644,0,1897.9408,0,1,0.8,50.7632065,70,449.9763,0,479937.7734375,8225.4011840820312,-1951.2098388671875
226.20000000000002,e1008,1354.84644,0,1897.9408,0,1,0.8,50.7632065,70,449.9763,0,479937.7734375,8225.4334106445312,-1951.2098388671875
226.25,e1008,1354.84644,0,1897.9408,0,1,0.8,50.7632065,70,449.9763,0,479937.7734375,8225.465576171875,-1951.2098388671875
226.3,e1008,1354.84644,0,1897.9408,0,1,0.8,50.7632065,70,449.9763,0,479937.7734375,8225.4979248046875,-1951.2098388671875
226.35000000000002,e1008,1354.84644,0,1897.9408,0,1,0.8,50.7632065,70,449.9763,0,479937.7734375,8225.5305786132812,-1951.2098388671875
226.4,e1008,1354.84644,0,1897.9408,0,1,0.8,50.7632065,70,449.9763,0,479937.7734375,8225.5631713867187,-1951.2098388671875
226.45000000000002,e1008,1354.84644,0,1897.9408,0,1,0.8,50.7632065,70,449.9763,0,479937.7734375,8225.594970703125,-1951.2098388671875
226.5,e1008,1354.84644,0,1897.9408,0,1,0.8,50.7632065,70,449.9763,0,479937.7734375,8225.627197265625,-1951.2098388671875
226.55,e1008,1354.84644,0,1897.9408,0,1,0.8,50.7632065,70,449.9763,0,479937.7734375,8225.6597290039062,-1951.2098388671875
226.60000000000002,e1008,1354.84644,0,1897.9408,0,1,0.8,50.7632065,70,449.9763,0,479937.7734375,8225.6919555664062,-1951.2098388671875
226.65,e1008,1354.84644,0,1897.9408,0,1,0.8,50.7632065,70,449.9763,0,479937.7734375,8225.72412109375,-1951.2098388671875
226.70000000000002,e1008,1354.84644,0,1897.9408,0,1,0.8,50.7632065,70,449.9763,0,479937.7734375,8225.7561645507812,-1951.2098388671875
226.75,e1008,1354.84644,0,1897.9408,0,1,0.8,50.7632065,70,449.9763,0,479937.7734375,8225.7887573242187,-1951.2098388671875
226.8,e1008,1354.84644,0,1897.9408,0,1,0.8,50.7632065,70,449.9763,0,479937.7734375,8225.8211059570312,-1951.2098388671875
226.85000000000002,e1008,1354.84644,0,1897.9408,0,1,0.8,50.7632065,70,449.9763,0,479937.7734375,8225.8535766601562,-1951.2098388671875
226.9,e1008,1354.84644,0,1897.9408,0,1,0.8,50.7632065,70,449.9763,0,479937.7734375,8225.8858032226562,-1951.2098388671875
226.95000000000002,e1008,1354.84644,0,1897.9408,0,1,0.8,50.7632065,70,449.9763,0,479937.7734375,8225.9180908203125,-1951.2098388671875
227,e1008,1354.84644,0,1897.9408,0,1,0.8,50.7632065,70,449.9763,0,479937.7734375,8225.9500732421875,-1951.2098388671875
227.05,e1008,1354.84644,0,1897.9408,0,1,0.8,50.7632065,70,449.9763,0,479937.7734375,8225.9826049804687,-1951.2098388671875
227.10000000000002,e1008,1354.84644,0,1897.9408,0,1,0.8,50.7632065,70,449.9763,0,479937.7734375,8226.014892578125,-1951.2098388671875
227.15,e1008,1354.84644,0,1897.9408,0,1,0.8,50.7632065,70,449.9763,0,479937.7734375,8226.0467529296875,-1951.2098388671875
227.20000000000002,e1008,1354.84644,0,1897.9408,0,1,0.8,50.7632065,70,449.9763,0,479937.7734375,8226.0791625976562,-1951.2098388671875
227.25,e1008,1354.84644,0,1897.9408,0,1,0.8,50.7632065,70,449.9763,0,479937.7734375,8226.1112670898437,-1951.2098388671875
227.3,e1008,1354.84644,0,1897.9408,0,1,0.8,50.7632065,70,449.9763,0,479937.7734375,8226.1435546875,-1951.2098388671875
227.35000000000002,e1008,1354.84644,0,1897.9408,0,1,0.8,50.7632065,70,449.9763,0,479937.7734375,8226.1759033203125,-1951.2098388671875
227.4,e1008,1354.84644,0,1897.9408,0,1,0.8,50.7632065,70,449.9763,0,479937.7734375,8226.2081298828125,-1951.2098388671875
227.45000000000002,e1008,1354.84644,0,1897.9408,0,1,0.8,50.7632065,70,449.9763,0,479937.7734375,8226.240478515625,-1951.2098388671875
227.5,e1008,1354.84644,0,1897.9408,0,1,0.8,50.7632065,70,449.9763,0,479937.7734375,8226.272705078125,-1951.2098388671875
227.55,e1008,1354.84644,0,1897.9408,0,1,0.8,50.7632065,70,449.9763,0,479937.7734375,8226.3045043945312,-1951.2098388671875
227.60000000000002,e1008,1354.84644,0,1897.9408,0,1,0.8,50.7632065,70,449.9763,0,479937.7734375,8226.33740234375,-1951.2098388671875
227.65,e1008,1354.84644,0,1897.9408,0,1,0.8,50.7632065,70,449.9763,0,479937.7734375,8226.3696899414062,-1951.2098388671875
227.70000000000002,e1008,1354.84644,0,1897.9408,0,1,0.8,50.7632065,70,449.9763,0,479937.7734375,8226.4019165039062,-1951.2098388671875
227.75,e1008,1354.84644,0,1897.9408,0,1,0.8,50.7632065,70,449.9763,0,479937.7734375,8226.4341430664062,-1951.2098388671875
227.8,e1008,1354.84644,0,1897.9408,0,1,0.8,50.7632065,70,449.9763,0,479937.7734375,8226.466552734375,-1951.2098388671875
227.85000000000002,e1008,1354.84644,0,1897.9408,0,1,0.8,50.7632065,70,449.9763,0,479937.7734375,8226.4986572265625,-1951.2098388671875
227.9,e1008,1354.84644,0,1897.9408,0,1,0.8,50.7632065,70,449.9763,0,479937.7734375,8226.5310668945312,-1951.2098388671875
227.95000000000002,e1008,1354.84644,0,1897.9408,0,1,0.8,50.7632065,70,449.9763,0,479937.7734375,8226.5633544921875,-1951.2098388671875
228,e1008,1354.84644,0,1897.9408,0,1,0.8,50.7632065,70,449.9763,0,479937.7734375,8226.5953369140625,-1951.2098388671875
228.05,e1008,1354.84644,0,1897.9408,0,1,0.8,50.7632065,70,449.9763,0,479937.7734375,8226.6278076171875,-1951.2098388671875
228.10000000000002,e1008,1354.84644,0,1897.9408,0,1,0.8,50.7632065,70,449.9763,0,479937.7734375,8226.660888671875,-1951.2098388671875
228.15,e1008,1354.84644,0,1897.9408,0,1,0.8,50.7632065,70,449.9763,0,479937.7734375,8226.6928100585937,-1951.2098388671875
228.20000000000002,e1008,1354.84644,0,1897.9408,0,1,0.8,50.7632065,70,449.9763,0,479937.7734375,8226.7249145507812,-1951.2098388671875
228.25,e1008,1354.84644,0,1897.9408,0,1,0.8,50.7632065,70,449.9763,0,479937.7734375,8226.7571411132813,-1951.2098388671875
228.3,e1008,1354.84644,0,1897.9408,0,1,0.8,50.7632065,70,449.9763,0,479937.7734375,8226.7894287109375,-1951.2098388671875
228.35000000000002,e1008,1354.84644,0,1897.9408,0,1,0.8,50.7632065,70,449.9763,0,479937.7734375,8226.8217163085937,-1951.2098388671875
228.4,e1008,1354.84644,0,1897.9408,0,1,0.8,50.7632065,70,449.9763,0,479937.7734375,8226.8540649414062,-1951.2098388671875
228.45000000000002,e1008,1354.84644,0,1897.9408,0,1,0.8,50.7632065,70,449.9763,0,479937.7734375,8226.8862915039062,-1951.2098388671875
228.5,e1008,1354.84644,0,1897.9408,0,1,0.8,50.7632065,70,449.9763,0,479937.7734375,8226.918212890625,-1951.2098388671875
228.55,e1008,1354.84644,0,1897.9408,0,1,0.8,50.7632065,70,449.9763,0,479937.7734375,8226.9505004882812,-1951.2098388671875
228.60000000000002,e1008,1354.84644,0,1897.9408,0,1,0.8,50.7632065,70,449.9763,0,479937.7734375,8226.9829711914062,-1951.2098388671875
228.65,e1008,1354.84644,0,1897.9408,0,1,0.8,50.7632065,70,449.9763,0,479937.7734375,8227.0147094726562,-1951.2098388671875
228.70000000000002,e1008,1354.84644,0,1897.9408,0,1,0.8,50.7632065,70,449.9763,0,479937.7734375,8227.047607421875,-1951.2098388671875
228.75,e1008,1354.84644,0,1897.9408,0,1,0.8,50.7632065,70,449.9763,0,479937.7734375,8227.0792236328125,-1951.2098388671875
228.8,e1008,1354.84644,0,1897.9408,0,1,0.8,50.7632065,70,449.9763,0,479937.7734375,8227.1118774414062,-1951.2098388671875
228.85000000000002,e1008,1354.84644,0,1897.9408,0,1,0.8,50.7632065,70,449.9763,0,479937.7734375,8227.1439819335937,-1951.2098388671875
228.9,e1008,1354.84644,0,1897.9408,0,1,0.8,50.7632065,70,449.9763,0,479937.7734375,8227.1759643554687,-1951.2098388671875
228.95000000000002,e1008,1354.84644,0,1897.9408,0,1,0.8,50.7632065,70,449.9763,0,479937.7734375,8227.208740234375,-1951.2098388671875
229,e1008,1354.84644,0,1897.9408,0,1,0.8,50.7632065,70,449.9763,0,479937.7734375,8227.2405395507812,-1951.2098388671875
229.05,e1008,1354.84644,0,1897.9408,0,1,0.8,50.7632065,70,449.9763,0,479937.7734375,8227.2728881835937,-1951.2098388671875
229.10000000000002,e1008,1354.84644,0,1897.9408,0,1,0.8,50.7632065,70,449.9763,0,479937.7734375,8227.3050537109375,-1951.2098388671875
229.15,e1008,1354.84644,0,1897.9408,0,1,0.8,50.7632065,70,449.9763,0,479937.7734375,8227.3372192382812,-1951.2098388671875
229.20000000000002,e1008,1354.84644,0,1897.9408,0,1,0.8,50.7632065,70,449.9763,0,479937.7734375,8227.3697509765625,-1951.2098388671875
229.25,e1008,1354.84644,0,1897.9408,0,1,0.8,50.7632065,70,449.9763,0,479937.7734375,8227.4020385742187,-1951.2098388671875
229.3,e1008,1354.84644,0,1897.9408,0,1,0.8,50.7632065,70,449.9763,0,479937.7734375,8227.4347534179687,-1951.2098388671875
229.35000000000002,e1008,1354.84644,0,1897.9408,0,1,0.8,50.7632065,70,449.9763,0,479937.7734375,8227.4664916992187,-1951.2098388671875
229.4,e1008,1354.84644,0,1897.9408,0,1,0.8,50.7632065,70,449.9763,0,479937.7734375,8227.4989013671875,-1951.2098388671875
229.45000000000002,e1008,1354.84644,0,1897.9408,0,1,0.8,50.7632065,70,449.9763,0,479937.7734375,8227.5313110351562,-1951.2098388671875
229.5,e1008,1354.84644,0,1897.9408,0,1,0.8,50.7632065,70,449.9763,0,479937.7734375,8227.5634155273437,-1951.2098388671875
229.55,e1008,1354.84644,0,1897.9408,0,1,0.8,50.7632065,70,449.9763,0,479937.7734375,8227.5955200195312,-1951.2098388671875
229.60000000000002,e1008,1354.84644,0,1897.9408,0,1,0.8,50.7632065,70,449.9763,0,479937.7734375,8227.6278076171875,-1951.2098388671875
229.65,e1008,1354.84644,0,1897.9408,0,1,0.8,50.7632065,70,449.9763,0,479937.7734375,8227.6600341796875,-1951.2098388671875
229.70000000000002,e1008,1354.84644,0,1897.9408,0,1,0.8,50.7632065,70,449.9763,0,479937.7734375,8227.6923217773437,-1951.2098388671875
229.75,e1008,1354.84644,0,1897.9408,0,1,0.8,50.7632065,70,449.9763,0,479937.7734375,8227.724609375,-1951.2098388671875
229.8,e1008,1354.84644,0,1897.9408,0,1,0.8,50.7632065,70,449.9763,0,479937.7734375,8227.7569580078125,-1951.2098388671875
229.85000000000002,e1008,1354.84644,0,1897.9408,0,1,0.8,50.7632065,70,449.9763,0,479937.7734375,8227.7890014648437,-1951.2098388671875
229.9,e1008,1354.84644,0,1897.9408,0,1,0.8,50.7632065,70,449.9763,0,479937.7734375,8227.8211059570312,-1951.2098388671875
229.95000000000002,e1008,1354.84644,0,1897.9408,0,1,0.8,50.7632065,70,449.9763,0,479937.7734375,8227.8533325195312,-1951.2098388671875
230,e1008,1354.84644,0,1897.9408,0,1,0.8,50.7632065,70,449.9763,0,479937.7734375,8227.8858642578125,-1951.2098388671875
230.05,e1008,1354.84644,0,1897.9408,0,1,0.8,50.7632065,70,449.9763,0,479937.7734375,8227.9180297851562,-1951.2098388671875
230.10000000000002,e1008,1354.84644,0,1897.9408,0,1,0.8,50.7632065,70,449.9763,0,479937.7734375,8227.9498901367187,-1951.2098388671875
230.15,e1008,1354.84644,0,1897.9408,0,1,0.8,50.7632065,70,449.9763,0,479937.7734375,8227.9828491210937,-1951.2098388671875
230.20000000000002,e1008,1354.84644,0,1897.9408,0,1,0.8,50.7632065,70,449.9763,0,479937.7734375,8228.0147094726562,-1951.2098388671875
230.25,e1008,1354.84644,0,1897.9408,0,1,0.8,50.7632065,70,449.9763,0,479937.7734375,8228.0471801757812,-1951.2098388671875
230.3,e1008,1354.84644,0,1897.9408,0,1,0.8,50.7632065,70,449.9763,0,479937.7734375,8228.0791015625,-1951.2098388671875
230.35000000000002,e1008,1354.84644,0,1897.9408,0,1,0.8,50.7632065,70,449.9763,0,479937.7734375,8228.1119995117187,-1951.2098388671875
230.4,e1008,1354.84644,0,1897.9408,0,1,0.8,50.7632065,70,449.9763,0,479937.7734375,8228.1434936523437,-1951.2098388671875
230.45000000000002,e1008,1354.84644,0,1897.9408,0,1,0.8,50.7632065,70,449.9763,0,479937.7734375,8228.1759643554687,-1951.2098388671875
230.5,e1008,1354.84644,0,1897.9408,0,1,0.8,50.7632065,70,449.9763,0,479937.7734375,8228.208740234375,-1951.2098388671875
230.55,e1008,1354.84644,0,1897.9408,0,1,0.8,50.7632065,70,449.9763,0,479937.7734375,8228.24072265625,-1951.2098388671875
230.60000000000002,e1008,1354.84644,0,1897.9408,0,1,0.8,50.7632065,70,449.9763,0,479937.7734375,8228.2730102539062,-1951.2098388671875
230.65,e1008,1354.84644,0,1897.9408,0,1,0.8,50.7632065,70,449.9763,0,479937.7734375,8228.3054809570312,-1951.2098388671875
230.70000000000002,e1008,1354.84644,0,1897.9408,0,1,0.8,50.7632065,70,449.9763,0,479937.7734375,8228.3370971679687,-1951.2098388671875
230.75,e1008,1354.84644,0,1897.9408,0,1,0.8,50.7632065,70,449.9763,0,479937.7734375,8228.3699951171875,-1951.2098388671875
230.8,e1008,1354.84644,0,1897.9408,0,1,0.8,50.7632065,70,449.9763,0,479937.7734375,8228.4016723632812,-1951.2098388671875
230.85000000000002,e1008,1354.84644,0,1897.9408,0,1,0.8,50.7632065,70,449.9763,0,479937.7734375,8228.4342651367187,-1951.2098388671875
230.9,e1008,1354.84644,0,1897.9408,0,1,0.8,50.7632065,70,449.9763,0,479937.7734375,8228.4662475585937,-1951.2098388671875
230.95000000000002,e1008,1354.84644,0,1897.9408,0,1,0.8,50.7632065,70,449.9763,0,479937.7734375,8228.49853515625,-1951.2098388671875
231,e1008,1354.84644,0,1897.9408,0,1,0.8,50.7632065,70,449.9763,0,479937.7734375,8228.53125,-1951.2098388671875
231.05,e1008,1354.84644,0,1897.9408,0,1,0.8,50.7632065,70,449.9763,0,479937.7734375,8228.5631713867187,-1951.2098388671875
231.10000000000002,e1008,1354.84644,0,1897.9408,0,1,0.8,50.7632065,70,449.9763,0,479937.7734375,8228.5952758789062,-1951.2098388671875
231.15,e1008,1354.84644,0,1897.9408,0,1,0.8,50.7632065,70,449.9763,0,479937.7734375,8228.6276245117187,-1951.2098388671875
231.20000000000002,e1008,1354.84644,0,1897.9408,0,1,0.8,50.7632065,70,449.9763,0,479937.7734375,8228.6597900390625,-1951.2098388671875
231.25,e1008,1354.84644,0,1897.9408,0,1,0.8,50.7632065,70,449.9763,0,479937.7734375,8228.6920776367187,-1951.2098388671875
231.3,e1008,1354.84644,0,1897.9408,0,1,0.8,50.7632065,70,449.9763,0,479937.7734375,8228.7239379882812,-1951.2098388671875
231.35000000000002,e1008,1354.84644,0,1897.9408,0,1,0.8,50.7632065,70,449.9763,0,479937.7734375,8228.7566528320312,-1951.2098388671875
231.4,e1008,1354.84644,0,1897.9408,0,1,0.8,50.7632065,70,449.9763,0,479937.7734375,8228.788818359375,-1951.2098388671875
231.45000000000002,e1008,1354.84644,0,1897.9408,0,1,0.8,50.7632065,70,449.9763,0,479937.7734375,8228.8209228515625,-1951.2098388671875
231.5,e1008,1354.84644,0,1897.9408,0,1,0.8,50.7632065,70,449.9763,0,479937.7734375,8228.8533325195312,-1951.2098388671875
231.55,e1008,1354.84644,0,1897.9408,0,1,0.8,50.7632065,70,449.9763,0,479937.7734375,8228.8851928710937,-1951.2098388671875
231.60000000000002,e1008,1354.84644,0,1897.9408,0,1,0.8,50.7632065,70,449.9763,0,479937.7734375,8228.9179077148437,-1951.2098388671875
231.65,e1008,1354.84644,0,1897.9408,0,1,0.8,50.7632065,70,449.9763,0,479937.7734375,8228.9495849609375,-1951.2098388671875
231.70000000000002,e1008,1354.84644,0,1897.9408,0,1,0.8,50.7632065,70,449.9763,0,479937.7734375,8228.9821166992187,-1951.2098388671875
231.75,e1008,1354.84644,0,1897.9408,0,1,0.8,50.7632065,70,449.9763,0,479937.7734375,8229.0145874023437,-1951.2098388671875
231.8,e1008,1354.84644,0,1897.9408,0,1,0.8,50.7632065,70,449.9763,0,479937.7734375,8229.0463256835937,-1951.2098388671875
231.85000000000002,e1008,1354.84644,0,1897.9408,0,1,0.8,50.7632065,70,449.9763,0,479937.7734375,8229.0787353515625,-1951.2098388671875
231.9,e1008,1354.84644,0,1897.9408,0,1,0.8,50.7632065,70,449.9763,0,479937.7734375,8229.1109008789062,-1951.2098388671875
231.95000000000002,e1008,1354.84644,0,1897.9408,0,1,0.8,50.7632065,70,449.9763,0,479937.7734375,8229.1432495117187,-1951.2098388671875
232,e1008,1354.84644,0,1897.9408,0,1,0.8,50.7632065,70,449.9763,0,479937.7734375,8229.1753540039062,-1951.2098388671875
232.05,e1008,1354.84644,0,1897.9408,0,1,0.8,50.7632065,70,449.9763,0,479937.7734375,8229.2076416015625,-1951.2098388671875
232.10000000000002,e1008,1354.84644,0,1897.9408,0,1,0.8,50.7632065,70,449.9763,0,479937.7734375,8229.2398681640625,-1951.2098388671875
232.15,e1008,1354.84644,0,1897.9408,0,1,0.8,50.7632065,70,449.9763,0,479937.7734375,8229.2721557617187,-1951.2098388671875
232.20000000000002,e1008,1354.84644,0,1897.9408,0,1,0.8,50.7632065,70,449.9763,0,479937.7734375,8229.3041381835937,-1951.2098388671875
232.25,e1008,1354.84644,0,1897.9408,0,1,0.8,50.7632065,70,449.9763,0,479937.7734375,8229.3367309570312,-1951.2098388671875
232.3,e1008,1354.84644,0,1897.9408,0,1,0.8,50.7632065,70,449.9763,0,479937.7734375,8229.3687744140625,-1951.2098388671875
232.35000000000002,e1008,1354.84644,0,1897.9408,0,1,0.8,50.7632065,70,449.9763,0,479937.7734375,8229.4009399414062,-1951.2098388671875
232.4,e1008,1354.84644,0,1897.9408,0,1,0.8,50.7632065,70,449.9763,0,479937.7734375,8229.4328002929687,-1951.2098388671875
232.45000000000002,e1008,1354.84644,0,1897.9408,0,1,0.8,50.7632065,70,449.9763,0,479937.7734375,8229.4656372070312,-1951.2098388671875
232.5,e1008,1354.84644,0,1897.9408,0,1,0.8,50.7632065,70,449.9763,0,479937.7734375,8229.4976806640625,-1951.2098388671875
232.55,e1008,1354.84644,0,1897.9408,0,1,0.8,50.7632065,70,449.9763,0,479937.7734375,8229.5299072265625,-1951.2098388671875
232.60000000000002,e1008,1354.84644,0,1897.9408,0,1,0.8,50.7632065,70,449.9763,0,479937.7734375,8229.5621948242187,-1951.2098388671875
232.65,e1008,1354.84644,0,1897.9408,0,1,0.8,50.7632065,70,449.9763,0,479937.7734375,8229.5941772460937,-1951.2098388671875
232.70000000000002,e1008,1354.84644,0,1897.9408,0,1,0.8,50.7632065,70,449.9763,0,479937.7734375,8229.6262817382812,-1951.2098388671875
232.75,e1008,1354.84644,0,1897.9408,0,1,0.8,50.7632065,70,449.9763,0,479937.7734375,8229.65869140625,-1951.2098388671875
232.8,e1008,1354.84644,0,1897.9408,0,1,0.8,50.7632065,70,449.9763,0,479937.7734375,8229.6913452148437,-1951.2098388671875
232.85000000000002,e1008,1354.84644,0,1897.9408,0,1,0.8,50.7632065,70,449.9763,0,479937.7734375,8229.7232055664062,-1951.2098388671875
232.9,e1008,1354.84644,0,1897.9408,0,1,0.8,50.7632065,70,449.9763,0,479937.7734375,8229.7554321289062,-1951.2098388671875
232.95000000000002,e1008,1354.84644,0,1897.9408,0,1,0.8,50.7632065,70,449.9763,0,479937.7734375,8229.78759765625,-1951.2098388671875
233,e1008,1354.84644,0,1897.9408,0,1,0.8,50.7632065,70,449.9763,0,479937.7734375,8229.8199462890625,-1951.2098388671875
233.05,e1008,1354.84644,0,1897.9408,0,1,0.8,50.7632065,70,449.9763,0,479937.7734375,8229.8521118164062,-1951.2098388671875
233.10000000000002,e1008,1354.84644,0,1897.9408,0,1,0.8,50.7632065,70,449.9763,0,479937.7734375,8229.8838500976562,-1951.2098388671875
233.15,e1008,1354.84644,0,1897.9408,0,1,0.8,50.7632065,70,449.9763,0,479937.7734375,8229.916748046875,-1951.2098388671875
233.20000000000002,e1008,1354.84644,0,1897.9408,0,1,0.8,50.7632065,70,449.9763,0,479937.7734375,8229.9485473632812,-1951.2098388671875
233.25,e1008,1354.84644,0,1897.9408,0,1,0.8,50.7632065,70,449.9763,0,479937.7734375,8229.9810180664062,-1951.2098388671875
233.3,e1008,1354.84644,0,1897.9408,0,1,0.8,50.7632065,70,449.9763,0,479937.7734375,8230.0126953125,-1951.2098388671875
233.35000000000002,e1008,1354.84644,0,1897.9408,0,1,0.8,50.7632065,70,449.9763,0,479937.7734375,8230.0453491210937,-1951.2098388671875
233.4,e1008,1354.84644,0,1897.9408,0,1,0.8,50.7632065,70,449.9763,0,479937.7734375,8230.0772094726562,-1951.2098388671875
233.45000000000002,e1008,1354.84644,0,1897.9408,0,1,0.8,50.7632065,70,449.9763,0,479937.7734375,8230.1095581054687,-1951.2098388671875
233.5,e1008,1354.84644,0,1897.9408,0,1,0.8,50.7632065,70,449.9763,0,479937.7734375,8230.1416625976562,-1951.2098388671875
233.55,e1008,1354.84644,0,1897.9408,0,1,0.8,50.7632065,70,449.9763,0,479937.7734375,8230.1738891601562,-1951.2098388671875
233.60000000000002,e1008,1354.84644,0,1897.9408,0,1,0.8,50.7632065,70,449.9763,0,479937.7734375,8230.2056884765625,-1951.2098388671875
233.65,e1008,1354.84644,0,1897.9408,0,1,0.8,50.7632065,70,449.9763,0,479937.7734375,8230.2383422851562,-1951.2098388671875
233.70000000000002,e1008,1354.84644,0,1897.9408,0,1,0.8,50.7632065,70,449.9763,0,479937.7734375,8230.270751953125,-1951.2098388671875
233.75,e1008,1354.84644,0,1897.9408,0,1,0.8,50.7632065,70,449.9763,0,479937.7734375,8230.3025512695312,-1951.2098388671875
233.8,e1008,1354.84644,0,1897.9408,0,1,0.8,50.7632065,70,449.9763,0,479937.7734375,8230.3348999023437,-1951.2098388671875
233.85000000000002,e1008,1354.84644,0,1897.9408,0,1,0.8,50.7632065,70,449.9763,0,479937.7734375,8230.3668212890625,-1951.2098388671875
233.9,e1008,1354.84644,0,1897.9408,0,1,0.8,50.7632065,70,449.9763,0,479937.7734375,8230.399658203125,-1951.2098388671875
233.95000000000002,e1008,1354.84644,0,1897.9408,0,1,0.8,50.7632065,70,449.9763,0,479937.7734375,8230.4313354492187,-1951.2098388671875
234,e1008,1354.84644,0,1897.9408,0,1,0.8,50.7632065,70,449.9763,0,479937.7734375,8230.4636840820312,-1951.2098388671875
234.05,e1008,1354.84644,0,1897.9408,0,1,0.8,50.7632065,70,449.9763,0,479937.7734375,8230.4959716796875,-1951.2098388671875
234.10000000000002,e1008,1354.84644,0,1897.9408,0,1,0.8,50.7632065,70,449.9763,0,479937.7734375,8230.5281372070312,-1951.2098388671875
234.15,e1008,1354.84644,0,1897.9408,0,1,0.8,50.7632065,70,449.9763,0,479937.7734375,8230.5602416992187,-1951.2098388671875
234.20000000000002,e1008,1354.84644,0,1897.9408,0,1,0.8,50.7632065,70,449.9763,0,479937.7734375,8230.5925903320312,-1951.2098388671875
234.25,e1008,1354.84644,0,1897.9408,0,1,0.8,50.7632065,70,449.9763,0,479937.7734375,8230.6248779296875,-1951.2098388671875
234.3,e1008,1354.84644,0,1897.9408,0,1,0.8,50.7632065,70,449.9763,0,479937.7734375,8230.6571044921875,-1951.2098388671875
234.35000000000002,e1008,1354.84644,0,1897.9408,0,1,0.8,50.7632065,70,449.9763,0,479937.7734375,8230.6893920898437,-1951.2098388671875
234.4,e1008,1354.84644,0,1897.9408,0,1,0.8,50.7632065,70,449.9763,0,479937.7734375,8230.7208862304687,-1951.2098388671875
234.45000000000002,e1008,1354.84644,0,1897.9408,0,1,0.8,50.7632065,70,449.9763,0,479937.7734375,8230.7537231445312,-1951.2098388671875
234.5,e1008,1354.84644,0,1897.9408,0,1,0.8,50.7632065,70,449.9763,0,479937.7734375,8230.7855224609375,-1951.2098388671875
234.55,e1008,1354.84644,0,1897.9408,0,1,0.8,50.7632065,70,449.9763,0,479937.7734375,8230.8180541992187,-1951.2098388671875
234.60000000000002,e1008,1354.84644,0,1897.9408,0,1,0.8,50.7632065,70,449.9763,0,479937.7734375,8230.8504028320312,-1951.2098388671875
234.65,e1008,1354.84644,0,1897.9408,0,1,0.8,50.7632065,70,449.9763,0,479937.7734375,8230.8819580078125,-1951.2098388671875
234.70000000000002,e1008,1354.84644,0,1897.9408,0,1,0.8,50.7632065,70,449.9763,0,479937.7734375,8230.9144287109375,-1951.2098388671875
234.75,e1008,1354.84644,0,1897.9408,0,1,0.8,50.7632065,70,449.9763,0,479937.7734375,8230.9464721679687,-1951.2098388671875
234.8,e1008,1354.84644,0,1897.9408,0,1,0.8,50.7632065,70,449.9763,0,479937.7734375,8230.9788208007812,-1951.2098388671875
234.85000000000002,e1008,1354.84644,0,1897.9408,0,1,0.8,50.7632065,70,449.9763,0,479937.7734375,8231.01123046875,-1951.2098388671875
234.9,e1008,1354.84644,0,1897.9408,0,1,0.8,50.7632065,70,449.9763,0,479937.7734375,8231.0430908203125,-1951.2098388671875
234.95000000000002,e1008,1354.84644,0,1897.9408,0,1,0.8,50.7632065,70,449.9763,0,479937.7734375,8231.0755615234375,-1951.2098388671875
235,e1008,1354.84644,0,1897.9408,0,1,0.8,50.7632065,70,449.9763,0,479937.7734375,8231.1079711914062,-1951.2098388671875
235.05,e1008,1354.84644,0,1897.9408,0,1,0.8,50.7632065,70,449.9763,0,479937.7734375,8231.1395874023437,-1951.2098388671875
235.10000000000002,e1008,1354.84644,0,1897.9408,0,1,0.8,50.7632065,70,449.9763,0,479937.7734375,8231.1724243164062,-1951.2098388671875
235.15,e1008,1354.84644,0,1897.9408,0,1,0.8,50.7632065,70,449.9763,0,479937.7734375,8231.2041015625,-1951.2098388671875
235.20000000000002,e1008,1354.84644,0,1897.9408,0,1,0.8,50.7632065,70,449.9763,0,479937.7734375,8231.2368774414062,-1951.2098388671875
235.25,e1008,1354.84644,0,1897.9408,0,1,0.8,50.7632065,70,449.9763,0,479937.7734375,8231.2692260742187,-1951.2098388671875
235.3,e1008,1354.84644,0,1897.9408,0,1,0.8,50.7632065,70,449.9763,0,479937.7734375,8231.3009643554687,-1951.2098388671875
235.35000000000002,e1008,1354.84644,0,1897.9408,0,1,0.8,50.7632065,70,449.9763,0,479937.7734375,8231.3336181640625,-1951.2098388671875
235.4,e1008,1354.84644,0,1897.9408,0,1,0.8,50.7632065,70,449.9763,0,479937.7734375,8231.3655395507812,-1951.2098388671875
235.45000000000002,e1008,1354.84644,0,1897.9408,0,1,0.8,50.7632065,70,449.9763,0,479937.7734375,8231.3976440429687,-1951.2098388671875
235.5,e1008,1354.84644,0,1897.9408,0,1,0.8,50.7632065,70,449.9763,0,479937.7734375,8231.4302368164062,-1951.2098388671875
235.55,e1008,1354.84644,0,1897.9408,0,1,0.8,50.7632065,70,449.9763,0,479937.7734375,8231.4622802734375,-1951.2098388671875
235.60000000000002,e1008,1354.84644,0,1897.9408,0,1,0.8,50.7632065,70,449.9763,0,479937.7734375,8231.4945068359375,-1951.2098388671875
235.65,e1008,1354.84644,0,1897.9408,0,1,0.8,50.7632065,70,449.9763,0,479937.7734375,8231.5264282226562,-1951.2098388671875
235.70000000000002,e1008,1354.84644,0,1897.9408,0,1,0.8,50.7632065,70,449.9763,0,479937.7734375,8231.5584716796875,-1951.2098388671875
235.75,e1008,1354.84644,0,1897.9408,0,1,0.8,50.7632065,70,449.9763,0,479937.7734375,8231.5908813476562,-1951.2098388671875
235.8,e1008,1354.84644,0,1897.9408,0,1,0.8,50.7632065,70,449.9763,0,479937.7734375,8231.6226196289062,-1951.2098388671875
235.85000000000002,e1008,1354.84644,0,1897.9408,0,1,0.8,50.7632065,70,449.9763,0,479937.7734375,8231.6551513671875,-1951.2098388671875
235.9,e1008,1354.84644,0,1897.9408,0,1,0.8,50.7632065,70,449.9763,0,479937.7734375,8231.6873168945312,-1951.2098388671875
235.95000000000002,e1008,1354.84644,0,1897.9408,0,1,0.8,50.7632065,70,449.9763,0,479937.7734375,8231.7192993164062,-1951.2098388671875
236,e1008,1354.84644,0,1897.9408,0,1,0.8,50.7632065,70,449.9763,0,479937.7734375,8231.751708984375,-1951.2098388671875
236.05,e1008,1354.84644,0,1897.9408,0,1,0.8,50.7632065,70,449.9763,0,479937.7734375,8231.7838745117187,-1951.2098388671875
236.10000000000002,e1008,1354.84644,0,1897.9408,0,1,0.8,50.7632065,70,449.9763,0,479937.7734375,8231.8162231445312,-1951.2098388671875
236.15,e1008,1354.84644,0,1897.9408,0,1,0.8,50.7632065,70,449.9763,0,479937.7734375,8231.8479614257812,-1951.2098388671875
236.20000000000002,e1008,1354.84644,0,1897.9408,0,1,0.8,50.7632065,70,449.9763,0,479937.7734375,8231.880615234375,-1951.2098388671875
236.25,e1008,1354.84644,0,1897.9408,0,1,0.8,50.7632065,70,449.9763,0,479937.7734375,8231.9122314453125,-1951.2098388671875
236.3,e1008,1354.84644,0,1897.9408,0,1,0.8,50.7632065,70,449.9763,0,479937.7734375,8231.9449462890625,-1951.2098388671875
236.35000000000002,e1008,1354.84644,0,1897.9408,0,1,0.8,50.7632065,70,449.9763,0,479937.7734375,8231.9765625,-1951.2098388671875
236.4,e1008,1354.84644,0,1897.9408,0,1,0.8,50.7632065,70,449.9763,0,479937.7734375,8232.0087890625,-1951.2098388671875
236.45000000000002,e1008,1354.84644,0,1897.9408,0,1,0.8,50.7632065,70,449.9763,0,479937.7734375,8232.041015625,-1951.2098388671875
236.5,e1008,1354.84644,0,1897.9408,0,1,0.8,50.7632065,70,449.9763,0,479937.7734375,8232.0733032226562,-1951.2098388671875
236.55,e1008,1354.84644,0,1897.9408,0,1,0.8,50.7632065,70,449.9763,0,479937.7734375,8232.1055297851562,-1951.2098388671875
236.60000000000002,e1008,1354.84644,0,1897.9408,0,1,0.8,50.7632065,70,449.9763,0,479937.7734375,8232.1378784179687,-1951.2098388671875
236.65,e1008,1354.84644,0,1897.9408,0,1,0.8,50.7632065,70,449.9763,0,479937.7734375,8232.169921875,-1951.2098388671875
236.70000000000002,e1008,1354.84644,0,1897.9408,0,1,0.8,50.7632065,70,449.9763,0,479937.7734375,8232.2020874023437,-1951.2098388671875
236.75,e1008,1354.84644,0,1897.9408,0,1,0.8,50.7632065,70,449.9763,0,479937.7734375,8232.2341918945312,-1951.2098388671875
236.8,e1008,1354.84644,0,1897.9408,0,1,0.8,50.7632065,70,449.9763,0,479937.7734375,8232.2667846679687,-1951.2098388671875
236.85000000000002,e1008,1354.84644,0,1897.9408,0,1,0.8,50.7632065,70,449.9763,0,479937.7734375,8232.298583984375,-1951.2098388671875
236.9,e1008,1354.84644,0,1897.9408,0,1,0.8,50.7632065,70,449.9763,0,479937.7734375,8232.331298828125,-1951.2098388671875
236.95000000000002,e1008,1354.84644,0,1897.9408,0,1,0.8,50.7632065,70,449.9763,0,479937.7734375,8232.3633422851562,-1951.2098388671875
237,e1008,1354.84644,0,1897.9408,0,1,0.8,50.7632065,70,449.9763,0,479937.7734375,8232.3950805664062,-1951.2098388671875
237.05,e1008,1354.84644,0,1897.9408,0,1,0.8,50.7632065,70,449.9763,0,479937.7734375,8232.4273071289062,-1951.2098388671875
237.10000000000002,e1008,1354.84644,0,1897.9408,0,1,0.8,50.7632065,70,449.9763,0,479937.7734375,8232.4590454101562,-1951.2098388671875
237.15,e1008,1354.84644,0,1897.9408,0,1,0.8,50.7632065,70,449.9763,0,479937.7734375,8232.4918212890625,-1951.2098388671875
237.20000000000002,e1008,1354.84644,0,1897.9408,0,1,0.8,50.7632065,70,449.9763,0,479937.7734375,8232.5239868164062,-1951.2098388671875
237.25,e1008,1354.84644,0,1897.9408,0,1,0.8,50.7632065,70,449.9763,0,479937.7734375,8232.5560913085937,-1951.2098388671875
237.3,e1008,1354.84644,0,1897.9408,0,1,0.8,50.7632065,70,449.9763,0,479937.7734375,8232.5882568359375,-1951.2098388671875
237.35000000000002,e1008,1354.84644,0,1897.9408,0,1,0.8,50.7632065,70,449.9763,0,479937.7734375,8232.6201782226562,-1951.2098388671875
237.4,e1008,1354.84644,0,1897.9408,0,1,0.8,50.7632065,70,449.9763,0,479937.7734375,8232.6525268554687,-1951.2098388671875
237.45000000000002,e1008,1354.84644,0,1897.9408,0,1,0.8,50.7632065,70,449.9763,0,479937.7734375,8232.6843872070312,-1951.2098388671875
237.5,e1008,1354.84644,0,1897.9408,0,1,0.8,50.7632065,70,449.9763,0,479937.7734375,8232.7167358398437,-1951.2098388671875
237.55,e1008,1354.84644,0,1897.9408,0,1,0.8,50.7632065,70,449.9763,0,479937.7734375,8232.7488403320312,-1951.2098388671875
237.60000000000002,e1008,1354.84644,0,1897.9408,0,1,0.8,50.7632065,70,449.9763,0,479937.7734375,8232.7809448242187,-1951.2098388671875
237.65,e1008,1354.84644,0,1897.9408,0,1,0.8,50.7632065,70,449.9763,0,479937.7734375,8232.8130493164062,-1951.2098388671875
237.70000000000002,e1008,1354.84644,0,1897.9408,0,1,0.8,50.7632065,70,449.9763,0,479937.7734375,8232.8455810546875,-1951.2098388671875
237.75,e1008,1354.84644,0,1897.9408,0,1,0.8,50.7632065,70,449.9763,0,479937.7734375,8232.8778076171875,-1951.2098388671875
237.8,e1008,1354.84644,0,1897.9408,0,1,0.8,50.7632065,70,449.9763,0,479937.7734375,8232.9098510742187,-1951.2098388671875
237.85000000000002,e1008,1354.84644,0,1897.9408,0,1,0.8,50.7632065,70,449.9763,0,479937.7734375,8232.942138671875,-1951.2098388671875
237.9,e1008,1354.84644,0,1897.9408,0,1,0.8,50.7632065,70,449.9763,0,479937.7734375,8232.9744262695312,-1951.2098388671875
237.95000000000002,e1008,1354.84644,0,1897.9408,0,1,0.8,50.7632065,70,449.9763,0,479937.7734375,8233.0065307617187,-1951.2098388671875
238,e1008,1354.84644,0,1897.9408,0,1,0.8,50.7632065,70,449.9763,0,479937.7734375,8233.0386352539062,-1951.2098388671875
238.05,e1008,1354.84644,0,1897.9408,0,1,0.8,50.7632065,70,449.9763,0,479937.7734375,8233.0701904296875,-1951.2098388671875
238.10000000000002,e1008,1354.84644,0,1897.9408,0,1,0.8,50.7632065,70,449.9763,0,479937.7734375,8233.1029663085937,-1951.2098388671875
238.15,e1008,1354.84644,0,1897.9408,0,1,0.8,50.7632065,70,449.9763,0,479937.7734375,8233.134521484375,-1951.2098388671875
238.20000000000002,e1008,1354.84644,0,1897.9408,0,1,0.8,50.7632065,70,449.9763,0,479937.7734375,8233.1670532226562,-1951.2098388671875
238.25,e1008,1354.84644,0,1897.9408,0,1,0.8,50.7632065,70,449.9763,0,479937.7734375,8233.19921875,-1951.2098388671875
238.3,e1008,1354.84644,0,1897.9408,0,1,0.8,50.7632065,70,449.9763,0,479937.7734375,8233.2312622070312,-1951.2098388671875
238.35000000000002,e1008,1354.84644,0,1897.9408,0,1,0.8,50.7632065,70,449.9763,0,479937.7734375,8233.2640991210937,-1951.2098388671875
238.4,e1008,1354.84644,0,1897.9408,0,1,0.8,50.7632065,70,449.9763,0,479937.7734375,8233.295166015625,-1951.2098388671875
238.45000000000002,e1008,1354.84644,0,1897.9408,0,1,0.8,50.7632065,70,449.9763,0,479937.7734375,8233.3276977539062,-1951.2098388671875
238.5,e1008,1354.84644,0,1897.9408,0,1,0.8,50.7632065,70,449.9763,0,479937.7734375,8233.3599853515625,-1951.2098388671875
238.55,e1008,1354.84644,0,1897.9408,0,1,0.8,50.7632065,70,449.9763,0,479937.7734375,8233.3920288085937,-1951.2098388671875
238.60000000000002,e1008,1354.84644,0,1897.9408,0,1,0.8,50.7632065,70,449.9763,0,479937.7734375,8233.4241943359375,-1951.2098388671875
238.65,e1008,1354.84644,0,1897.9408,0,1,0.8,50.7632065,70,449.9763,0,479937.7734375,8233.456298828125,-1951.2098388671875
238.70000000000002,e1008,1354.84644,0,1897.9408,0,1,0.8,50.7632065,70,449.9763,0,479937.7734375,8233.4889526367187,-1951.2098388671875
238.75,e1008,1354.84644,0,1897.9408,0,1,0.8,50.7632065,70,449.9763,0,479937.7734375,8233.5209350585937,-1951.2098388671875
238.8,e1008,1354.84644,0,1897.9408,0,1,0.8,50.7632065,70,449.9763,0,479937.7734375,8233.552978515625,-1951.2098388671875
238.85000000000002,e1008,1354.84644,0,1897.9408,0,1,0.8,50.7632065,70,449.9763,0,479937.7734375,8233.5855102539062,-1951.2098388671875
238.9,e1008,1354.84644,0,1897.9408,0,1,0.8,50.7632065,70,449.9763,0,479937.7734375,8233.6174926757812,-1951.2098388671875
238.95000000000002,e1008,1354.84644,0,1897.9408,0,1,0.8,50.7632065,70,449.9763,0,479937.7734375,8233.6497192382812,-1951.2098388671875
239,e1008,1354.84644,0,1897.9408,0,1,0.8,50.7632065,70,449.9763,0,479937.7734375,8233.6812133789062,-1951.2098388671875
239.05,e1008,1354.84644,0,1897.9408,0,1,0.8,50.7632065,70,449.9763,0,479937.7734375,8233.7139282226562,-1951.2098388671875
239.10000000000002,e1008,1354.84644,0,1897.9408,0,1,0.8,50.7632065,70,449.9763,0,479937.7734375,8233.7459106445312,-1951.2098388671875
239.15,e1008,1354.84644,0,1897.9408,0,1,0.8,50.7632065,70,449.9763,0,479937.7734375,8233.7781372070312,-1951.2098388671875
239.20000000000002,e1008,1354.84644,0,1897.9408,0,1,0.8,50.7632065,70,449.9763,0,479937.7734375,8233.810546875,-1951.2098388671875
239.25,e1008,1354.84644,0,1897.9408,0,1,0.8,50.7632065,70,449.9763,0,479937.7734375,8233.84228515625,-1951.2098388671875
239.3,e1008,1354.84644,0,1897.9408,0,1,0.8,50.7632065,70,449.9763,0,479937.7734375,8233.8743896484375,-1951.2098388671875
239.35000000000002,e1008,1354.84644,0,1897.9408,0,1,0.8,50.7632065,70,449.9763,0,479937.7734375,8233.9060668945312,-1951.2098388671875
239.4,e1008,1354.84644,0,1897.9408,0,1,0.8,50.7632065,70,449.9763,0,479937.7734375,8233.938720703125,-1951.2098388671875
239.45000000000002,e1008,1354.84644,0,1897.9408,0,1,0.8,50.7632065,70,449.9763,0,479937.7734375,8233.9710693359375,-1951.2098388671875
239.5,e1008,1354.84644,0,1897.9408,0,1,0.8,50.7632065,70,449.9763,0,479937.7734375,8234.0027465820312,-1951.2098388671875
239.55,e1008,1354.84644,0,1897.9408,0,1,0.8,50.7632065,70,449.9763,0,479937.7734375,8234.0355834960937,-1951.2098388671875
239.60000000000002,e1008,1354.84644,0,1897.9408,0,1,0.8,50.7632065,70,449.9763,0,479937.7734375,8234.0673217773437,-1951.2098388671875
239.65,e1008,1354.84644,0,1897.9408,0,1,0.8,50.7632065,70,449.9763,0,479937.7734375,8234.0997314453125,-1951.2098388671875
239.70000000000002,e1008,1354.84644,0,1897.9408,0,1,0.8,50.7632065,70,449.9763,0,479937.7734375,8234.1314086914062,-1951.2098388671875
239.75,e1008,1354.84644,0,1897.9408,0,1,0.8,50.7632065,70,449.9763,0,479937.7734375,8234.1636352539062,-1951.2098388671875
239.8,e1008,1354.84644,0,1897.9408,0,1,0.8,50.7632065,70,449.9763,0,479937.7734375,8234.196044921875,-1951.2098388671875
239.85000000000002,e1008,1354.84644,0,1897.9408,0,1,0.8,50.7632065,70,449.9763,0,479937.7734375,8234.2279052734375,-1951.2098388671875
239.9,e1008,1354.84644,0,1897.9408,0,1,0.8,50.7632065,70,449.9763,0,479937.7734375,8234.2601928710937,-1951.2098388671875
239.95000000000002,e1008,1354.84644,0,1897.9408,0,1,0.8,50.7632065,70,449.9763,0,479937.7734375,8234.2924194335937,-1951.2098388671875
240,e1008,1354.84644,0,1897.9408,0,1,0.8,50.7632065,70,449.9763,0,479937.7734375,8234.3242797851562,-1951.2098388671875
240.05,e1008,1354.84644,0,1897.9408,0,1,0.8,50.7632065,70,449.9763,0,479937.7734375,8234.3563842773437,-1951.2098388671875
240.10000000000002,e1008,1354.84644,0,1897.9408,0,1,0.8,50.7632065,70,449.9763,0,479937.7734375,8234.3883666992187,-1951.2098388671875
240.15,e1008,1354.84644,0,1897.9408,0,1,0.8,50.7632065,70,449.9763,0,479937.7734375,8234.4208374023437,-1951.2098388671875
240.20000000000002,e1008,1354.84644,0,1897.9408,0,1,0.8,50.7632065,70,449.9763,0,479937.7734375,8234.4530639648437,-1951.2098388671875
240.25,e1008,1354.84644,0,1897.9408,0,1,0.8,50.7632065,70,449.9763,0,479937.7734375,8234.4854736328125,-1951.2098388671875
240.3,e1008,1354.84644,0,1897.9408,0,1,0.8,50.7632065,70,449.9763,0,479937.7734375,8234.51708984375,-1951.2098388671875
240.35000000000002,e1008,1354.84644,0,1897.9408,0,1,0.8,50.7632065,70,449.9763,0,479937.7734375,8234.5497436523437,-1951.2098388671875
240.4,e1008,1354.84644,0,1897.9408,0,1,0.8,50.7632065,70,449.9763,0,479937.7734375,8234.5822143554687,-1951.2098388671875
240.45000000000002,e1008,1354.84644,0,1897.9408,0,1,0.8,50.7632065,70,449.9763,0,479937.7734375,8234.6138305664062,-1951.2098388671875
240.5,e1008,1354.84644,0,1897.9408,0,1,0.8,50.7632065,70,449.9763,0,479937.7734375,8234.6456909179687,-1951.2098388671875
240.55,e1008,1354.84644,0,1897.9408,0,1,0.8,50.7632065,70,449.9763,0,479937.7734375,8234.6780395507812,-1951.2098388671875
240.60000000000002,e1008,1354.84644,0,1897.9408,0,1,0.8,50.7632065,70,449.9763,0,479937.7734375,8234.7102661132812,-1951.2098388671875
240.65,e1008,1354.84644,0,1897.9408,0,1,0.8,50.7632065,70,449.9763,0,479937.7734375,8234.7423706054687,-1951.2098388671875
240.70000000000002,e1008,1354.84644,0,1897.9408,0,1,0.8,50.7632065,70,449.9763,0,479937.7734375,8234.774169921875,-1951.2098388671875
240.75,e1008,1354.84644,0,1897.9408,0,1,0.8,50.7632065,70,449.9763,0,479937.7734375,8234.8062744140625,-1951.2098388671875
240.8,e1008,1354.84644,0,1897.9408,0,1,0.8,50.7632065,70,449.9763,0,479937.7734375,8234.8384399414062,-1951.2098388671875
240.85000000000002,e1008,1354.84644,0,1897.9408,0,1,0.8,50.7632065,70,449.9763,0,479937.7734375,8234.8707885742187,-1951.2098388671875
240.9,e1008,1354.84644,0,1897.9408,0,1,0.8,50.7632065,70,449.9763,0,479937.7734375,8234.90283203125,-1951.2098388671875
240.95000000000002,e1008,1354.84644,0,1897.9408,0,1,0.8,50.7632065,70,449.9763,0,479937.7734375,8234.935302734375,-1951.2098388671875
241,e1008,1354.84644,0,1897.9408,0,1,0.8,50.7632065,70,449.9763,0,479937.7734375,8234.9674682617187,-1951.2098388671875
241.05,e1008,1354.84644,0,1897.9408,0,1,0.8,50.7632065,70,449.9763,0,479937.7734375,8234.9993286132812,-1951.2098388671875
241.10000000000002,e1008,1354.84644,0,1897.9408,0,1,0.8,50.7632065,70,449.9763,0,479937.7734375,8235.0314331054687,-1951.2098388671875
241.15,e1008,1354.84644,0,1897.9408,0,1,0.8,50.7632065,70,449.9763,0,479937.7734375,8235.0635375976562,-1951.2098388671875
241.20000000000002,e1008,1354.84644,0,1897.9408,0,1,0.8,50.7632065,70,449.9763,0,479937.7734375,8235.0956420898437,-1951.2098388671875
241.25,e1008,1354.84644,0,1897.9408,0,1,0.8,50.7632065,70,449.9763,0,479937.7734375,8235.1279907226562,-1951.2098388671875
241.3,e1008,1354.84644,0,1897.9408,0,1,0.8,50.7632065,70,449.9763,0,479937.7734375,8235.1597290039062,-1951.2098388671875
241.35000000000002,e1008,1354.84644,0,1897.9408,0,1,0.8,50.7632065,70,449.9763,0,479937.7734375,8235.1925048828125,-1951.2098388671875
241.4,e1008,1354.84644,0,1897.9408,0,1,0.8,50.7632065,70,449.9763,0,479937.7734375,8235.2238159179687,-1951.2098388671875
241.45000000000002,e1008,1354.84644,0,1897.9408,0,1,0.8,50.7632065,70,449.9763,0,479937.7734375,8235.2561645507812,-1951.2098388671875
241.5,e1008,1354.84644,0,1897.9408,0,1,0.8,50.7632065,70,449.9763,0,479937.7734375,8235.2883911132812,-1951.2098388671875
241.55,e1008,1354.84644,0,1897.9408,0,1,0.8,50.7632065,70,449.9763,0,479937.7734375,8235.3206787109375,-1951.2098388671875
241.60000000000002,e1008,1354.84644,0,1897.9408,0,1,0.8,50.7632065,70,449.9763,0,479937.7734375,8235.3529663085937,-1951.2098388671875
241.65,e1008,1354.84644,0,1897.9408,0,1,0.8,50.7632065,70,449.9763,0,479937.7734375,8235.3850708007812,-1951.2098388671875
241.70000000000002,e1008,1354.84644,0,1897.9408,0,1,0.8,50.7632065,70,449.9763,0,479937.7734375,8235.4174194335937,-1951.2098388671875
241.75,e1008,1354.84644,0,1897.9408,0,1,0.8,50.7632065,70,449.9763,0,479937.7734375,8235.4489135742187,-1951.2098388671875
241.8,e1008,1354.84644,0,1897.9408,0,1,0.8,50.7632065,70,449.9763,0,479937.7734375,8235.4811401367187,-1951.2098388671875
241.85000000000002,e1008,1354.84644,0,1897.9408,0,1,0.8,50.7632065,70,449.9763,0,479937.7734375,8235.5132446289062,-1951.2098388671875
241.9,e1008,1354.84644,0,1897.9408,0,1,0.8,50.7632065,70,449.9763,0,479937.7734375,8235.5452270507812,-1951.2098388671875
241.95000000000002,e1008,1354.84644,0,1897.9408,0,1,0.8,50.7632065,70,449.9763,0,479937.7734375,8235.577392578125,-1951.2098388671875
242,e1008,1354.84644,0,1897.9408,0,1,0.8,50.7632065,70,449.9763,0,479937.7734375,8235.6093139648437,-1951.2098388671875
242.05,e1008,1354.84644,0,1897.9408,0,1,0.8,50.7632065,70,449.9763,0,479937.7734375,8235.6419067382812,-1951.2098388671875
242.10000000000002,e1008,1354.84644,0,1897.9408,0,1,0.8,50.7632065,70,449.9763,0,479937.7734375,8235.6737670898437,-1951.2098388671875
242.15,e1008,1354.84644,0,1897.9408,0,1,0.8,50.7632065,70,449.9763,0,479937.7734375,8235.706298828125,-1951.2098388671875
242.20000000000002,e1008,1354.84644,0,1897.9408,0,1,0.8,50.7632065,70,449.9763,0,479937.7734375,8235.73828125,-1951.2098388671875
242.25,e1008,1354.84644,0,1897.9408,0,1,0.8,50.7632065,70,449.9763,0,479937.7734375,8235.7706909179687,-1951.2098388671875
242.3,e1008,1354.84644,0,1897.9408,0,1,0.8,50.7632065,70,449.9763,0,479937.7734375,8235.802490234375,-1951.2098388671875
242.35000000000002,e1008,1354.84644,0,1897.9408,0,1,0.8,50.7632065,70,449.9763,0,479937.7734375,8235.834228515625,-1951.2098388671875
242.4,e1008,1354.84644,0,1897.9408,0,1,0.8,50.7632065,70,449.9763,0,479937.7734375,8235.866943359375,-1951.2098388671875
242.45000000000002,e1008,1354.84644,0,1897.9408,0,1,0.8,50.7632065,70,449.9763,0,479937.7734375,8235.8991088867187,-1951.2098388671875
242.5,e1008,1354.84644,0,1897.9408,0,1,0.8,50.7632065,70,449.9763,0,479937.7734375,8235.9304809570312,-1951.2098388671875
242.55,e1008,1354.84644,0,1897.9408,0,1,0.8,50.7632065,70,449.9763,0,479937.7734375,8235.962890625,-1951.2098388671875
242.60000000000002,e1008,1354.84644,0,1897.9408,0,1,0.8,50.7632065,70,449.9763,0,479937.7734375,8235.9947509765625,-1951.2098388671875
242.65,e1008,1354.84644,0,1897.9408,0,1,0.8,50.7632065,70,449.9763,0,479937.7734375,8236.0274047851562,-1951.2098388671875
242.70000000000002,e1008,1354.84644,0,1897.9408,0,1,0.8,50.7632065,70,449.9763,0,479937.7734375,8236.0595092773437,-1951.2098388671875
242.75,e1008,1354.84644,0,1897.9408,0,1,0.8,50.7632065,70,449.9763,0,479937.7734375,8236.0916137695312,-1951.2098388671875
242.8,e1008,1354.84644,0,1897.9408,0,1,0.8,50.7632065,70,449.9763,0,479937.7734375,8236.1239013671875,-1951.2098388671875
242.85000000000002,e1008,1354.84644,0,1897.9408,0,1,0.8,50.7632065,70,449.9763,0,479937.7734375,8236.1556396484375,-1951.2098388671875
242.9,e1008,1354.84644,0,1897.9408,0,1,0.8,50.7632065,70,449.9763,0,479937.7734375,8236.187744140625,-1951.2098388671875
242.95000000000002,e1008,1354.84644,0,1897.9408,0,1,0.8,50.7632065,70,449.9763,0,479937.7734375,8236.2200317382812,-1951.2098388671875
243,e1008,1354.84644,0,1897.9408,0,1,0.8,50.7632065,70,449.9763,0,479937.7734375,8236.2523193359375,-1951.2098388671875
243.05,e1008,1354.84644,0,1897.9408,0,1,0.8,50.7632065,70,449.9763,0,479937.7734375,8236.2838134765625,-1951.2098388671875
243.10000000000002,e1008,1354.84644,0,1897.9408,0,1,0.8,50.7632065,70,449.9763,0,479937.7734375,8236.3163452148437,-1951.2098388671875
243.15,e1008,1354.84644,0,1897.9408,0,1,0.8,50.7632065,70,449.9763,0,479937.7734375,8236.3482055664062,-1951.2098388671875
243.20000000000002,e1008,1354.84644,0,1897.9408,0,1,0.8,50.7632065,70,449.9763,0,479937.7734375,8236.3804931640625,-1951.2098388671875
243.25,e1008,1354.84644,0,1897.9408,0,1,0.8,50.7632065,70,449.9763,0,479937.7734375,8236.4127197265625,-1951.2098388671875
243.3,e1008,1354.84644,0,1897.9408,0,1,0.8,50.7632065,70,449.9763,0,479937.7734375,8236.4450073242187,-1951.2098388671875
243.35000000000002,e1008,1354.84644,0,1897.9408,0,1,0.8,50.7632065,70,449.9763,0,479937.7734375,8236.4769897460937,-1951.2098388671875
243.4,e1008,1354.84644,0,1897.9408,0,1,0.8,50.7632065,70,449.9763,0,479937.7734375,8236.5086669921875,-1951.2098388671875
243.45000000000002,e1008,1354.84644,0,1897.9408,0,1,0.8,50.7632065,70,449.9763,0,479937.7734375,8236.5408935546875,-1951.2098388671875
243.5,e1008,1354.84644,0,1897.9408,0,1,0.8,50.7632065,70,449.9763,0,479937.7734375,8236.5729370117187,-1951.2098388671875
243.55,e1008,1354.84644,0,1897.9408,0,1,0.8,50.7632065,70,449.9763,0,479937.7734375,8236.6049194335937,-1951.2098388671875
243.60000000000002,e1008,1354.84644,0,1897.9408,0,1,0.8,50.7632065,70,449.9763,0,479937.7734375,8236.6373291015625,-1951.2098388671875
243.65,e1008,1354.84644,0,1897.9408,0,1,0.8,50.7632065,70,449.9763,0,479937.7734375,8236.6690673828125,-1951.2098388671875
243.70000000000002,e1008,1354.84644,0,1897.9408,0,1,0.8,50.7632065,70,449.9763,0,479937.7734375,8236.7015991210937,-1951.2098388671875
243.75,e1008,1354.84644,0,1897.9408,0,1,0.8,50.7632065,70,449.9763,0,479937.7734375,8236.7338256835937,-1951.2098388671875
243.8,e1008,1354.84644,0,1897.9408,0,1,0.8,50.7632065,70,449.9763,0,479937.7734375,8236.7656860351562,-1951.2098388671875
243.85000000000002,e1008,1354.84644,0,1897.9408,0,1,0.8,50.7632065,70,449.9763,0,479937.7734375,8236.7979736328125,-1951.2098388671875
243.9,e1008,1354.84644,0,1897.9408,0,1,0.8,50.7632065,70,449.9763,0,479937.7734375,8236.8300170898437,-1951.2098388671875
243.95000000000002,e1008,1354.84644,0,1897.9408,0,1,0.8,50.7632065,70,449.9763,0,479937.7734375,8236.8622436523437,-1951.2098388671875
244,e1008,1354.84644,0,1897.9408,0,1,0.8,50.7632065,70,449.9763,0,479937.7734375,8236.8938598632812,-1951.2098388671875
244.05,e1008,1354.84644,0,1897.9408,0,1,0.8,50.7632065,70,449.9763,0,479937.7734375,8236.9258422851562,-1951.2098388671875
244.10000000000002,e1008,1354.84644,0,1897.9408,0,1,0.8,50.7632065,70,449.9763,0,479937.7734375,8236.9580688476562,-1951.2098388671875
244.15,e1008,1354.84644,0,1897.9408,0,1,0.8,50.7632065,70,449.9763,0,479937.7734375,8236.9902954101562,-1951.2098388671875
244.20000000000002,e1008,1354.84644,0,1897.9408,0,1,0.8,50.7632065,70,449.9763,0,479937.7734375,8237.0225219726562,-1951.2098388671875
244.25,e1008,1354.84644,0,1897.9408,0,1,0.8,50.7632065,70,449.9763,0,479937.7734375,8237.054443359375,-1951.2098388671875
244.3,e1008,1354.84644,0,1897.9408,0,1,0.8,50.7632065,70,449.9763,0,479937.7734375,8237.0867309570312,-1951.2098388671875
244.35000000000002,e1008,1354.84644,0,1897.9408,0,1,0.8,50.7632065,70,449.9763,0,479937.7734375,8237.1185913085937,-1951.2098388671875
244.4,e1008,1354.84644,0,1897.9408,0,1,0.8,50.7632065,70,449.9763,0,479937.7734375,8237.1506958007812,-1951.2098388671875
244.45000000000002,e1008,1354.84644,0,1897.9408,0,1,0.8,50.7632065,70,449.9763,0,479937.7734375,8237.18310546875,-1951.2098388671875
244.5,e1008,1354.84644,0,1897.9408,0,1,0.8,50.7632065,70,449.9763,0,479937.7734375,8237.2146606445312,-1951.2098388671875
244.55,e1008,1354.84644,0,1897.9408,0,1,0.8,50.7632065,70,449.9763,0,479937.7734375,8237.2471313476562,-1951.2098388671875
244.60000000000002,e1008,1354.84644,0,1897.9408,0,1,0.8,50.7632065,70,449.9763,0,479937.7734375,8237.2788696289062,-1951.2098388671875
244.65,e1008,1354.84644,0,1897.9408,0,1,0.8,50.7632065,70,449.9763,0,479937.7734375,8237.311279296875,-1951.2098388671875
244.70000000000002,e1008,1354.84644,0,1897.9408,0,1,0.8,50.7632065,70,449.9763,0,479937.7734375,8237.3436279296875,-1951.2098388671875
244.75,e1008,1354.84644,0,1897.9408,0,1,0.8,50.7632065,70,449.9763,0,479937.7734375,8237.3757934570312,-1951.2098388671875
244.8,e1008,1354.84644,0,1897.9408,0,1,0.8,50.7632065,70,449.9763,0,479937.7734375,8237.4075927734375,-1951.2098388671875
244.85000000000002,e1008,1354.84644,0,1897.9408,0,1,0.8,50.7632065,70,449.9763,0,479937.7734375,8237.439453125,-1951.2098388671875
244.9,e1008,1354.84644,0,1897.9408,0,1,0.8,50.7632065,70,449.9763,0,479937.7734375,8237.4720458984375,-1951.2098388671875
244.95000000000002,e1008,1354.84644,0,1897.9408,0,1,0.8,50.7632065,70,449.9763,0,479937.7734375,8237.5038452148437,-1951.2098388671875
245,e1008,1354.84644,0,1897.9408,0,1,0.8,50.7632065,70,449.9763,0,479937.7734375,8237.5357055664062,-1951.2098388671875
245.05,e1008,1354.84644,0,1897.9408,0,1,0.8,50.7632065,70,449.9763,0,479937.7734375,8237.56787109375,-1951.2098388671875
245.10000000000002,e1008,1354.84644,0,1897.9408,0,1,0.8,50.7632065,70,449.9763,0,479937.7734375,8237.6002197265625,-1951.2098388671875
245.15,e1008,1354.84644,0,1897.9408,0,1,0.8,50.7632065,70,449.9763,0,479937.7734375,8237.6326293945312,-1951.2098388671875
245.20000000000002,e1008,1354.84644,0,1897.9408,0,1,0.8,50.7632065,70,449.9763,0,479937.7734375,8237.6642456054687,-1951.2098388671875
245.25,e1008,1354.84644,0,1897.9408,0,1,0.8,50.7632065,70,449.9763,0,479937.7734375,8237.6963500976562,-1951.2098388671875
245.3,e1008,1354.84644,0,1897.9408,0,1,0.8,50.7632065,70,449.9763,0,479937.7734375,8237.7283935546875,-1951.2098388671875
245.35000000000002,e1008,1354.84644,0,1897.9408,0,1,0.8,50.7632065,70,449.9763,0,479937.7734375,8237.7608032226562,-1951.2098388671875
245.4,e1008,1354.84644,0,1897.9408,0,1,0.8,50.7632065,70,449.9763,0,479937.7734375,8237.7923583984375,-1951.2098388671875
245.45000000000002,e1008,1354.84644,0,1897.9408,0,1,0.8,50.7632065,70,449.9763,0,479937.7734375,8237.8244018554687,-1951.2098388671875
245.5,e1008,1354.84644,0,1897.9408,0,1,0.8,50.7632065,70,449.9763,0,479937.7734375,8237.8564453125,-1951.2098388671875
245.55,e1008,1354.84644,0,1897.9408,0,1,0.8,50.7632065,70,449.9763,0,479937.7734375,8237.8888549804687,-1951.2098388671875
245.60000000000002,e1008,1354.84644,0,1897.9408,0,1,0.8,50.7632065,70,449.9763,0,479937.7734375,8237.9209594726562,-1951.2098388671875
245.65,e1008,1354.84644,0,1897.9408,0,1,0.8,50.7632065,70,449.9763,0,479937.7734375,8237.9530639648437,-1951.2098388671875
245.70000000000002,e1008,1354.84644,0,1897.9408,0,1,0.8,50.7632065,70,449.9763,0,479937.7734375,8237.984619140625,-1951.2098388671875
245.75,e1008,1354.84644,0,1897.9408,0,1,0.8,50.7632065,70,449.9763,0,479937.7734375,8238.0175170898437,-1951.2098388671875
245.8,e1008,1354.84644,0,1897.9408,0,1,0.8,50.7632065,70,449.9763,0,479937.7734375,8238.0491333007812,-1951.2098388671875
245.85000000000002,e1008,1354.84644,0,1897.9408,0,1,0.8,50.7632065,70,449.9763,0,479937.7734375,8238.081298828125,-1951.2098388671875
245.9,e1008,1354.84644,0,1897.9408,0,1,0.8,50.7632065,70,449.9763,0,479937.7734375,8238.113037109375,-1951.2098388671875
245.95000000000002,e1008,1354.84644,0,1897.9408,0,1,0.8,50.7632065,70,449.9763,0,479937.7734375,8238.1454467773437,-1951.2098388671875
246,e1008,1354.84644,0,1897.9408,0,1,0.8,50.7632065,70,449.9763,0,479937.7734375,8238.1775512695312,-1951.2098388671875
246.05,e1008,1354.84644,0,1897.9408,0,1,0.8,50.7632065,70,449.9763,0,479937.7734375,8238.2096557617187,-1951.2098388671875
246.10000000000002,e1008,1354.84644,0,1897.9408,0,1,0.8,50.7632065,70,449.9763,0,479937.7734375,8238.2412109375,-1951.2098388671875
246.15,e1008,1354.84644,0,1897.9408,0,1,0.8,50.7632065,70,449.9763,0,479937.7734375,8238.2738647460937,-1951.2098388671875
246.20000000000002,e1008,1354.84644,0,1897.9408,0,1,0.8,50.7632065,70,449.9763,0,479937.7734375,8238.3056030273437,-1951.2098388671875
246.25,e1008,1354.84644,0,1897.9408,0,1,0.8,50.7632065,70,449.9763,0,479937.7734375,8238.337646484375,-1951.2098388671875
246.3,e1008,1354.84644,0,1897.9408,0,1,0.8,50.7632065,70,449.9763,0,479937.7734375,8238.36962890625,-1951.2098388671875
246.35000000000002,e1008,1354.84644,0,1897.9408,0,1,0.8,50.7632065,70,449.9763,0,479937.7734375,8238.4020385742187,-1951.2098388671875
246.4,e1008,1354.84644,0,1897.9408,0,1,0.8,50.7632065,70,449.9763,0,479937.7734375,8238.4341430664062,-1951.2098388671875
246.45000000000002,e1008,1354.84644,0,1897.9408,0,1,0.8,50.7632065,70,449.9763,0,479937.7734375,8238.4664916992187,-1951.2098388671875
246.5,e1008,1354.84644,0,1897.9408,0,1,0.8,50.7632065,70,449.9763,0,479937.7734375,8238.4978637695312,-1951.2098388671875
246.55,e1008,1354.84644,0,1897.9408,0,1,0.8,50.7632065,70,449.9763,0,479937.7734375,8238.5307006835937,-1951.2098388671875
246.60000000000002,e1008,1354.84644,0,1897.9408,0,1,0.8,50.7632065,70,449.9763,0,479937.7734375,8238.5621948242187,-1951.2098388671875
246.65,e1008,1354.84644,0,1897.9408,0,1,0.8,50.7632065,70,449.9763,0,479937.7734375,8238.59423828125,-1951.2098388671875
246.70000000000002,e1008,1354.84644,0,1897.9408,0,1,0.8,50.7632065,70,449.9763,0,479937.7734375,8238.62646484375,-1951.2098388671875
246.75,e1008,1354.84644,0,1897.9408,0,1,0.8,50.7632065,70,449.9763,0,479937.7734375,8238.6583251953125,-1951.2098388671875
246.8,e1008,1354.84644,0,1897.9408,0,1,0.8,50.7632065,70,449.9763,0,479937.7734375,8238.6909790039062,-1951.2098388671875
246.85000000000002,e1008,1354.84644,0,1897.9408,0,1,0.8,50.7632065,70,449.9763,0,479937.7734375,8238.7228393554687,-1951.2098388671875
246.9,e1008,1354.84644,0,1897.9408,0,1,0.8,50.7632065,70,449.9763,0,479937.7734375,8238.75439453125,-1951.2098388671875
246.95000000000002,e1008,1354.84644,0,1897.9408,0,1,0.8,50.7632065,70,449.9763,0,479937.7734375,8238.7869873046875,-1951.2098388671875
247,e1008,1354.84644,0,1897.9408,0,1,0.8,50.7632065,70,449.9763,0,479937.7734375,8238.8187866210937,-1951.2098388671875
247.05,e1008,1354.84644,0,1897.9408,0,1,0.8,50.7632065,70,449.9763,0,479937.7734375,8238.8507080078125,-1951.2098388671875
247.10000000000002,e1008,1354.84644,0,1897.9408,0,1,0.8,50.7632065,70,449.9763,0,479937.7734375,8238.8828125,-1951.2098388671875
247.15,e1008,1354.84644,0,1897.9408,0,1,0.8,50.7632065,70,449.9763,0,479937.7734375,8238.9151611328125,-1951.2098388671875
247.20000000000002,e1008,1354.84644,0,1897.9408,0,1,0.8,50.7632065,70,449.9763,0,479937.7734375,8238.9473266601562,-1951.2098388671875
247.25,e1008,1354.84644,0,1897.9408,0,1,0.8,50.7632065,70,449.9763,0,479937.7734375,8238.9794311523437,-1951.2098388671875
247.3,e1008,1354.84644,0,1897.9408,0,1,0.8,50.7632065,70,449.9763,0,479937.7734375,8239.010986328125,-1951.2098388671875
247.35000000000002,e1008,1354.84644,0,1897.9408,0,1,0.8,50.7632065,70,449.9763,0,479937.7734375,8239.0433349609375,-1951.2098388671875
247.4,e1008,1354.84644,0,1897.9408,0,1,0.8,50.7632065,70,449.9763,0,479937.7734375,8239.0753173828125,-1951.2098388671875
247.45000000000002,e1008,1354.84644,0,1897.9408,0,1,0.8,50.7632065,70,449.9763,0,479937.7734375,8239.1069946289062,-1951.2098388671875
247.5,e1008,1354.84644,0,1897.9408,0,1,0.8,50.7632065,70,449.9763,0,479937.7734375,8239.1395874023437,-1951.2098388671875
247.55,e1008,1354.84644,0,1897.9408,0,1,0.8,50.7632065,70,449.9763,0,479937.7734375,8239.1717529296875,-1951.2098388671875
247.60000000000002,e1008,1354.84644,0,1897.9408,0,1,0.8,50.7632065,70,449.9763,0,479937.7734375,8239.2036743164062,-1951.2098388671875
247.65,e1008,1354.84644,0,1897.9408,0,1,0.8,50.7632065,70,449.9763,0,479937.7734375,8239.2357177734375,-1951.2098388671875
247.70000000000002,e1008,1354.84644,0,1897.9408,0,1,0.8,50.7632065,70,449.9763,0,479937.7734375,8239.2672729492187,-1951.2098388671875
247.75,e1008,1354.84644,0,1897.9408,0,1,0.8,50.7632065,70,449.9763,0,479937.7734375,8239.2994384765625,-1951.2098388671875
247.8,e1008,1354.84644,0,1897.9408,0,1,0.8,50.7632065,70,449.9763,0,479937.7734375,8239.3319091796875,-1951.2098388671875
247.85000000000002,e1008,1354.84644,0,1897.9408,0,1,0.8,50.7632065,70,449.9763,0,479937.7734375,8239.3638305664062,-1951.2098388671875
247.9,e1008,1354.84644,0,1897.9408,0,1,0.8,50.7632065,70,449.9763,0,479937.7734375,8239.3959350585937,-1951.2098388671875
247.95000000000002,e1008,1354.84644,0,1897.9408,0,1,0.8,50.7632065,70,449.9763,0,479937.7734375,8239.4283447265625,-1951.2098388671875
248,e1008,1354.84644,0,1897.9408,0,1,0.8,50.7632065,70,449.9763,0,479937.7734375,8239.4603271484375,-1951.2098388671875
248.05,e1008,1354.84644,0,1897.9408,0,1,0.8,50.7632065,70,449.9763,0,479937.7734375,8239.4920043945312,-1951.2098388671875
248.10000000000002,e1008,1354.84644,0,1897.9408,0,1,0.8,50.7632065,70,449.9763,0,479937.7734375,8239.5241088867187,-1951.2098388671875
248.15,e1008,1354.84644,0,1897.9408,0,1,0.8,50.7632065,70,449.9763,0,479937.7734375,8239.5556640625,-1951.2098388671875
248.20000000000002,e1008,1354.84644,0,1897.9408,0,1,0.8,50.7632065,70,449.9763,0,479937.7734375,8239.5884399414062,-1951.2098388671875
248.25,e1008,1354.84644,0,1897.9408,0,1,0.8,50.7632065,70,449.9763,0,479937.7734375,8239.6206665039062,-1951.2098388671875
248.3,e1008,1354.84644,0,1897.9408,0,1,0.8,50.7632065,70,449.9763,0,479937.7734375,8239.6522827148437,-1951.2098388671875
248.35000000000002,e1008,1354.84644,0,1897.9408,0,1,0.8,50.7632065,70,449.9763,0,479937.7734375,8239.6844482421875,-1951.2098388671875
248.4,e1008,1354.84644,0,1897.9408,0,1,0.8,50.7632065,70,449.9763,0,479937.7734375,8239.7164916992187,-1951.2098388671875
248.45000000000002,e1008,1354.84644,0,1897.9408,0,1,0.8,50.7632065,70,449.9763,0,479937.7734375,8239.7487182617187,-1951.2098388671875
248.5,e1008,1354.84644,0,1897.9408,0,1,0.8,50.7632065,70,449.9763,0,479937.7734375,8239.780517578125,-1951.2098388671875
248.55,e1008,1354.84644,0,1897.9408,0,1,0.8,50.7632065,70,449.9763,0,479937.7734375,8239.8123779296875,-1951.2098388671875
248.60000000000002,e1008,1354.84644,0,1897.9408,0,1,0.8,50.7632065,70,449.9763,0,479937.7734375,8239.8446655273437,-1951.2098388671875
248.65,e1008,1354.84644,0,1897.9408,0,1,0.8,50.7632065,70,449.9763,0,479937.7734375,8239.8768920898437,-1951.2098388671875
248.70000000000002,e1008,1354.84644,0,1897.9408,0,1,0.8,50.7632065,70,449.9763,0,479937.7734375,8239.908935546875,-1951.2098388671875
248.75,e1008,1354.84644,0,1897.9408,0,1,0.8,50.7632065,70,449.9763,0,479937.7734375,8239.9405517578125,-1951.2098388671875
248.8,e1008,1354.84644,0,1897.9408,0,1,0.8,50.7632065,70,449.9763,0,479937.7734375,8239.9724731445312,-1951.2098388671875
248.85000000000002,e1008,1354.84644,0,1897.9408,0,1,0.8,50.7632065,70,449.9763,0,479937.7734375,8240.0048217773437,-1951.2098388671875
248.9,e1008,1354.84644,0,1897.9408,0,1,0.8,50.7632065,70,449.9763,0,479937.7734375,8240.0370483398437,-1951.2098388671875
248.95000000000002,e1008,1354.84644,0,1897.9408,0,1,0.8,50.7632065,70,449.9763,0,479937.7734375,8240.0692138671875,-1951.2098388671875
249,e1008,1354.84644,0,1897.9408,0,1,0.8,50.7632065,70,449.9763,0,479937.7734375,8240.1010131835937,-1951.2098388671875
249.05,e1008,1354.84644,0,1897.9408,0,1,0.8,50.7632065,70,449.9763,0,479937.7734375,8240.133544921875,-1951.2098388671875
249.10000000000002,e1008,1354.84644,0,1897.9408,0,1,0.8,50.7632065,70,449.9763,0,479937.7734375,8240.1652221679687,-1951.2098388671875
249.15,e1008,1354.84644,0,1897.9408,0,1,0.8,50.7632065,70,449.9763,0,479937.7734375,8240.1968994140625,-1951.2098388671875
249.20000000000002,e1008,1354.84644,0,1897.9408,0,1,0.8,50.7632065,70,449.9763,0,479937.7734375,8240.2288208007812,-1951.2098388671875
249.25,e1008,1354.84644,0,1897.9408,0,1,0.8,50.7632065,70,449.9763,0,479937.7734375,8240.2611694335938,-1951.2098388671875
249.3,e1008,1354.84644,0,1897.9408,0,1,0.8,50.7632065,70,449.9763,0,479937.7734375,8240.2938842773437,-1951.2098388671875
249.35000000000002,e1008,1354.84644,0,1897.9408,0,1,0.8,50.7632065,70,449.9763,0,479937.7734375,8240.324951171875,-1951.2098388671875
249.4,e1008,1354.84644,0,1897.9408,0,1,0.8,50.7632065,70,449.9763,0,479937.7734375,8240.3572387695312,-1951.2098388671875
249.45000000000002,e1008,1354.84644,0,1897.9408,0,1,0.8,50.7632065,70,449.9763,0,479937.7734375,8240.3895874023437,-1951.2098388671875
249.5,e1008,1354.84644,0,1897.9408,0,1,0.8,50.7632065,70,449.9763,0,479937.7734375,8240.421142578125,-1951.2098388671875
249.55,e1008,1354.84644,0,1897.9408,0,1,0.8,50.7632065,70,449.9763,0,479937.7734375,8240.453369140625,-1951.2098388671875
249.60000000000002,e1008,1354.84644,0,1897.9408,0,1,0.8,50.7632065,70,449.9763,0,479937.7734375,8240.4856567382812,-1951.2098388671875
249.65,e1008,1354.84644,0,1897.9408,0,1,0.8,50.7632065,70,449.9763,0,479937.7734375,8240.5180053710937,-1951.2098388671875
249.70000000000002,e1008,1354.84644,0,1897.9408,0,1,0.8,50.7632065,70,449.9763,0,479937.7734375,8240.54931640625,-1951.2098388671875
249.75,e1008,1354.84644,0,1897.9408,0,1,0.8,50.7632065,70,449.9763,0,479937.7734375,8240.58154296875,-1951.2098388671875
249.8,e1008,1354.84644,0,1897.9408,0,1,0.8,50.7632065,70,449.9763,0,479937.7734375,8240.6134643554687,-1951.2098388671875
249.85000000000002,e1008,1354.84644,0,1897.9408,0,1,0.8,50.7632065,70,449.9763,0,479937.7734375,8240.6453857421875,-1951.2098388671875
249.9,e1008,1354.84644,0,1897.9408,0,1,0.8,50.7632065,70,449.9763,0,479937.7734375,8240.6779174804687,-1951.2098388671875
249.95000000000002,e1008,1354.84644,0,1897.9408,0,1,0.8,50.7632065,70,449.9763,0,479937.7734375,8240.709716796875,-1951.2098388671875
250,e1008,1354.84644,0,1897.9408,0,1,0.8,50.7632065,70,449.9763,0,479937.7734375,8240.7424926757812,-1951.2098388671875
